timestamp,Above 5,Above 8,Above 10,Above 15,Above 20,Above 25,Above 30,Above 35,Above 40,Above 45,Above 60,Above 75,Above 90
2024-02-22T13:32:00Z,,,,,,,,,,66.33,,,
2024-02-22T13:45:00Z,,,,,,,,,,66.33,,,12.00
2024-02-22T15:03:00Z,,,,,,,,,,66.33,42.00,,12.00
2024-02-22T20:08:00Z,,,,,,,,,,59.40,42.00,,12.00
2024-02-22T20:09:00Z,,,,,,,,,,59.40,40.00,,12.00
2024-02-22T20:55:00Z,,,,,,,,,,59.00,37.00,,12.00
2024-02-24T15:36:00Z,,,,,,,,,,52.21,34.00,22.00,12.00
2024-02-25T18:19:00Z,,,,,,,,,,53.00,33.05,22.00,12.00
2024-02-26T22:05:00Z,,,,,,,,,,53.00,33.05,19.00,12.00
2024-03-04T01:39:00Z,,,,,,,,,,47.00,33.05,19.00,12.00
2024-03-06T20:46:00Z,,,,,,,,,,47.00,33.05,17.00,12.00
2024-03-08T21:56:00Z,,,,,,,,,,47.11,33.05,17.00,12.00
2024-03-09T15:22:00Z,,,,,,,,,,42.21,33.05,17.00,12.00
2024-03-11T17:14:00Z,,,,,,,,,,38.00,33.05,17.00,12.00
2024-03-13T12:03:00Z,,,,,,,,,,38.00,28.00,17.00,12.00
2024-03-13T19:50:00Z,,,,,,,,,,38.00,23.00,17.00,12.00
2024-03-14T03:06:00Z,,,,,,,,,,44.00,23.00,17.00,12.00
2024-03-14T17:14:00Z,,,,,,,,,,44.00,23.00,17.00,12.00
2024-03-16T03:08:00Z,,,,,,,,,,45.00,23.00,17.00,12.00
2024-03-18T00:25:00Z,,,,,,,,,,45.00,23.00,17.00,12.00
2024-03-18T20:10:00Z,,,,,,,,,,45.00,23.00,12.00,12.00
2024-03-19T13:04:00Z,,,,,,,,,,46.00,23.00,12.00,12.00
2024-03-19T18:21:00Z,,,,,,,,,,46.00,23.00,12.00,12.00
2024-03-20T21:15:00Z,,,,,,,,,,44.00,23.00,12.00,12.00
2024-03-20T23:43:00Z,,,,,,,,,,44.00,23.00,12.00,12.00
2024-03-21T17:47:00Z,,,,,,,,,,37.47,23.00,12.00,12.00
2024-03-24T16:53:00Z,,,,,,,,,,37.47,23.00,10.00,12.00
2024-03-24T18:36:00Z,,,,,,,,,,37.47,26.00,10.00,12.00
2024-03-25T13:26:00Z,,,,,,,,,,36.00,26.00,10.00,12.00
2024-03-25T17:11:00Z,,,,,,,,,,36.00,26.00,14.00,12.00
2024-03-26T03:04:00Z,,,,,,,,,,38.00,26.00,14.00,12.00
2024-03-26T03:25:00Z,,,,,,,,,,34.00,26.00,14.00,12.00
2024-03-26T03:29:00Z,,,,,,,,,,34.00,26.00,14.00,12.00
2024-03-26T16:39:00Z,,,,,,,,,,38.00,26.00,14.00,12.00
2024-03-27T00:07:00Z,,,,,,,,,,38.00,26.00,14.00,12.00
2024-03-28T01:10:00Z,,,,,,,,,,38.00,26.00,14.00,12.00
2024-03-28T13:51:00Z,,,,,,,,,,39.00,26.00,14.00,12.00
2024-04-05T13:50:00Z,,,,,,,,,,39.00,26.00,14.00,12.00
2024-04-11T17:22:00Z,,,,,,,,,,39.00,28.00,14.00,12.00
2024-04-12T20:29:00Z,,,,,,,,,,39.00,27.00,14.00,12.00
2024-04-13T20:58:00Z,,,,,,,,,,39.00,27.43,14.00,12.00
2024-04-15T01:41:00Z,,,,,,,,,,39.00,28.00,14.00,12.00
2024-04-18T03:32:00Z,,,,,,,,,,39.00,28.00,14.00,12.00
2024-04-18T15:17:00Z,,,,,,,,,,39.00,29.26,14.00,12.00
2024-04-18T16:45:00Z,,,,,,,,,,39.00,29.00,14.00,12.00
2024-04-19T22:07:00Z,,,,,,,,,,39.00,27.81,14.00,12.00
2024-04-20T14:36:00Z,,,,,,,,,,39.00,33.00,14.00,12.00
2024-04-20T19:01:00Z,,,,,,,,,,39.00,28.55,14.00,12.00
2024-04-22T14:26:00Z,,,,,,,,,,39.00,31.66,14.00,12.00
2024-04-22T14:59:00Z,,,,,,,,,,44.00,31.66,14.00,12.00
2024-04-22T18:27:00Z,,,,,,,,,,44.00,28.00,14.00,12.00
2024-04-22T18:50:00Z,,,,,,,,,,47.00,28.00,14.00,12.00
2024-04-23T16:05:00Z,,,,,,,,,,47.00,28.00,14.00,12.00
2024-04-26T17:31:00Z,,,,,,,,,,47.00,33.32,14.00,12.00
2024-04-27T03:02:00Z,,,,,,,,,,47.00,34.00,14.00,12.00
2024-04-28T18:30:00Z,,,,,,,,,,55.00,34.00,14.00,12.00
2024-04-30T13:47:00Z,,,,,,,,,,55.00,35.00,14.00,12.00
2024-05-03T00:34:00Z,,,,,,,,,,55.00,35.00,16.00,5.00
2024-05-03T16:42:00Z,,,,,,,,,,55.00,35.00,16.00,5.00
2024-05-04T01:32:00Z,,,,,,,,,,55.00,35.00,15.00,5.00
2024-05-04T23:15:00Z,,,,,,,,,,55.00,38.00,15.00,5.00
2024-05-05T15:02:00Z,,,,,,,,,,55.00,37.00,15.00,5.00
2024-05-06T16:33:00Z,,,,,,,,,,55.00,37.00,16.00,5.00
2024-05-06T18:32:00Z,,,,,,,,,,55.00,37.00,16.00,5.00
2024-05-07T13:08:00Z,,,,,,,,,,55.00,39.16,16.00,5.00
2024-05-08T19:49:00Z,,,,,,,,,,55.00,40.00,16.00,5.00
2024-05-09T14:11:00Z,,,,,,,,,,55.00,36.00,16.00,5.00
2024-05-09T18:56:00Z,,,,,,,,,,55.00,43.00,16.00,5.00
2024-05-10T18:43:00Z,,,,,,,,,,55.00,43.00,16.00,5.00
2024-05-11T16:54:00Z,,,,,,,,,,55.00,39.20,16.00,5.00
2024-05-13T00:32:00Z,,,,,,,,,,55.00,39.20,17.00,5.00
2024-05-13T15:34:00Z,,,,,,,,,,55.00,39.20,21.00,5.00
2024-05-13T17:11:00Z,,,,,,,,,,55.00,39.20,18.00,5.00
2024-05-13T19:49:00Z,,,,,,,,,,55.00,40.00,18.00,5.00
2024-05-14T02:11:00Z,,,,,,,,,,55.00,40.00,18.00,5.00
2024-05-14T02:52:00Z,,,,,,,,,,55.00,43.90,18.00,5.00
2024-05-14T12:12:00Z,,,,,,,,,,55.00,43.90,18.00,5.00
2024-05-14T23:57:00Z,,,,,,,,,,55.00,43.90,16.00,5.00
2024-05-15T02:13:00Z,,,,,,,,,,55.00,43.90,16.00,5.00
2024-05-15T14:02:00Z,,,,,,,,,,56.00,43.90,16.00,5.00
2024-05-15T14:03:00Z,,,,,,,,,,53.44,43.90,16.00,5.00
2024-05-15T15:27:00Z,,,,,,,,,,53.44,35.00,16.00,5.00
2024-05-15T16:12:00Z,,,,,,,,,,50.00,35.00,16.00,5.00
2024-05-15T17:06:00Z,,,,,,,,,,50.00,35.00,15.00,5.00
2024-05-17T15:52:00Z,,,,,,,,,,50.00,35.00,15.00,3.00
2024-05-17T23:54:00Z,,,,,,,,,,50.00,35.00,20.00,3.00
2024-05-18T20:47:00Z,,,,,,,,,,50.00,35.00,20.00,3.00
2024-05-21T22:07:00Z,,,,,,,,,,50.00,38.58,20.00,3.00
2024-05-23T12:40:00Z,,,,,,,,,,50.00,38.58,20.00,8.00
2024-05-27T15:23:00Z,,,,,,,,,,50.00,38.58,20.00,8.00
2024-05-27T16:55:00Z,,,,,,,,,,50.00,39.00,20.00,8.00
2024-05-27T17:29:00Z,,,,,,,,,,50.00,36.00,20.00,8.00
2024-05-28T21:31:00Z,,,,,,,,,,50.00,38.58,20.00,8.00
2024-05-30T13:44:00Z,,,,,,,,,,50.00,38.58,20.00,3.90
2024-06-02T20:32:00Z,,,,,,,,,,50.00,35.00,20.00,3.90
2024-06-04T18:33:00Z,,,,,,,,,,50.00,35.00,15.65,3.90
2024-06-04T20:54:00Z,,,,,,,,,,50.00,38.00,15.65,3.90
2024-06-09T01:47:00Z,,,,,,,,,,50.00,38.00,9.00,3.90
2024-06-11T17:13:00Z,,,,,,,,,,50.00,38.00,13.00,3.90
2024-06-12T22:07:00Z,,,,,,,,,,32.00,38.00,13.00,3.90
2024-06-13T17:13:00Z,,,,,,,,,,32.00,25.00,13.00,3.90
2024-06-16T01:52:00Z,,,,,,,,51.00,,32.00,25.00,13.00,3.90
2024-06-16T16:12:00Z,,,,,,,,51.00,,36.00,25.00,13.00,3.90
2024-06-18T16:23:00Z,,,,,,,,51.00,,32.00,25.00,13.00,3.90
2024-06-19T17:22:00Z,,,,,,,,51.00,,32.00,20.00,13.00,3.90
2024-06-19T22:13:00Z,,,,,,68.00,,51.00,,32.00,20.00,13.00,3.90
2024-06-20T21:59:00Z,,,,,,72.00,,51.00,,32.00,20.00,13.00,3.90
2024-06-21T16:17:00Z,,,,,,72.00,,51.00,,36.00,20.00,13.00,3.90
2024-06-22T21:41:00Z,,,,,,72.00,,51.00,,36.00,20.00,13.00,3.90
2024-06-24T03:02:00Z,,,,,,72.00,,51.00,,36.00,26.00,13.00,3.90
2024-06-24T21:40:00Z,,,,,,72.00,,51.00,,36.00,22.00,13.00,3.90
2024-06-24T22:34:00Z,,,,,,72.00,,51.00,,36.00,20.00,13.00,3.90
2024-06-25T02:15:00Z,,,,,,72.00,,51.00,,36.00,26.00,13.00,3.90
2024-06-25T02:22:00Z,,,,,,72.00,,51.00,,36.00,26.00,13.00,3.90
2024-06-25T02:24:00Z,,,,,,68.00,,51.00,,36.00,21.00,13.00,3.90
2024-06-25T03:51:00Z,,,,,,68.00,,51.00,,36.00,26.00,13.00,3.90
2024-06-25T13:41:00Z,,,,,,68.00,,51.00,,36.00,26.00,13.00,3.90
2024-06-26T00:43:00Z,,,,,,68.00,,51.00,,36.00,26.00,13.00,3.90
2024-06-26T01:24:00Z,,,,,,68.00,,51.00,,36.00,22.00,13.00,3.90
2024-06-26T21:27:00Z,,,,,,68.00,,51.00,,32.00,22.00,13.00,3.90
2024-06-27T19:22:00Z,,,,,,68.00,,51.00,,32.00,26.00,13.00,3.90
2024-06-28T16:39:00Z,,,,,,68.00,,51.00,,36.00,26.00,13.00,3.90
2024-06-28T21:12:00Z,,,,,,68.00,,51.00,,36.00,26.00,13.00,3.90
2024-06-29T17:06:00Z,,,,,,68.00,,51.00,,36.00,26.00,13.00,3.90
2024-06-29T22:09:00Z,,,,,,68.00,,51.00,,36.00,26.00,13.00,3.90
2024-07-01T17:23:00Z,,,,,,68.00,,51.00,,36.00,26.00,13.00,3.90
2024-07-01T17:28:00Z,,,,,,68.00,,51.00,,36.00,28.00,13.00,3.90
2024-07-01T21:30:00Z,,,,,,68.00,,51.00,,36.00,28.00,13.00,3.90
2024-07-02T03:06:00Z,,,,,,68.00,,51.00,,36.00,28.00,13.00,3.90
2024-07-02T03:39:00Z,,,,,,68.00,,51.00,,36.00,25.00,13.00,3.90
2024-07-02T12:14:00Z,,,,,,68.00,,51.00,,36.00,27.00,13.00,3.90
2024-07-02T19:16:00Z,,,,,,65.66,,51.00,,36.00,27.00,13.00,3.90
2024-07-02T21:56:00Z,,,,,,72.00,,51.00,,36.00,27.00,13.00,3.90
2024-07-03T02:36:00Z,,,,,,72.00,,51.00,,36.00,25.00,13.00,3.90
2024-07-03T20:15:00Z,,,,,,72.00,,51.00,,36.00,21.00,13.00,3.90
2024-07-05T18:14:00Z,,,,86.00,,72.00,,51.00,,36.00,21.00,13.00,3.90
2024-07-06T13:30:00Z,,,,86.00,,72.00,,51.00,,36.00,25.90,13.00,3.90
2024-07-07T22:31:00Z,,,,86.00,,72.00,,51.00,,36.00,21.00,13.00,3.90
2024-07-08T13:14:00Z,,,,86.00,,72.00,,51.00,,36.00,21.00,9.00,3.90
2024-07-08T23:13:00Z,,,,86.00,,72.00,,51.00,,37.00,21.00,9.00,3.90
2024-07-09T02:44:00Z,,,,86.00,,72.00,,51.00,,37.00,23.00,9.00,3.90
2024-07-09T13:15:00Z,,,,86.00,,72.00,,51.00,,37.00,23.00,9.00,3.90
2024-07-09T17:50:00Z,,,,86.00,,72.00,,51.00,,37.00,25.00,9.00,3.90
2024-07-09T19:07:00Z,,,,86.00,,72.00,,51.00,,37.00,21.25,9.00,3.90
2024-07-10T03:04:00Z,,,,86.00,,72.00,,51.00,,37.00,25.00,9.00,3.90
2024-07-10T14:32:00Z,,,,86.00,,72.00,,47.00,,37.00,25.00,9.00,3.90
2024-07-11T03:59:00Z,,,,86.00,,72.00,,47.00,,37.00,25.00,9.00,3.90
2024-07-11T12:44:00Z,,,,86.00,,72.00,,47.00,,37.00,25.00,13.00,3.90
2024-07-11T13:22:00Z,,,,86.00,,72.00,,47.00,,36.00,25.00,13.00,3.90
2024-07-11T13:24:00Z,,,,86.00,,72.00,,47.00,,36.00,25.00,13.00,3.90
2024-07-11T16:34:00Z,,,,86.00,,72.00,,47.00,,36.00,22.00,13.00,3.90
2024-07-11T17:35:00Z,,,,82.49,,72.00,,47.00,,36.00,22.00,13.00,3.90
2024-07-11T17:36:00Z,,,,82.49,,67.00,,47.00,,36.00,22.00,13.00,3.90
2024-07-11T18:23:00Z,,,,82.49,,67.00,,51.00,,36.00,22.00,13.00,3.90
2024-07-11T21:15:00Z,,,,82.49,,67.00,,51.00,,36.00,22.00,13.00,3.90
2024-07-11T21:38:00Z,,,,82.49,,67.00,,51.00,,36.00,20.00,13.00,3.90
2024-07-12T13:15:00Z,,,,82.49,,67.00,,51.00,,36.00,20.00,13.00,3.90
2024-07-12T16:04:00Z,,,,82.49,,67.00,,51.00,,36.00,25.00,13.00,3.90
2024-07-13T00:29:00Z,,,,82.49,,67.00,,51.00,,31.69,25.00,13.00,3.90
2024-07-15T03:14:00Z,,,,82.49,,67.00,,51.00,,31.69,25.00,13.00,3.90
2024-07-15T03:36:00Z,,,,82.49,,67.00,,51.00,,31.69,25.00,14.00,3.90
2024-07-16T02:32:00Z,,,,82.49,,67.00,,51.00,,36.00,25.00,14.00,3.90
2024-07-16T14:07:00Z,,,,82.49,,67.00,,51.00,,36.00,25.00,9.00,3.90
2024-07-16T20:12:00Z,,,,82.49,,67.00,,51.00,,36.00,25.00,9.00,3.90
2024-07-17T01:00:00Z,,,,82.49,,67.00,,51.00,,36.00,25.00,12.43,3.90
2024-07-17T13:36:00Z,,,,82.49,,67.00,,51.00,,36.00,25.00,12.43,3.90
2024-07-18T20:29:00Z,,,,82.49,,67.00,,47.00,,36.00,25.00,12.43,3.90
2024-07-19T14:09:00Z,,,,82.49,,67.00,,47.00,,36.00,25.00,9.00,3.90
2024-07-19T18:59:00Z,,,,82.49,,67.00,,46.00,,36.00,25.00,9.00,3.90
2024-07-19T19:18:00Z,93.00,,,82.00,,67.00,,46.00,,36.00,25.00,9.00,3.90
2024-07-19T19:19:00Z,93.00,,,82.00,,67.00,,46.00,,28.00,25.00,9.00,3.90
2024-07-19T23:37:00Z,93.00,,,82.00,,67.00,,46.00,,30.00,25.00,9.00,3.90
2024-07-20T00:14:00Z,93.00,,,82.00,,67.00,,46.00,,26.00,25.00,9.00,3.90
2024-07-20T13:32:00Z,93.00,,,82.00,,67.00,,46.00,,26.00,17.00,9.00,3.90
2024-07-20T13:33:00Z,93.00,,,82.00,,67.00,,46.00,,25.00,17.00,9.00,3.90
2024-07-20T15:04:00Z,93.00,,,82.00,,67.00,,46.00,,25.00,21.00,9.00,3.90
2024-07-20T15:22:00Z,93.00,,,82.00,,67.00,,46.00,,25.00,21.00,9.00,3.90
2024-07-20T15:23:00Z,93.00,,,82.00,,67.00,,46.00,,25.00,21.00,9.00,3.90
2024-07-20T16:56:00Z,93.00,,,82.00,,67.00,,46.00,,25.00,23.00,9.00,3.90
2024-07-20T18:44:00Z,93.00,,,82.00,,67.00,,46.00,,25.00,23.00,9.00,3.90
2024-07-20T23:40:00Z,93.00,,,82.00,,67.00,,46.00,,25.00,23.00,9.00,3.90
2024-07-22T15:52:00Z,93.00,,,82.00,,67.00,,46.00,,28.00,23.00,9.00,3.90
2024-07-22T15:54:00Z,93.00,,,82.00,,67.00,,46.00,,28.00,23.00,9.00,3.90
2024-07-22T18:21:00Z,93.00,,,82.00,,67.00,,46.00,,28.00,23.00,9.00,3.90
2024-07-22T19:13:00Z,91.00,,,77.50,,67.00,,46.00,,25.00,23.00,9.00,3.90
2024-07-22T20:29:00Z,91.00,,,77.50,,67.00,,46.00,,28.00,23.00,9.00,3.90
2024-07-22T21:37:00Z,91.00,,,77.50,,67.00,,46.00,,28.00,23.00,11.00,3.90
2024-07-22T22:19:00Z,91.00,,,77.50,,67.00,,46.00,,28.00,20.00,11.00,3.90
2024-07-23T00:56:00Z,91.00,,,77.50,,67.00,,46.00,,28.00,20.00,6.00,3.90
2024-07-23T03:47:00Z,91.00,,,77.50,,67.00,,46.00,,28.00,20.00,5.00,3.90
2024-07-23T18:54:00Z,91.00,,,77.50,,67.00,,46.00,,28.00,16.00,5.00,3.90
2024-07-23T18:55:00Z,91.00,,,77.50,,67.00,,46.00,,28.00,14.00,5.00,3.90
2024-07-23T20:38:00Z,91.00,,,77.50,,64.00,,46.00,,28.00,14.00,5.00,3.90
2024-07-23T20:59:00Z,91.00,,,77.50,,64.00,,46.00,,28.00,14.00,5.00,3.90
2024-07-23T23:19:00Z,91.00,,,77.50,,64.00,,46.00,,28.00,14.00,5.00,3.90
2024-07-24T02:41:00Z,91.00,,,77.50,,64.00,,46.00,,28.00,14.00,5.00,3.90
2024-07-24T02:53:00Z,91.00,,,77.50,,64.00,,46.00,,28.00,14.00,5.00,3.90
2024-07-24T17:02:00Z,91.00,,,77.50,,64.00,,46.00,,28.00,14.00,5.00,3.90
2024-07-24T23:08:00Z,91.00,,,77.50,,64.00,,46.00,,28.00,20.00,5.00,3.90
2024-07-24T23:39:00Z,91.00,,,77.50,,64.00,,46.00,,28.00,20.00,5.00,3.90
2024-07-25T18:47:00Z,91.00,,,77.50,,58.59,,46.00,,28.00,20.00,5.00,3.90
2024-07-25T20:41:00Z,91.00,,,77.50,,58.59,,46.00,,28.00,20.00,10.00,3.90
2024-07-25T21:22:00Z,91.00,,,77.50,,58.59,,46.00,,28.00,20.00,10.00,3.90
2024-07-25T23:56:00Z,91.00,,,77.50,,58.59,,46.00,,28.00,20.00,10.00,3.90
2024-07-26T00:11:00Z,91.00,,,77.50,,58.59,,46.00,,28.00,20.00,10.00,3.90
2024-07-26T00:30:00Z,91.00,,,77.50,,58.59,,46.00,,28.00,19.52,10.00,3.90
2024-07-26T17:04:00Z,91.00,,,77.50,,58.59,,46.00,,28.00,15.00,10.00,3.90
2024-07-26T22:57:00Z,91.00,,,77.50,,58.59,,46.00,,28.00,15.00,10.00,3.90
2024-07-26T23:38:00Z,91.00,,,77.50,,63.00,,46.00,,28.00,15.00,10.00,3.90
2024-07-27T00:32:00Z,91.00,,,77.50,,63.00,,46.00,,28.00,15.00,8.00,3.90
2024-07-27T01:34:00Z,91.00,,,77.50,,63.00,,46.00,,28.00,19.00,8.00,3.90
2024-07-27T16:22:00Z,91.00,,,77.50,,63.00,,46.00,,28.00,19.00,6.00,3.90
2024-07-27T16:46:00Z,91.00,,,77.50,,63.00,,46.00,,28.00,19.00,6.00,3.90
2024-07-27T17:25:00Z,91.00,,,77.50,,63.00,,46.00,,28.00,15.00,6.00,3.90
2024-07-27T20:09:00Z,91.00,,,77.50,,63.00,,46.00,,28.00,15.00,6.00,3.90
2024-07-28T18:24:00Z,91.00,,,77.50,,63.00,,46.00,,28.00,19.00,6.00,3.90
2024-07-28T18:59:00Z,91.00,,,77.50,,63.00,,44.00,,28.00,19.00,6.00,3.90
2024-07-28T19:02:00Z,91.00,,,77.50,,72.00,,44.00,,28.00,19.00,6.00,3.90
2024-07-28T21:22:00Z,91.00,,,77.50,,72.00,,44.00,,28.00,19.82,6.00,3.90
2024-07-28T21:33:00Z,91.00,,,77.50,,72.00,,44.00,,28.00,21.00,6.00,3.90
2024-07-29T01:19:00Z,91.00,,,77.00,,72.00,,44.00,,28.00,21.00,6.00,3.90
2024-07-29T13:06:00Z,91.00,,,77.00,,72.00,,44.00,,28.00,15.00,6.00,3.90
2024-07-29T17:13:00Z,91.00,,,77.00,,72.00,,44.00,,28.00,15.00,6.00,3.90
2024-07-29T17:15:00Z,91.00,,,77.00,,72.00,,44.00,,28.00,11.00,6.00,3.90
2024-07-29T17:22:00Z,91.00,,,77.00,,57.00,,44.00,,28.00,11.00,6.00,3.90
2024-07-29T17:25:00Z,91.00,,,80.00,,57.00,,44.00,,28.00,11.00,6.00,3.90
2024-07-29T17:38:00Z,91.00,,,80.00,,57.00,,44.00,,28.00,11.00,6.00,3.90
2024-07-29T17:54:00Z,91.00,,,80.00,,63.00,,44.00,,28.00,11.00,6.00,3.90
2024-07-29T17:56:00Z,91.00,,,80.00,,63.00,,44.00,,28.00,9.00,6.00,3.90
2024-07-29T18:55:00Z,91.00,,,80.00,,63.00,,44.00,,28.00,9.00,6.00,1.00
2024-07-29T20:07:00Z,91.00,,,80.00,,63.00,,44.00,,28.00,9.00,6.00,1.00
2024-07-29T20:52:00Z,91.00,,,74.85,,63.00,,44.00,,28.00,9.00,6.00,1.00
2024-07-29T21:42:00Z,91.00,,,74.85,,63.00,,44.00,,28.00,8.88,6.00,1.00
2024-07-29T21:55:00Z,92.00,,,74.85,,63.00,,44.00,,28.00,8.88,6.00,1.00
2024-07-30T00:31:00Z,92.00,,,74.85,,63.00,,39.00,,28.00,8.88,6.00,1.00
2024-07-30T02:58:00Z,92.00,,,74.85,,63.00,,39.00,,28.00,10.09,6.00,1.00
2024-07-30T02:59:00Z,92.00,,,74.85,,63.00,,39.00,,28.00,10.00,6.00,1.00
2024-07-30T03:58:00Z,92.00,,,74.85,,58.00,,39.00,,28.00,10.00,6.00,1.00
2024-07-30T14:13:00Z,92.00,,,74.85,,58.00,,39.00,,28.00,10.00,6.00,1.00
2024-07-30T20:29:00Z,92.00,,,74.85,,58.00,,39.00,,28.00,10.00,5.00,1.00
2024-07-30T23:17:00Z,92.00,,,74.85,,58.00,,39.00,,28.00,10.12,5.00,1.00
2024-07-30T23:47:00Z,92.00,,,74.85,,58.00,,39.00,,28.00,14.71,5.00,1.00
2024-07-30T23:52:00Z,92.00,,,74.85,,58.00,,39.00,,28.00,17.09,5.00,1.00
2024-07-30T23:53:00Z,92.00,,,74.85,,58.00,,39.00,,22.00,17.09,5.00,1.00
2024-07-30T23:59:00Z,92.00,,,74.85,,58.00,,39.00,,22.00,19.00,5.00,1.00
2024-07-31T00:02:00Z,92.00,,,74.85,,58.00,,39.00,,22.00,20.14,5.00,1.00
2024-07-31T00:03:00Z,92.00,,,74.85,,58.00,,39.00,,22.00,21.47,5.00,1.00
2024-07-31T00:06:00Z,92.00,,,74.85,,58.00,,39.00,,28.00,21.47,5.00,1.00
2024-07-31T00:18:00Z,92.00,,,74.85,,58.00,,39.00,,28.00,24.65,5.00,1.00
2024-07-31T01:21:00Z,92.00,,,74.85,,58.00,,39.00,,28.00,21.60,5.00,1.00
2024-07-31T02:27:00Z,92.00,,,74.85,,58.00,,39.00,,28.00,21.00,5.00,1.00
2024-07-31T02:34:00Z,92.00,,,74.85,,58.00,,45.00,,28.00,21.00,5.00,1.00
2024-07-31T03:30:00Z,92.00,,,74.85,,58.00,,45.00,,28.00,23.74,5.00,1.00
2024-07-31T03:40:00Z,92.00,,,74.85,,58.00,,45.00,,28.00,26.00,5.00,1.00
2024-07-31T12:17:00Z,92.00,,,74.85,,58.00,,45.00,,28.00,20.00,5.00,1.00
2024-07-31T18:35:00Z,92.00,,,74.85,,58.00,,45.00,,28.00,28.00,5.00,1.00
2024-07-31T18:42:00Z,92.00,,,74.85,,58.00,,45.00,,28.00,28.00,5.00,1.00
2024-07-31T20:32:00Z,92.00,,,74.85,,58.00,,45.00,,31.00,35.00,5.00,1.00
2024-07-31T21:40:00Z,92.00,,,74.85,,58.00,,45.00,,31.00,20.00,5.00,1.00
2024-07-31T21:45:00Z,92.00,,,74.85,,58.00,,45.00,,31.00,20.00,5.00,1.00
2024-07-31T22:39:00Z,92.00,,,74.85,,58.00,,45.00,,31.00,35.00,5.00,1.00
2024-07-31T22:46:00Z,92.00,,,74.85,,58.00,,45.00,,31.00,35.00,5.00,1.00
2024-08-01T00:19:00Z,92.00,,,74.85,,58.00,,45.00,,31.00,35.00,5.00,1.00
2024-08-01T02:47:00Z,92.00,,,74.85,,58.00,,48.00,,31.00,35.00,5.00,1.00
2024-08-01T03:13:00Z,92.00,,,74.85,,58.00,,51.00,,31.00,35.00,5.00,1.00
2024-08-01T15:19:00Z,92.00,,,74.85,,58.00,,51.00,,31.00,35.00,5.00,1.00
2024-08-01T16:48:00Z,92.00,,,74.85,,58.00,,51.00,,31.00,27.00,5.00,1.00
2024-08-01T17:50:00Z,92.00,,,74.85,,58.00,,51.00,,31.00,27.00,5.00,1.00
2024-08-01T18:59:00Z,92.00,,,74.85,,58.00,,51.00,,31.00,20.00,5.00,1.00
2024-08-01T19:35:00Z,92.00,,,74.85,,58.00,,51.00,,31.00,20.00,5.00,1.00
2024-08-01T21:56:00Z,92.00,,,74.85,,58.00,,51.00,,31.00,20.00,4.00,1.00
2024-08-02T01:12:00Z,92.00,,,74.85,,58.00,,51.00,,31.00,14.57,4.00,1.00
2024-08-02T01:16:00Z,92.00,,,74.85,,58.00,,48.00,,31.00,14.57,4.00,1.00
2024-08-02T01:18:00Z,92.00,,,74.85,,58.00,,48.00,,31.00,14.57,4.00,1.00
2024-08-02T12:21:00Z,92.00,,,74.85,,58.00,,48.00,,31.00,23.00,4.00,1.00
2024-08-02T12:22:00Z,92.00,,,74.85,,58.00,,48.00,,31.00,23.00,7.00,1.00
2024-08-02T12:50:00Z,92.00,,,74.85,,58.00,,48.00,,31.00,17.48,7.00,1.00
2024-08-02T12:57:00Z,92.00,,,74.85,,58.00,,48.00,,29.75,17.48,7.00,1.00
2024-08-02T16:25:00Z,92.00,,,74.85,,58.00,,48.00,,29.75,21.53,7.00,1.00
2024-08-02T17:54:00Z,92.00,,,74.85,,58.00,,48.00,,34.00,21.53,7.00,1.00
2024-08-02T17:58:00Z,92.00,,,74.85,,58.00,,48.00,,34.00,21.53,7.00,1.00
2024-08-02T18:40:00Z,92.00,,,74.85,,58.00,,48.00,,34.00,26.00,7.00,1.00
2024-08-02T21:06:00Z,92.00,,,74.85,,58.00,,48.00,,34.00,10.00,7.00,1.00
2024-08-02T22:27:00Z,92.00,,,74.85,,58.00,,48.00,,34.00,10.00,7.22,1.00
2024-08-02T23:20:00Z,92.00,,,74.85,,58.00,,48.00,,34.00,19.00,7.22,1.00
2024-08-02T23:35:00Z,92.00,,,74.85,,58.00,,48.00,,34.00,23.00,7.22,1.00
2024-08-03T00:01:00Z,92.00,,,74.85,,58.00,,51.00,,34.00,23.00,7.22,1.00
2024-08-03T03:54:00Z,92.00,,,74.85,,58.00,,51.00,,34.00,13.05,7.22,1.00
2024-08-03T14:49:00Z,92.00,,,74.85,,58.00,,51.00,,34.00,15.20,7.22,1.00
2024-08-03T15:42:00Z,92.00,,,74.85,,58.00,,51.00,,25.00,15.20,7.22,1.00
2024-08-03T16:05:00Z,92.00,,,74.85,,58.00,,51.00,,25.00,20.06,7.22,1.00
2024-08-03T16:35:00Z,92.00,,,84.00,,58.00,,51.00,,25.00,20.06,7.22,1.00
2024-08-03T16:47:00Z,92.00,,,84.00,,58.00,,51.00,,28.00,20.06,7.22,1.00
2024-08-03T19:20:00Z,92.00,,,84.00,,58.00,,46.96,,28.00,20.06,7.22,1.00
2024-08-03T20:00:00Z,92.00,,,84.00,,58.00,,46.96,,28.00,22.00,7.22,1.00
2024-08-03T20:09:00Z,92.00,,,83.00,,58.00,,46.96,,28.00,22.00,7.22,1.00
2024-08-03T22:53:00Z,92.00,,,83.00,,58.00,,46.96,,28.00,19.00,7.22,1.00
2024-08-03T23:25:00Z,92.00,,,83.00,,58.00,,46.96,,28.00,19.00,7.22,1.00
2024-08-04T00:56:00Z,92.00,,,83.00,,58.00,,44.70,,28.00,19.00,7.22,1.00
2024-08-04T16:45:00Z,92.00,,,83.00,,58.00,,44.70,,28.00,19.00,7.22,1.00
2024-08-04T17:13:00Z,92.00,,,83.00,,58.00,,44.70,,28.00,16.00,7.22,1.00
2024-08-04T20:28:00Z,92.00,,,83.00,,58.00,,44.70,,28.00,21.81,7.22,1.00
2024-08-04T22:52:00Z,92.00,,,83.00,,58.00,,46.00,,28.00,21.81,7.22,1.00
2024-08-05T00:38:00Z,92.00,,,83.00,,58.00,,46.00,,28.00,20.00,7.22,1.00
2024-08-05T00:43:00Z,92.00,,,83.00,,58.00,,46.00,,28.00,20.00,7.22,1.00
2024-08-05T02:48:00Z,92.00,,,83.00,,58.00,,46.00,,28.00,20.00,7.22,1.00
2024-08-05T03:48:00Z,92.00,,,83.00,,58.00,,46.00,,30.00,20.00,7.22,1.00
2024-08-05T12:09:00Z,92.00,,,83.00,,58.00,,46.00,,30.00,20.00,7.22,1.00
2024-08-05T12:35:00Z,92.00,,,83.00,,58.00,,46.00,,30.00,16.00,7.22,1.00
2024-08-05T12:37:00Z,92.00,,,83.00,,58.00,,46.00,,30.00,16.00,7.22,1.00
2024-08-05T13:41:00Z,92.00,,,83.00,,58.00,,46.00,,30.00,19.94,7.22,1.00
2024-08-05T13:47:00Z,92.00,,,83.00,,58.00,,45.00,,30.00,19.94,7.22,1.00
2024-08-05T14:03:00Z,92.00,,,83.00,,58.00,,41.00,,25.30,19.94,7.22,1.00
2024-08-05T14:04:00Z,92.00,,,83.00,,58.00,45.00,41.00,,25.30,19.94,7.22,1.00
2024-08-05T14:33:00Z,92.00,,,86.00,,58.00,45.00,41.00,,25.30,19.94,7.22,1.00
2024-08-05T14:47:00Z,92.00,,,86.00,,58.00,45.00,41.00,,22.53,19.94,7.22,1.00
2024-08-05T15:17:00Z,92.00,,,86.00,,58.00,45.00,41.00,,22.53,19.00,7.22,1.00
2024-08-05T15:20:00Z,92.00,,,86.00,,58.00,45.00,41.00,,22.53,19.00,6.00,1.00
2024-08-05T15:21:00Z,96.00,,,86.00,,58.00,45.00,41.00,,22.53,19.00,6.00,1.00
2024-08-05T15:22:00Z,96.00,,,85.00,,58.00,45.00,41.00,,22.53,19.00,6.00,1.00
2024-08-05T15:46:00Z,96.00,,,87.00,,58.00,45.00,41.00,,22.53,19.00,6.00,1.00
2024-08-05T16:06:00Z,96.00,,,84.00,,58.00,45.00,41.00,,22.53,19.00,6.00,1.00
2024-08-05T16:07:00Z,96.00,,,86.00,77.00,58.00,45.00,41.00,,22.53,19.00,6.00,1.00
2024-08-05T16:20:00Z,96.00,,,87.00,77.00,58.00,45.00,41.00,,22.53,19.00,6.00,1.00
2024-08-05T17:02:00Z,96.00,,,87.00,78.00,58.00,45.00,41.00,,22.53,19.00,6.00,1.00
2024-08-05T17:36:00Z,96.00,,,81.79,78.00,58.00,45.00,41.00,,22.53,19.00,6.00,1.00
2024-08-05T17:37:00Z,96.00,,,81.79,74.00,58.00,45.00,40.25,,22.53,19.00,6.00,1.00
2024-08-05T17:44:00Z,96.00,,,81.79,74.00,58.00,45.00,40.25,,22.53,12.00,6.00,1.00
2024-08-05T17:58:00Z,96.00,,,81.79,74.00,58.00,45.00,40.25,,22.53,10.00,6.00,1.00
2024-08-05T18:09:00Z,96.00,,,81.79,74.00,58.00,45.00,40.25,,22.53,10.00,6.00,1.00
2024-08-05T18:10:00Z,96.30,,,81.79,74.00,58.00,45.00,40.25,,22.53,10.00,6.00,1.00
2024-08-05T18:13:00Z,96.30,,,81.79,74.00,58.00,45.00,40.25,,22.53,10.00,6.00,1.00
2024-08-05T18:42:00Z,96.30,,,81.79,77.00,58.00,45.00,40.25,,22.53,10.00,6.00,1.00
2024-08-05T18:45:00Z,96.30,,,81.79,77.00,58.00,45.00,40.25,,22.53,11.00,6.00,1.00
2024-08-05T18:47:00Z,96.30,,,86.00,77.00,58.00,45.00,40.25,,22.53,11.00,6.00,1.00
2024-08-05T19:45:00Z,96.30,,,86.00,77.00,58.00,45.00,40.25,,22.53,18.00,6.00,1.00
2024-08-05T19:46:00Z,96.30,,,86.00,77.00,58.00,45.00,40.25,,22.53,18.82,6.00,1.00
2024-08-05T19:54:00Z,96.30,,,86.00,77.00,58.00,45.00,40.25,,22.53,18.82,6.00,1.00
2024-08-05T19:59:00Z,96.30,,,86.00,77.00,58.00,45.00,40.25,,22.53,19.00,6.00,1.00
2024-08-05T20:15:00Z,99.00,,,86.00,77.00,58.00,45.00,40.25,,22.53,19.00,6.00,1.00
2024-08-05T20:27:00Z,99.00,,,86.00,77.00,58.00,45.00,40.25,,22.53,19.78,6.00,1.00
2024-08-05T20:52:00Z,99.00,,,86.00,77.00,58.00,45.00,41.00,,22.53,19.78,6.00,1.00
2024-08-05T21:36:00Z,99.00,,,86.00,77.00,58.00,53.44,41.00,,22.53,19.78,6.00,1.00
2024-08-05T21:51:00Z,99.00,,,80.00,77.00,58.00,53.44,41.00,,22.53,19.78,6.00,1.00
2024-08-05T21:56:00Z,96.00,,,80.00,77.00,58.00,53.44,41.00,,22.53,19.78,6.00,1.00
2024-08-05T22:09:00Z,96.00,,,80.00,77.00,58.00,45.00,41.00,,22.53,19.78,6.00,1.00
2024-08-05T22:13:00Z,96.00,,,80.00,77.00,58.00,45.00,41.00,,28.00,19.78,6.00,1.00
2024-08-05T22:24:00Z,96.00,,,80.00,75.00,58.00,45.00,41.00,,28.00,19.78,6.00,1.00
2024-08-05T22:28:00Z,96.00,,,80.00,75.00,58.00,45.00,41.00,,28.00,9.88,6.00,1.00
2024-08-05T22:29:00Z,96.00,,,80.00,72.00,58.00,45.00,41.00,,28.00,9.88,6.00,1.00
2024-08-05T23:05:00Z,96.00,,,80.00,78.48,58.00,45.00,41.00,,28.00,9.88,6.00,1.00
2024-08-05T23:31:00Z,96.00,,,80.00,78.48,58.00,45.00,41.00,,28.00,9.88,6.00,1.00
2024-08-06T02:10:00Z,96.00,,,80.00,78.48,58.00,45.00,38.00,,28.00,9.88,6.00,1.00
2024-08-06T02:12:00Z,96.00,,,80.00,78.48,58.00,45.00,38.00,,21.00,9.88,6.00,1.00
2024-08-06T02:13:00Z,96.00,,,80.00,78.48,58.00,45.00,38.00,,21.00,9.88,6.00,1.00
2024-08-06T02:14:00Z,96.00,,,80.00,78.48,58.00,45.00,38.00,,21.00,9.88,6.00,1.00
2024-08-06T02:15:00Z,96.00,,,80.00,78.48,58.00,45.00,38.00,,21.00,9.88,6.00,1.00
2024-08-06T02:50:00Z,99.00,,,80.00,78.48,58.00,45.00,38.00,,21.00,9.88,6.00,1.00
2024-08-06T12:08:00Z,99.00,,,80.00,78.48,58.00,47.00,38.00,,21.00,9.88,6.00,1.00
2024-08-06T12:28:00Z,99.00,,,80.00,78.48,58.00,47.00,38.00,,21.00,14.00,6.00,1.00
2024-08-06T14:00:00Z,99.00,,,80.00,73.00,58.00,47.00,38.00,,22.00,14.00,6.00,1.00
2024-08-06T14:02:00Z,99.00,,,80.00,73.00,58.00,49.00,38.00,,22.00,14.00,6.00,1.00
2024-08-06T14:44:00Z,99.00,,,80.00,73.00,58.00,49.00,38.00,,22.00,9.00,6.00,1.00
2024-08-06T15:05:00Z,99.00,,,80.00,73.00,58.00,49.00,45.21,,22.00,9.00,6.00,1.00
2024-08-06T15:21:00Z,99.00,,,80.00,73.00,58.00,52.00,45.21,,22.00,9.00,6.00,1.00
2024-08-06T15:55:00Z,99.00,,,87.00,73.00,58.00,52.00,45.21,,22.00,9.00,6.00,1.00
2024-08-06T16:16:00Z,99.00,,94.00,87.00,73.00,58.00,52.00,45.21,,22.00,9.00,6.00,1.00
2024-08-06T16:20:00Z,99.00,,94.00,88.93,73.00,58.00,52.00,45.21,,22.00,9.00,6.00,1.00
2024-08-06T16:35:00Z,99.00,,94.00,88.93,73.00,58.00,52.00,45.21,,22.00,14.00,6.00,1.00
2024-08-06T16:39:00Z,99.00,,94.00,88.93,73.00,58.00,52.00,45.21,31.00,22.00,14.00,6.00,1.00
2024-08-06T16:41:00Z,99.00,,94.00,88.00,73.00,58.00,52.00,45.21,31.00,22.00,14.00,6.00,1.00
2024-08-06T16:57:00Z,99.00,,93.00,86.00,73.00,58.00,52.00,45.21,31.00,22.00,14.00,6.00,1.00
2024-08-06T17:03:00Z,99.00,,93.00,86.00,73.00,58.00,52.00,45.21,31.00,22.00,14.00,6.00,1.00
2024-08-06T17:08:00Z,99.00,,93.00,86.00,73.00,58.00,52.00,45.21,31.00,22.00,14.00,6.00,1.00
2024-08-06T17:37:00Z,99.00,,93.00,86.00,73.00,58.00,52.00,45.21,31.00,22.00,14.00,5.00,1.00
2024-08-06T19:17:00Z,99.00,,93.00,86.00,73.00,58.00,52.00,45.21,31.00,22.00,11.00,5.00,1.00
2024-08-06T19:20:00Z,99.00,,93.00,86.00,73.00,58.00,52.00,45.21,31.00,22.00,9.00,5.00,1.00
2024-08-06T19:26:00Z,99.00,,93.00,86.00,73.00,58.00,52.00,47.00,31.00,22.00,9.00,5.00,1.00
2024-08-06T19:32:00Z,99.00,,93.00,86.00,73.00,58.00,52.00,47.00,31.00,27.00,11.00,5.00,1.00
2024-08-06T19:34:00Z,99.00,,96.00,86.00,73.00,58.00,55.00,47.00,31.00,27.00,11.00,5.00,1.00
2024-08-06T19:36:00Z,99.00,,97.00,86.00,73.00,58.00,55.00,47.00,31.00,27.00,11.00,5.00,1.00
2024-08-06T19:37:00Z,99.00,,97.00,92.90,73.00,58.00,55.00,47.00,31.00,27.00,11.00,5.00,1.00
2024-08-06T19:38:00Z,99.00,,97.00,94.00,73.00,58.00,55.00,47.00,31.00,27.00,11.00,5.00,1.00
2024-08-06T19:56:00Z,99.00,,97.00,94.00,73.00,58.00,55.00,49.00,31.00,27.00,11.00,5.00,1.00
2024-08-06T19:57:00Z,99.00,,97.00,97.00,73.00,58.00,55.00,49.00,31.00,27.00,11.00,5.00,1.00
2024-08-06T19:59:00Z,99.00,,97.00,97.00,73.00,58.00,55.00,49.00,31.00,27.00,12.00,5.00,1.00
2024-08-06T20:02:00Z,99.00,,97.00,97.00,73.00,58.00,55.00,49.00,31.00,27.00,12.00,5.00,1.00
2024-08-06T20:18:00Z,99.00,,97.00,97.00,73.00,58.00,55.00,49.00,31.00,27.00,12.00,5.00,1.00
2024-08-06T20:21:00Z,99.00,,96.00,97.00,73.00,58.00,55.00,49.00,31.00,27.00,12.00,5.00,1.00
2024-08-06T20:26:00Z,99.00,,96.00,97.00,73.00,58.00,55.00,49.00,31.00,32.00,12.00,5.00,1.00
2024-08-06T20:27:00Z,99.00,,96.00,97.00,73.00,58.00,55.00,49.00,31.00,32.00,14.00,5.00,1.00
2024-08-06T20:47:00Z,99.00,,96.00,97.00,73.00,58.00,61.37,49.00,31.00,32.00,14.00,5.00,1.00
2024-08-06T21:06:00Z,99.00,,99.00,97.00,73.00,58.00,61.37,49.00,31.00,32.00,14.00,5.00,1.00
2024-08-06T21:16:00Z,99.00,,99.00,97.00,73.00,58.00,61.37,49.00,31.00,26.00,14.00,5.00,1.00
2024-08-06T21:20:00Z,99.00,,99.00,97.00,73.00,58.00,61.37,49.00,37.00,26.00,12.00,5.00,1.00
2024-08-06T21:23:00Z,99.00,,99.00,97.00,73.00,58.00,61.37,49.00,40.66,26.00,12.00,5.00,1.00
2024-08-06T21:26:00Z,99.00,,99.00,97.00,73.00,58.00,61.37,49.00,40.66,34.00,12.00,5.00,1.00
2024-08-06T21:31:00Z,99.00,,99.00,97.00,73.00,58.00,61.37,49.00,40.66,36.66,12.00,5.00,1.00
2024-08-06T21:38:00Z,99.00,,99.00,97.00,73.00,58.00,56.29,49.00,40.66,36.66,12.00,5.00,1.00
2024-08-06T21:39:00Z,99.00,,99.00,97.00,73.00,58.00,56.00,49.00,40.66,36.66,12.00,5.00,1.00
2024-08-06T21:42:00Z,99.00,,99.00,97.00,73.00,58.00,56.00,49.00,40.66,36.66,14.00,5.00,1.00
2024-08-06T21:54:00Z,99.00,,99.00,97.00,73.00,58.00,65.00,49.00,40.66,36.66,14.00,5.00,1.00
2024-08-06T21:56:00Z,99.00,,99.00,97.00,73.00,58.00,65.00,49.00,40.66,36.66,13.09,5.00,1.00
2024-08-06T22:13:00Z,99.00,,99.00,97.00,73.00,58.00,65.00,49.00,40.66,36.66,13.09,5.00,1.00
2024-08-06T22:22:00Z,99.00,,99.00,97.00,73.00,58.00,65.00,49.00,40.66,36.66,13.00,5.00,1.00
2024-08-06T22:29:00Z,99.00,,99.00,97.00,73.00,58.00,65.00,49.00,40.66,36.66,13.00,5.00,1.00
2024-08-06T22:44:00Z,99.00,,99.00,97.00,73.00,58.00,65.00,49.00,40.66,36.66,13.00,5.00,1.00
2024-08-06T23:11:00Z,99.00,,99.00,97.00,73.00,58.00,65.00,49.00,40.66,21.31,13.00,5.00,1.00
2024-08-07T00:38:00Z,99.00,,99.00,91.00,73.00,58.00,61.00,49.00,40.66,21.31,13.00,5.00,1.00
2024-08-07T01:04:00Z,99.00,,99.00,91.00,73.00,58.00,61.00,49.00,26.00,21.31,13.00,5.00,1.00
2024-08-07T01:44:00Z,99.00,,99.00,91.00,73.00,58.00,61.00,49.00,26.00,35.00,13.00,5.00,1.00
2024-08-07T01:54:00Z,99.00,,99.00,91.00,73.00,58.00,56.00,49.00,26.00,35.00,13.00,5.00,1.00
2024-08-07T02:12:00Z,99.00,,99.00,91.00,73.00,58.00,56.00,49.00,26.00,15.00,13.00,5.00,1.00
2024-08-07T02:14:00Z,99.00,,99.00,91.00,73.00,58.00,56.00,55.00,26.00,15.00,13.00,5.00,1.00
2024-08-07T02:26:00Z,99.00,,99.00,91.00,73.00,58.00,51.00,55.00,26.00,15.00,13.00,3.00,1.00
2024-08-07T02:40:00Z,99.00,,99.00,90.50,73.00,58.00,51.00,55.00,26.00,15.00,13.00,3.00,1.00
2024-08-07T02:41:00Z,99.00,,98.00,90.50,73.00,58.00,51.00,55.00,26.00,15.00,13.00,3.00,1.00
2024-08-07T03:20:00Z,99.00,,98.00,90.50,73.00,58.00,51.00,37.06,26.00,15.00,13.00,3.00,1.00
2024-08-07T03:24:00Z,99.00,,98.00,90.50,73.00,58.00,51.00,37.06,26.00,15.00,13.00,2.00,1.00
2024-08-07T03:42:00Z,99.00,,98.00,90.50,73.00,58.00,57.00,37.06,26.00,15.00,13.00,2.00,1.00
2024-08-07T12:01:00Z,99.00,,98.00,90.50,73.00,58.00,57.00,37.06,26.00,15.00,3.57,2.00,1.00
2024-08-07T12:02:00Z,99.00,,98.00,90.00,73.00,58.00,57.00,37.06,26.00,15.00,3.57,2.00,1.00
2024-08-07T12:07:00Z,99.00,,98.00,90.00,73.00,58.00,57.00,37.06,26.00,15.00,3.57,1.00,1.00
2024-08-07T12:49:00Z,99.00,,98.00,90.00,73.00,58.00,57.00,37.06,26.00,15.00,8.00,1.00,1.00
2024-08-07T12:58:00Z,99.00,,98.00,90.00,73.00,58.00,57.00,37.06,17.00,10.00,8.00,1.00,1.00
2024-08-07T13:04:00Z,99.00,,92.00,90.00,73.00,58.00,57.00,37.06,17.00,10.00,8.00,1.00,1.00
2024-08-07T13:05:00Z,99.00,,91.00,90.00,73.00,58.00,57.00,37.06,17.00,10.00,8.00,1.00,1.00
2024-08-07T13:10:00Z,99.00,,91.00,90.00,73.00,58.00,57.00,37.06,17.00,7.00,8.00,1.00,1.00
2024-08-07T13:15:00Z,99.00,,91.00,90.00,73.00,58.00,57.00,22.33,17.00,7.00,8.00,1.00,1.00
2024-08-07T13:17:00Z,99.00,,91.00,90.00,73.00,58.00,28.00,22.33,17.00,6.00,8.00,1.00,1.00
2024-08-07T13:34:00Z,99.00,,91.00,90.00,73.00,58.00,25.51,22.33,17.00,6.00,8.00,1.00,1.00
2024-08-07T13:36:00Z,99.00,,91.00,90.00,73.00,58.00,25.51,22.33,17.00,6.00,8.00,1.00,1.00
2024-08-07T13:38:00Z,98.00,,91.00,90.00,73.00,58.00,25.00,22.33,17.00,6.00,8.00,1.00,1.00
2024-08-07T13:48:00Z,98.00,,91.00,77.00,73.00,58.00,25.00,22.33,17.00,6.00,8.00,1.00,1.00
2024-08-07T14:05:00Z,98.00,,94.00,77.00,73.00,58.00,25.00,22.33,17.00,6.00,8.00,1.00,1.00
2024-08-07T14:34:00Z,98.00,,91.00,77.00,73.00,58.00,25.00,22.33,17.00,6.00,8.00,1.00,1.00
2024-08-07T14:36:00Z,98.00,,91.00,77.00,73.00,58.00,25.00,22.33,17.00,6.28,8.00,1.00,1.00
2024-08-07T14:42:00Z,98.00,,91.00,77.00,73.00,58.00,25.00,18.33,17.00,6.28,8.00,1.00,1.00
2024-08-07T14:43:00Z,98.00,,50.00,77.00,73.00,58.00,25.00,18.33,17.00,6.28,3.00,1.00,1.00
2024-08-07T14:44:00Z,97.00,,50.00,77.00,73.00,58.00,25.00,18.33,17.00,6.28,3.00,1.00,1.00
2024-08-07T14:47:00Z,97.00,,50.00,74.76,73.00,58.00,25.00,18.33,17.00,6.28,3.00,1.00,1.00
2024-08-07T15:20:00Z,97.00,,50.00,74.00,73.00,58.00,25.00,18.33,17.00,6.28,3.00,1.00,1.00
2024-08-07T15:21:00Z,97.00,,87.00,74.00,73.00,58.00,25.00,18.33,17.00,6.28,3.00,1.00,1.00
2024-08-07T15:23:00Z,97.00,,87.00,74.00,73.00,58.00,25.00,18.33,17.00,6.28,3.00,1.00,1.00
2024-08-07T15:52:00Z,97.00,,87.00,73.00,73.00,58.00,25.00,18.33,17.00,6.28,3.00,1.00,1.00
2024-08-07T16:06:00Z,97.00,,87.00,73.00,73.00,58.00,25.00,18.33,17.00,6.28,3.00,1.00,1.00
2024-08-07T16:07:00Z,97.00,,87.00,73.00,73.00,58.00,25.00,18.33,17.00,6.28,3.00,1.00,1.00
2024-08-07T16:26:00Z,97.00,,87.00,76.00,73.00,58.00,25.00,18.33,17.00,6.28,3.00,1.00,1.00
2024-08-07T16:38:00Z,97.00,,87.00,76.00,73.00,58.00,26.39,18.33,17.00,6.28,3.00,1.00,1.00
2024-08-07T17:08:00Z,97.00,,91.00,76.00,73.00,58.00,26.39,18.33,17.00,6.28,3.00,1.00,1.00
2024-08-07T17:31:00Z,97.00,,91.00,76.00,73.00,58.00,26.39,15.00,17.00,6.28,3.00,1.00,1.00
2024-08-07T17:32:00Z,97.00,,91.00,76.00,73.00,58.00,26.39,15.00,17.00,6.28,3.00,1.00,1.00
2024-08-07T17:35:00Z,97.00,,91.00,76.00,73.00,58.00,26.39,15.00,17.00,6.28,3.00,1.00,1.00
2024-08-07T17:50:00Z,97.00,,91.00,76.00,73.00,58.00,26.39,15.00,17.00,5.00,3.00,1.00,1.00
2024-08-07T18:01:00Z,97.00,,91.00,76.00,73.00,58.00,26.39,15.00,7.16,5.00,3.00,1.00,1.00
2024-08-07T18:14:00Z,97.00,,93.00,76.00,73.00,58.00,26.39,15.00,7.16,5.00,3.00,1.00,1.00
2024-08-07T18:33:00Z,97.00,,93.00,76.00,73.00,58.00,29.00,15.00,7.16,5.00,3.00,1.00,1.00
2024-08-07T18:34:00Z,97.00,,93.00,76.00,73.00,58.00,29.00,20.00,7.16,5.00,3.00,1.00,1.00
2024-08-07T18:50:00Z,97.00,,93.00,80.00,73.00,58.00,29.00,20.00,7.16,5.00,3.00,1.00,1.00
2024-08-07T19:24:00Z,97.00,,93.00,80.00,73.00,58.00,29.00,20.00,7.16,5.00,3.00,1.00,1.00
2024-08-07T19:31:00Z,97.00,,92.00,80.00,73.00,58.00,29.00,20.00,7.16,5.00,3.00,1.00,1.00
2024-08-07T19:38:00Z,97.00,,92.00,80.00,73.00,58.00,29.00,20.00,7.16,5.00,3.00,1.00,1.00
2024-08-07T19:44:00Z,97.00,,92.00,80.00,73.00,58.00,30.74,20.00,7.16,5.00,3.00,1.00,1.00
2024-08-07T19:46:00Z,97.00,,92.00,77.00,73.00,58.00,30.74,20.00,7.16,5.00,3.00,1.00,1.00
2024-08-07T19:57:00Z,97.00,,92.00,77.00,73.00,58.00,30.74,18.00,7.16,5.00,3.00,1.00,1.00
2024-08-07T19:58:00Z,97.00,,92.00,77.00,73.00,58.00,28.00,18.00,7.16,5.00,3.00,1.00,1.00
2024-08-07T20:01:00Z,97.00,,92.00,77.00,73.00,58.00,31.00,18.00,7.16,5.00,3.00,1.00,1.00
2024-08-07T20:15:00Z,97.00,,92.00,77.00,73.00,58.00,31.00,20.00,7.16,5.00,3.00,1.00,1.00
2024-08-07T20:16:00Z,97.00,,92.00,77.00,73.00,58.00,31.00,20.00,7.16,5.00,3.00,1.00,1.00
2024-08-07T20:34:00Z,97.00,,88.00,77.00,73.00,58.00,31.00,20.00,7.16,5.00,3.00,1.00,1.00
2024-08-07T20:41:00Z,97.00,,88.00,79.00,73.00,58.00,31.00,20.00,7.16,5.00,3.00,1.00,1.00
2024-08-07T20:49:00Z,97.00,,88.00,82.00,73.00,58.00,31.00,20.00,7.16,5.00,3.00,1.00,1.00
2024-08-07T20:52:00Z,97.00,,88.00,82.00,73.00,58.00,31.00,17.00,7.16,5.00,3.00,1.00,1.00
2024-08-07T20:53:00Z,97.00,,88.00,82.00,73.00,58.00,31.00,17.00,7.16,5.00,3.00,1.00,1.00
2024-08-07T20:54:00Z,97.00,,93.00,82.00,73.00,58.00,31.00,17.00,7.16,5.00,3.00,1.00,1.00
2024-08-07T20:59:00Z,97.00,,93.00,82.00,73.00,58.00,31.00,17.00,7.16,5.00,3.00,1.00,1.00
2024-08-07T21:03:00Z,97.00,,93.00,82.00,73.00,58.00,23.00,15.00,7.16,5.00,3.00,1.00,1.00
2024-08-07T21:14:00Z,97.00,,93.00,82.00,73.00,58.00,23.00,15.00,7.16,5.00,3.00,1.00,1.00
2024-08-07T21:29:00Z,97.00,,93.00,81.00,73.00,58.00,23.00,15.00,7.16,5.00,3.00,1.00,1.00
2024-08-07T21:37:00Z,97.00,,93.00,81.00,73.00,58.00,24.00,15.00,7.16,5.00,3.00,1.00,1.00
2024-08-07T21:46:00Z,97.00,,93.00,76.62,73.00,58.00,24.00,11.00,7.16,5.00,3.00,1.00,1.00
2024-08-07T21:47:00Z,97.00,,93.00,76.62,73.00,58.00,24.00,16.00,7.16,5.00,3.00,1.00,1.00
2024-08-07T22:02:00Z,97.00,,93.00,76.62,73.00,58.00,24.94,16.00,7.16,5.00,3.00,1.00,1.00
2024-08-07T22:04:00Z,97.00,,93.00,76.62,73.00,58.00,28.78,16.00,7.16,5.00,3.00,1.00,1.00
2024-08-07T22:11:00Z,97.00,,93.00,76.62,73.00,58.00,30.00,16.00,7.16,5.00,3.00,1.00,1.00
2024-08-07T22:19:00Z,97.00,,93.00,76.62,73.00,58.00,30.00,16.00,7.16,5.00,3.00,1.00,1.00
2024-08-07T22:28:00Z,97.00,,93.00,76.62,73.00,58.00,25.00,16.00,7.41,5.00,3.00,1.00,1.00
2024-08-07T22:35:00Z,97.00,,93.00,76.62,73.00,58.00,25.00,16.00,7.41,5.00,3.00,2.00,1.00
2024-08-07T22:56:00Z,97.00,,93.00,76.62,73.00,58.00,25.00,16.00,7.41,5.00,3.00,2.00,1.00
2024-08-07T23:05:00Z,97.00,,93.00,76.62,73.00,58.00,30.25,16.00,7.41,5.00,3.00,2.00,1.00
2024-08-07T23:45:00Z,97.00,,93.00,76.62,73.00,58.00,26.00,16.00,7.41,5.00,3.00,2.00,1.00
2024-08-07T23:46:00Z,97.00,,93.00,76.62,73.00,58.00,27.84,16.00,7.41,5.00,3.00,2.00,1.00
2024-08-08T00:08:00Z,97.00,,91.00,76.62,73.00,58.00,27.84,16.00,7.41,5.00,3.00,2.00,1.00
2024-08-08T00:17:00Z,97.00,,91.00,82.00,73.00,58.00,27.84,16.00,7.41,5.00,3.00,2.00,1.00
2024-08-08T00:18:00Z,97.00,,91.00,82.00,73.00,58.00,28.00,16.00,7.41,5.00,3.00,2.00,1.00
2024-08-08T00:26:00Z,97.00,,91.00,82.00,73.00,58.00,28.00,18.00,7.41,5.00,3.00,2.00,1.00
2024-08-08T00:27:00Z,97.00,,91.00,74.56,73.00,58.00,28.00,18.00,7.41,5.00,3.00,2.00,1.00
2024-08-08T00:38:00Z,97.00,,91.00,74.56,73.00,58.00,18.00,18.00,7.41,5.00,3.00,2.00,1.00
2024-08-08T01:20:00Z,97.00,,91.00,74.56,73.00,58.00,18.00,18.00,3.00,5.00,3.00,2.00,1.00
2024-08-08T01:21:00Z,97.00,,91.00,74.00,73.00,58.00,18.00,18.00,3.00,5.00,3.00,2.00,1.00
2024-08-08T01:22:00Z,93.65,,87.36,74.00,73.00,58.00,14.75,10.01,3.00,5.00,3.00,2.00,1.00
2024-08-08T01:27:00Z,93.65,,82.72,74.00,73.00,58.00,14.75,10.01,3.00,5.00,3.00,2.00,1.00
2024-08-08T01:28:00Z,93.65,,82.72,74.00,73.00,58.00,14.75,10.00,3.00,5.00,3.00,2.00,1.00
2024-08-08T01:50:00Z,93.65,,82.72,74.00,73.00,58.00,14.75,7.50,3.00,5.00,3.00,2.00,1.00
2024-08-08T02:15:00Z,93.65,,82.72,68.00,73.00,58.00,14.75,7.50,3.00,5.00,3.00,2.00,1.00
2024-08-08T02:20:00Z,93.65,,82.72,68.00,73.00,58.00,14.75,7.50,3.00,5.00,3.00,2.00,1.00
2024-08-08T02:25:00Z,93.65,,84.00,68.00,73.00,58.00,14.75,7.50,3.00,5.00,3.00,2.00,1.00
2024-08-08T02:26:00Z,93.65,,89.00,68.00,73.00,58.00,14.75,7.50,3.00,5.00,3.00,2.00,1.00
2024-08-08T02:36:00Z,93.65,,89.00,68.00,73.00,58.00,14.75,13.00,3.00,5.00,3.00,2.00,1.00
2024-08-08T02:55:00Z,95.00,,89.00,68.00,73.00,58.00,14.75,13.00,3.00,5.00,3.00,2.00,1.00
2024-08-08T03:00:00Z,95.00,,82.00,68.00,73.00,58.00,14.75,13.00,3.00,5.00,3.00,2.00,1.00
2024-08-08T03:05:00Z,95.00,,89.00,68.00,73.00,58.00,14.75,6.37,3.00,5.00,3.00,2.00,1.00
2024-08-08T03:17:00Z,95.00,,89.00,68.00,73.00,58.00,14.75,6.37,3.00,5.00,3.00,2.00,1.00
2024-08-08T03:38:00Z,95.00,,83.18,68.00,73.00,58.00,14.75,6.37,3.00,5.00,3.00,2.00,1.00
2024-08-08T03:59:00Z,95.00,,83.18,68.00,73.00,58.00,14.75,14.00,3.00,5.36,3.00,2.00,1.00
2024-08-08T12:01:00Z,94.00,,83.00,51.83,73.00,58.00,14.75,14.00,3.00,5.36,3.00,2.00,1.00
2024-08-08T12:03:00Z,94.00,,83.00,47.88,73.00,58.00,14.75,14.00,3.00,5.36,3.00,2.00,1.00
2024-08-08T12:08:00Z,92.00,,83.00,47.88,73.00,58.00,14.75,14.00,3.00,5.36,3.00,2.00,1.00
2024-08-08T12:18:00Z,92.00,,83.00,47.88,73.00,58.00,14.75,14.00,1.00,5.36,3.00,2.00,1.00
2024-08-08T12:20:00Z,92.00,,83.00,47.88,73.00,58.00,3.54,14.00,1.00,5.36,3.00,2.00,1.00
2024-08-08T12:21:00Z,92.00,,49.00,47.88,73.00,58.00,3.54,14.00,1.00,5.36,3.00,2.00,1.00
2024-08-08T12:24:00Z,92.00,,49.00,47.88,73.00,58.00,3.54,14.00,1.00,5.36,3.00,2.00,1.00
2024-08-08T12:32:00Z,92.00,,50.28,47.88,73.00,58.00,3.54,14.00,1.00,5.36,3.00,2.00,1.00
2024-08-08T12:33:00Z,92.00,,50.28,20.00,73.00,58.00,3.54,14.00,1.00,5.36,3.00,2.00,1.00
2024-08-08T12:36:00Z,92.00,,50.28,20.00,73.00,58.00,1.00,14.00,1.00,5.36,1.00,2.00,1.00
2024-08-08T12:38:00Z,92.00,,50.28,20.00,73.00,58.00,1.00,14.00,1.00,1.00,1.00,2.00,1.00
2024-08-08T12:43:00Z,92.00,,51.57,20.00,73.00,58.00,1.00,14.00,1.00,1.00,1.00,2.00,1.00
2024-08-08T12:45:00Z,90.00,,51.57,20.00,73.00,58.00,1.00,14.00,1.00,1.00,1.00,2.00,1.00
2024-08-08T12:49:00Z,85.00,,51.57,20.00,73.00,58.00,1.00,14.00,1.00,1.00,1.00,2.00,1.00
2024-08-08T12:55:00Z,85.00,,51.57,20.00,73.00,58.00,1.00,14.00,1.00,1.00,1.00,2.00,1.00
2024-08-08T12:58:00Z,85.00,,51.57,20.00,73.00,58.00,1.00,14.00,1.00,1.00,1.00,2.00,1.00
2024-08-08T13:01:00Z,85.00,,51.57,20.00,73.00,58.00,1.00,14.00,1.00,1.00,1.00,2.00,1.00
2024-08-08T13:09:00Z,85.00,,51.57,20.00,73.00,58.00,1.00,14.00,1.00,1.00,1.00,2.00,1.00
2024-08-08T13:13:00Z,85.00,,58.00,20.00,73.00,58.00,1.00,14.00,1.00,1.00,1.00,2.00,1.00
2024-08-08T13:16:00Z,85.00,,58.00,20.00,73.00,58.00,1.00,1.00,1.00,1.00,1.00,2.00,1.00
2024-08-08T13:17:00Z,85.00,,43.00,20.00,73.00,58.00,1.00,1.00,1.00,1.00,1.00,2.00,1.00
2024-08-08T13:20:00Z,85.00,,43.00,20.00,73.00,58.00,1.00,1.00,1.00,1.00,1.00,2.00,1.00
2024-08-08T13:21:00Z,85.00,,43.00,20.00,73.00,58.00,1.00,1.00,1.00,1.00,1.00,2.00,1.00
2024-08-08T13:23:00Z,85.00,,43.00,17.00,73.00,58.00,1.00,1.00,1.00,1.00,1.00,2.00,1.00
2024-08-08T13:24:00Z,85.00,,43.00,15.00,73.00,58.00,1.00,1.00,1.00,1.00,1.00,2.00,1.00
2024-08-08T13:26:00Z,85.00,,43.00,45.00,73.00,58.00,1.00,1.00,1.00,1.00,1.00,2.00,1.00
2024-08-08T13:40:00Z,71.00,,43.00,45.00,73.00,58.00,1.00,1.00,1.00,1.00,1.00,2.00,1.00
2024-08-08T13:41:00Z,81.17,,43.00,45.00,73.00,58.00,1.00,1.00,1.00,1.00,1.00,2.00,1.00
2024-08-08T13:47:00Z,81.17,,43.00,22.00,73.00,58.00,1.00,1.00,1.00,1.00,1.00,2.00,1.00
2024-08-08T13:49:00Z,82.00,,43.00,22.00,73.00,58.00,1.00,1.00,1.00,1.00,1.00,2.00,1.00
2024-08-08T13:53:00Z,82.00,,43.00,22.00,73.00,58.00,2.00,1.00,1.00,1.00,1.00,2.00,1.00
2024-08-08T13:54:00Z,82.00,,43.00,22.00,73.00,58.00,2.00,1.00,1.00,1.00,1.00,2.00,1.00
2024-08-08T13:55:00Z,64.00,,25.13,22.00,73.00,58.00,2.00,1.00,1.00,1.00,1.00,2.00,1.00
2024-08-08T13:58:00Z,60.34,,21.00,22.00,73.00,58.00,2.00,1.00,1.00,1.00,1.00,2.00,1.00
2024-08-08T14:01:00Z,60.34,,21.00,22.00,73.00,58.00,1.00,1.00,1.00,1.00,1.00,2.00,1.00
2024-08-08T14:03:00Z,60.34,,21.00,22.00,73.00,58.00,3.83,1.00,1.00,1.00,1.00,2.00,1.00
2024-08-08T14:06:00Z,60.34,,21.00,22.00,73.00,58.00,3.83,1.00,1.00,1.00,1.00,2.00,1.00
2024-08-08T14:09:00Z,60.34,,20.00,22.00,73.00,58.00,3.83,1.00,1.00,1.00,1.00,2.00,1.00
2024-08-08T14:11:00Z,60.00,,20.00,22.00,73.00,58.00,3.83,1.00,1.00,1.00,1.00,2.00,1.00
2024-08-08T14:12:00Z,60.00,,20.00,22.00,73.00,58.00,3.83,1.00,1.00,1.00,1.00,2.00,1.00
2024-08-08T14:13:00Z,60.00,,20.00,22.00,73.00,58.00,3.83,1.00,1.00,1.00,1.00,2.00,1.00
2024-08-08T14:14:00Z,60.00,,20.00,2.00,73.00,58.00,3.83,1.00,1.00,1.00,1.00,2.00,1.00
2024-08-08T14:15:00Z,60.00,,20.00,2.00,73.00,58.00,3.83,1.00,1.00,1.00,1.00,2.00,1.00
2024-08-08T14:16:00Z,62.33,,16.96,2.00,73.00,58.00,3.83,1.00,1.00,1.00,1.00,2.00,1.00
2024-08-08T14:17:00Z,62.33,,16.96,3.00,73.00,58.00,3.83,1.00,1.00,1.00,1.00,2.00,1.00
2024-08-08T14:18:00Z,62.00,,16.96,3.00,73.00,58.00,3.83,1.00,1.00,1.00,1.00,2.00,1.00
2024-08-08T14:20:00Z,62.00,,13.00,3.00,73.00,58.00,3.83,1.00,1.00,1.00,1.00,2.00,1.00
2024-08-08T14:21:00Z,62.00,,13.00,3.00,73.00,58.00,3.83,1.00,1.00,1.00,1.00,2.00,1.00
2024-08-08T14:22:00Z,62.00,,13.00,2.00,73.00,58.00,3.83,1.00,1.00,1.00,1.00,2.00,1.00
2024-08-08T14:23:00Z,62.00,,13.00,2.00,73.00,58.00,3.83,1.00,1.00,1.00,1.00,2.00,1.00
2024-08-08T14:30:00Z,62.00,,11.80,2.00,73.00,58.00,3.83,1.00,1.00,1.00,1.00,2.00,1.00
2024-08-08T14:33:00Z,62.00,,20.00,12.55,73.00,58.00,3.83,1.00,1.00,1.00,1.00,2.00,1.00
2024-08-08T14:35:00Z,88.00,,20.00,12.55,73.00,58.00,3.83,1.00,1.00,1.00,1.00,2.00,1.00
2024-08-08T14:36:00Z,88.00,,20.00,12.55,73.00,58.00,3.83,1.00,1.00,1.00,1.00,2.00,1.00
2024-08-08T14:39:00Z,88.00,,20.00,18.30,73.00,58.00,3.83,1.00,1.00,1.00,1.00,2.00,1.00
2024-08-08T14:40:00Z,64.74,,20.00,18.30,73.00,58.00,3.83,1.00,1.00,1.00,1.00,2.00,1.00
2024-08-08T14:43:00Z,64.74,,12.00,18.30,73.00,58.00,3.83,1.00,1.00,1.00,1.00,2.00,1.00
2024-08-08T14:45:00Z,63.00,,12.00,18.30,73.00,58.00,3.83,1.00,1.00,1.00,1.00,2.00,1.00
2024-08-08T14:47:00Z,63.00,,24.00,18.30,73.00,58.00,3.83,1.00,1.00,1.00,1.00,2.00,1.00
2024-08-08T14:49:00Z,62.44,,24.00,18.30,73.00,58.00,3.83,1.00,1.00,1.00,1.00,2.00,1.00
2024-08-08T14:50:00Z,61.00,,24.00,18.30,73.00,58.00,3.83,1.00,1.00,1.00,1.00,2.00,1.00
2024-08-08T14:51:00Z,61.00,,24.00,18.30,73.00,58.00,3.83,1.00,1.00,1.00,1.00,2.00,1.00
2024-08-08T14:54:00Z,61.00,,21.56,18.30,73.00,58.00,3.83,1.00,1.00,1.00,1.00,2.00,1.00
2024-08-08T15:10:00Z,61.00,,21.56,13.00,73.00,58.00,3.83,1.00,1.00,1.00,1.00,2.00,1.00
2024-08-08T15:11:00Z,61.00,,21.56,13.00,73.00,58.00,3.83,1.00,1.00,1.00,1.00,2.00,1.00
2024-08-08T15:12:00Z,61.00,,21.56,2.00,73.00,58.00,3.83,1.00,1.00,1.00,1.00,2.00,1.00
2024-08-08T15:14:00Z,63.00,,21.56,2.00,73.00,58.00,3.83,1.00,1.00,1.00,1.00,2.00,1.00
2024-08-08T15:15:00Z,63.00,,21.56,2.00,73.00,58.00,3.83,1.00,1.00,1.00,1.00,2.00,1.00
2024-08-08T15:19:00Z,63.00,,21.56,12.86,73.00,58.00,3.83,1.00,1.00,1.00,1.00,2.00,1.00
2024-08-08T15:22:00Z,63.00,,21.56,12.86,73.00,58.00,1.00,1.00,1.00,1.00,1.00,2.00,1.00
2024-08-08T15:25:00Z,63.00,,21.56,13.00,73.00,58.00,1.00,1.00,1.00,1.00,1.00,2.00,1.00
2024-08-08T15:26:00Z,63.00,,23.00,13.00,73.00,58.00,1.00,1.00,1.00,1.00,1.00,2.00,1.00
2024-08-08T15:29:00Z,63.00,,23.00,13.00,73.00,58.00,1.00,1.00,1.00,1.00,1.00,2.00,1.00
2024-08-08T15:34:00Z,63.00,,23.00,3.00,73.00,58.00,1.00,1.00,1.00,1.00,1.00,2.00,1.00
2024-08-08T15:36:00Z,63.00,,23.00,3.00,73.00,58.00,1.00,1.00,1.00,1.00,1.00,2.00,1.00
2024-08-08T15:37:00Z,77.00,,23.00,3.00,73.00,58.00,1.00,1.00,1.00,1.00,1.00,2.00,1.00
2024-08-08T15:39:00Z,77.00,,23.00,3.00,73.00,58.00,1.00,1.00,1.00,1.00,1.00,2.00,1.00
2024-08-08T15:45:00Z,77.00,,23.00,2.43,73.00,58.00,1.00,1.00,1.00,1.00,1.00,2.00,1.00
2024-08-08T16:04:00Z,77.00,,11.00,2.43,73.00,58.00,1.00,1.00,1.00,1.00,1.00,2.00,1.00
2024-08-08T16:08:00Z,59.00,,11.00,2.43,73.00,58.00,1.00,1.00,1.00,1.00,1.00,2.00,1.00
2024-08-08T16:11:00Z,59.00,,11.00,2.43,73.00,58.00,1.00,1.00,1.00,1.00,1.00,2.00,1.00
2024-08-08T16:12:00Z,59.00,,11.00,2.43,73.00,58.00,1.00,1.00,1.00,1.00,1.00,2.00,1.00
2024-08-08T16:13:00Z,59.00,,11.00,2.43,73.00,58.00,1.00,1.00,1.00,1.00,1.00,2.00,1.00
2024-08-08T16:16:00Z,59.00,,11.00,2.00,73.00,58.00,1.00,1.00,1.00,1.00,1.00,2.00,1.00
2024-08-08T16:17:00Z,59.00,,11.00,2.00,73.00,58.00,1.00,1.00,1.00,1.00,1.00,2.00,1.00
2024-08-08T16:18:00Z,59.00,,11.00,7.58,73.00,58.00,1.00,1.00,1.00,1.00,1.00,2.00,1.00
2024-08-08T16:21:00Z,59.00,,11.00,7.67,73.00,58.00,1.00,1.00,1.00,1.00,1.00,2.00,1.00
2024-08-08T16:29:00Z,61.00,,11.00,7.67,73.00,58.00,1.00,1.00,1.00,1.00,1.00,2.00,1.00
2024-08-08T16:30:00Z,61.00,,11.00,8.00,73.00,58.00,1.00,1.00,1.00,1.00,1.00,2.00,1.00
2024-08-08T16:33:00Z,61.00,,11.00,8.00,73.00,58.00,1.00,1.00,1.00,1.00,1.00,2.00,1.00
2024-08-08T16:44:00Z,59.00,,11.00,8.00,73.00,58.00,1.00,1.00,1.00,1.00,1.00,2.00,1.00
2024-08-08T16:45:00Z,59.00,,10.00,8.00,73.00,58.00,1.00,1.00,1.00,1.00,1.00,2.00,1.00
2024-08-08T16:48:00Z,74.00,,10.00,8.00,73.00,58.00,1.00,1.00,1.00,1.00,1.00,2.00,1.00
2024-08-08T16:50:00Z,74.00,,10.00,5.00,73.00,58.00,1.00,1.00,1.00,1.00,1.00,2.00,1.00
2024-08-08T16:54:00Z,76.81,,10.00,5.00,73.00,58.00,1.00,1.00,1.00,1.00,1.00,2.00,1.00
2024-08-08T16:55:00Z,79.00,,17.00,5.00,73.00,58.00,1.00,1.00,1.00,1.00,1.00,2.00,1.00
2024-08-08T16:56:00Z,80.45,,19.71,8.00,73.00,58.00,1.00,1.00,1.00,1.00,1.00,2.00,1.00
2024-08-08T17:18:00Z,80.45,,19.71,8.00,73.00,58.00,1.00,1.00,1.00,1.00,1.00,2.00,1.00
2024-08-08T17:24:00Z,83.76,,19.71,8.00,73.00,58.00,1.00,1.00,1.00,1.00,1.00,2.00,1.00
2024-08-08T17:26:00Z,83.76,,22.89,8.00,73.00,58.00,1.00,1.00,1.00,1.00,1.00,2.00,1.00
2024-08-08T17:33:00Z,76.08,,22.89,8.00,73.00,58.00,1.00,1.00,1.00,1.00,1.00,2.00,1.00
2024-08-08T17:40:00Z,88.00,,22.89,8.00,73.00,58.00,1.00,1.00,1.00,1.00,1.00,2.00,1.00
2024-08-08T17:42:00Z,85.00,,22.89,8.00,73.00,58.00,1.00,1.00,1.00,1.00,1.00,2.00,1.00
2024-08-08T17:45:00Z,85.00,,22.89,8.00,73.00,58.00,1.00,1.00,1.00,1.00,1.00,2.00,1.00
2024-08-08T17:48:00Z,85.00,,22.89,8.00,73.00,58.00,1.00,1.00,1.00,1.00,1.00,2.00,1.00
2024-08-08T17:56:00Z,88.00,,22.89,8.00,73.00,58.00,1.00,1.00,1.00,1.00,1.00,2.00,1.00
2024-08-08T17:57:00Z,85.00,,22.89,8.00,73.00,58.00,1.00,1.00,1.00,1.00,1.00,2.00,1.00
2024-08-08T18:00:00Z,75.00,,22.89,8.00,73.00,58.00,1.00,1.00,1.00,1.00,1.00,2.00,1.00
2024-08-08T18:07:00Z,75.00,,22.89,8.00,73.00,58.00,1.00,1.00,1.00,1.00,1.00,2.00,1.00
2024-08-08T18:18:00Z,75.00,,15.00,8.00,73.00,58.00,1.00,1.00,1.00,1.00,1.00,2.00,1.00
2024-08-08T18:24:00Z,75.96,,15.00,8.00,73.00,58.00,1.00,1.00,1.00,1.00,1.00,2.00,1.00
2024-08-08T18:39:00Z,75.96,,23.00,8.00,73.00,58.00,1.00,1.00,1.00,1.00,1.00,2.00,1.00
2024-08-08T18:47:00Z,75.96,,17.00,8.00,73.00,58.00,1.00,1.00,1.00,1.00,1.00,2.00,1.00
2024-08-08T18:51:00Z,75.96,,23.00,8.00,73.00,58.00,1.00,1.00,1.00,1.00,1.00,2.00,1.00
2024-08-08T18:52:00Z,76.00,,23.00,8.00,73.00,58.00,1.00,1.00,1.00,1.00,1.00,2.00,1.00
2024-08-08T18:53:00Z,75.05,,23.00,8.00,73.00,58.00,1.00,1.00,1.00,1.00,1.00,2.00,1.00
2024-08-08T19:00:00Z,75.00,,15.34,8.00,73.00,58.00,1.00,1.00,1.00,1.00,1.00,2.00,1.00
2024-08-08T19:05:00Z,75.00,,23.00,8.00,73.00,58.00,1.00,1.00,1.00,1.00,1.00,2.00,1.00
2024-08-08T19:06:00Z,75.00,,23.00,8.00,73.00,58.00,1.00,1.00,1.00,1.00,1.00,2.00,1.00
2024-08-08T19:09:00Z,75.00,,14.10,8.00,73.00,58.00,1.00,1.00,1.00,1.00,1.00,2.00,1.00
2024-08-08T19:14:00Z,80.00,,12.00,8.00,73.00,58.00,1.00,1.00,1.00,1.00,1.00,2.00,1.00
2024-08-08T19:15:00Z,80.00,,12.00,5.00,73.00,58.00,1.00,1.00,1.00,1.00,1.00,2.00,1.00
2024-08-08T19:17:00Z,80.00,,12.00,5.00,73.00,58.00,1.00,1.00,1.00,1.00,1.00,2.00,1.00
2024-08-08T19:19:00Z,76.00,,12.00,5.00,73.00,58.00,1.00,1.00,1.00,1.00,1.00,2.00,1.00
2024-08-08T19:29:00Z,76.00,,12.00,5.00,73.00,58.00,1.00,1.00,1.00,1.00,1.00,2.00,1.00
2024-08-08T19:31:00Z,76.00,,12.00,5.00,73.00,58.00,1.00,1.00,1.00,1.00,1.00,2.00,1.00
2024-08-08T19:32:00Z,75.00,,12.00,3.00,73.00,58.00,1.00,1.00,1.00,1.00,1.00,2.00,1.00
2024-08-08T19:35:00Z,75.00,,12.00,3.00,73.00,58.00,1.00,1.00,1.00,1.00,1.00,2.00,1.00
2024-08-08T19:36:00Z,73.43,,12.00,3.00,73.00,58.00,1.00,1.00,1.00,1.00,1.00,2.00,1.00
2024-08-08T20:18:00Z,73.43,,12.00,4.94,73.00,58.00,1.00,1.00,1.00,1.00,1.00,2.00,1.00
2024-08-08T20:19:00Z,79.00,,12.00,4.94,73.00,58.00,1.00,1.00,1.00,1.00,1.00,2.00,1.00
2024-08-08T20:21:00Z,71.00,,12.00,4.94,73.00,58.00,1.00,1.00,1.00,1.00,1.00,2.00,1.00
2024-08-08T20:22:00Z,71.00,,12.00,4.94,73.00,58.00,1.00,1.00,1.00,1.00,1.00,2.00,1.00
2024-08-08T20:23:00Z,70.23,,12.00,4.94,73.00,58.00,1.00,1.00,1.00,1.00,1.00,2.00,1.00
2024-08-08T20:28:00Z,70.23,,12.00,5.00,73.00,58.00,1.00,1.00,1.00,1.00,1.00,2.00,1.00
2024-08-08T20:30:00Z,70.00,,12.00,5.00,73.00,58.00,1.00,1.00,1.00,1.00,1.00,2.00,1.00
2024-08-08T20:50:00Z,70.00,,12.00,5.00,73.00,58.00,1.00,1.00,1.00,1.00,1.00,1.00,1.00
2024-08-08T20:52:00Z,79.99,,12.00,5.00,73.00,58.00,1.00,1.00,1.00,1.00,1.00,1.00,1.00
2024-08-08T21:01:00Z,75.00,,12.00,5.00,73.00,58.00,1.00,1.00,1.00,1.00,1.00,1.00,1.00
2024-08-08T21:03:00Z,72.53,,23.00,5.00,73.00,58.00,1.00,1.00,1.00,1.00,1.00,1.00,1.00
2024-08-08T21:04:00Z,80.00,,25.00,4.80,73.00,58.00,1.00,1.00,1.00,1.00,1.00,1.00,1.00
2024-08-08T21:06:00Z,84.00,,29.83,5.46,73.00,58.00,1.00,1.00,1.00,1.00,1.00,1.00,1.00
2024-08-08T21:08:00Z,85.00,,30.80,5.46,73.00,58.00,1.00,1.00,1.00,1.00,1.00,1.00,1.00
2024-08-08T21:09:00Z,88.00,,34.00,5.46,73.00,58.00,1.00,1.00,1.00,1.00,1.00,1.00,1.00
2024-08-08T21:10:00Z,88.00,,34.00,5.46,73.00,58.00,1.00,1.00,1.00,1.00,1.00,1.00,1.00
2024-08-08T21:11:00Z,88.00,,34.00,5.46,73.00,58.00,1.00,1.00,1.00,1.00,1.00,1.00,1.00
2024-08-08T21:12:00Z,88.00,,36.00,5.46,73.00,58.00,1.00,1.00,1.00,1.00,1.00,1.00,1.00
2024-08-08T21:13:00Z,87.00,,36.00,5.46,73.00,58.00,1.00,1.00,1.00,1.00,1.00,1.00,1.00
2024-08-08T21:14:00Z,87.00,,36.00,5.46,73.00,58.00,1.00,1.00,1.00,1.00,1.00,1.00,1.00
2024-08-08T21:15:00Z,87.00,,36.00,5.46,73.00,58.00,1.00,1.00,1.00,1.00,1.00,1.00,1.00
2024-08-08T21:23:00Z,87.00,,37.01,8.00,73.00,58.00,1.00,1.00,1.00,1.00,1.00,1.00,1.00
2024-08-08T21:24:00Z,87.00,,37.01,8.37,73.00,58.00,1.00,1.00,1.00,1.00,1.00,1.00,1.00
2024-08-08T21:25:00Z,84.47,,37.01,8.37,73.00,58.00,1.00,1.00,1.00,1.00,1.00,1.00,1.00
2024-08-08T21:27:00Z,84.00,,37.01,8.37,73.00,58.00,1.00,1.00,1.00,1.00,1.00,1.00,1.00
2024-08-08T21:30:00Z,84.00,,37.01,8.37,73.00,58.00,1.00,1.00,1.00,1.00,1.00,1.00,1.00
2024-08-08T21:34:00Z,84.00,,37.01,8.37,73.00,58.00,1.00,1.00,1.00,1.00,1.00,1.00,1.00
2024-08-08T21:36:00Z,89.02,,37.01,8.37,73.00,58.00,1.00,1.00,1.00,1.00,1.00,1.00,1.00
2024-08-08T21:39:00Z,89.02,,36.01,8.37,73.00,58.00,1.00,1.00,1.00,1.00,1.00,1.00,1.00
2024-08-08T21:43:00Z,89.02,,37.00,8.37,73.00,58.00,1.00,1.00,1.00,1.00,1.00,1.00,1.00
2024-08-08T21:47:00Z,89.02,,23.28,8.37,73.00,58.00,1.00,1.00,1.00,1.00,1.00,1.00,1.00
2024-08-08T22:00:00Z,89.02,,20.00,8.37,73.00,58.00,1.00,1.00,1.00,1.00,1.00,1.00,1.00
2024-08-08T22:14:00Z,89.02,,20.00,12.22,73.00,58.00,1.00,1.00,1.00,1.00,1.00,1.00,1.00
2024-08-08T22:15:00Z,89.02,,28.00,12.22,73.00,58.00,1.00,1.00,1.00,1.00,1.00,1.00,1.00
2024-08-08T22:31:00Z,89.02,,27.70,12.22,73.00,58.00,1.00,1.00,1.00,1.00,1.00,1.00,1.00
2024-08-08T22:38:00Z,89.02,,27.70,12.00,73.00,58.00,1.00,1.00,1.00,1.00,1.00,1.00,1.00
2024-08-08T22:46:00Z,89.02,,32.65,12.00,73.00,58.00,1.00,1.00,1.00,1.00,1.00,1.00,1.00
2024-08-08T22:56:00Z,89.02,,33.00,12.00,73.00,58.00,1.00,1.00,1.00,1.00,1.00,1.00,1.00
2024-08-08T23:01:00Z,89.02,,33.00,10.00,73.00,58.00,1.00,1.00,1.00,1.00,1.00,1.00,1.00
2024-08-08T23:23:00Z,89.02,,33.00,11.96,73.00,58.00,1.00,1.00,1.00,1.00,1.00,1.00,1.00
2024-08-08T23:29:00Z,89.02,,34.00,11.96,73.00,58.00,1.00,1.00,1.00,1.00,1.00,1.00,1.00
2024-08-08T23:38:00Z,89.02,,34.00,11.96,73.00,58.00,1.00,1.00,1.00,1.00,1.00,1.00,1.00
2024-08-09T00:15:00Z,89.02,,34.00,11.96,73.00,58.00,1.00,1.00,1.00,1.00,1.00,1.00,1.00
2024-08-09T00:34:00Z,85.00,,34.00,11.96,73.00,58.00,1.00,1.00,1.00,1.00,1.00,1.00,1.00
2024-08-09T00:51:00Z,86.87,,34.00,11.96,73.00,58.00,1.00,1.00,1.00,1.00,1.00,1.00,1.00
2024-08-09T00:52:00Z,88.00,,34.00,11.96,73.00,58.00,1.00,1.00,1.00,1.00,1.00,1.00,1.00
2024-08-09T00:53:00Z,88.00,,25.00,11.96,73.00,58.00,1.00,1.00,1.00,1.00,1.00,1.00,1.00
2024-08-09T00:54:00Z,88.00,,25.00,9.00,73.00,58.00,1.00,1.00,1.00,1.00,1.00,1.00,1.00
2024-08-09T00:58:00Z,88.00,,25.00,9.00,73.00,58.00,1.00,1.00,1.00,1.00,1.00,1.00,1.00
2024-08-09T00:59:00Z,88.00,,25.00,9.31,73.00,58.00,1.00,1.00,1.00,1.00,1.00,1.00,1.00
2024-08-09T01:58:00Z,88.00,,25.00,4.28,73.00,58.00,1.00,1.00,1.00,1.00,1.00,1.00,1.00
2024-08-09T12:08:00Z,88.00,,21.00,4.28,73.00,58.00,1.00,1.00,1.00,1.00,1.00,1.00,1.00
2024-08-09T12:31:00Z,89.00,,16.15,4.28,73.00,58.00,1.00,1.00,1.00,1.00,1.00,1.00,1.00
2024-08-09T12:35:00Z,86.44,,16.15,4.28,73.00,58.00,1.00,1.00,1.00,1.00,1.00,1.00,1.00
2024-08-09T13:10:00Z,80.00,,16.15,4.28,73.00,58.00,1.00,1.00,1.00,1.00,1.00,1.00,1.00
2024-08-09T13:25:00Z,80.00,29.77,16.15,4.28,73.00,58.00,1.00,1.00,1.00,1.00,1.00,1.00,1.00
2024-08-09T13:39:00Z,80.00,29.77,13.00,4.28,73.00,58.00,1.00,1.00,1.00,1.00,1.00,1.00,1.00
2024-08-09T13:44:00Z,80.00,29.77,8.91,4.28,73.00,58.00,1.00,1.00,1.00,1.00,1.00,1.00,1.00
2024-08-09T13:45:00Z,80.00,29.77,8.91,4.28,73.00,58.00,1.00,1.00,1.00,1.00,1.00,1.00,1.00
2024-08-09T13:47:00Z,80.00,29.77,8.91,4.28,73.00,58.00,1.00,1.00,1.00,1.00,1.00,1.00,1.00
2024-08-09T13:53:00Z,80.00,29.77,8.91,4.69,73.00,58.00,1.00,1.00,1.00,1.00,1.00,1.00,1.00
2024-08-09T13:59:00Z,80.00,29.77,10.00,4.69,73.00,58.00,1.00,1.00,1.00,1.00,1.00,1.00,1.00
2024-08-09T14:02:00Z,80.00,31.00,10.00,4.69,73.00,58.00,1.00,1.00,1.00,1.00,1.00,1.00,1.00
2024-08-09T14:08:00Z,85.00,31.00,10.00,4.69,73.00,58.00,1.00,1.00,1.00,1.00,1.00,1.00,1.00
2024-08-09T14:09:00Z,85.00,31.00,10.00,3.00,73.00,58.00,1.00,1.00,1.00,1.00,1.00,1.00,1.00
2024-08-09T14:11:00Z,77.00,31.00,10.00,3.00,73.00,58.00,1.00,1.00,1.00,1.00,1.00,1.00,1.00
2024-08-09T15:01:00Z,77.00,31.00,10.00,3.00,73.00,58.00,1.00,1.00,1.00,1.00,1.00,1.00,1.00
2024-08-09T15:11:00Z,77.00,31.00,10.00,3.00,73.00,58.00,1.00,1.00,1.00,1.00,1.00,1.00,1.00
2024-08-09T15:14:00Z,77.00,31.00,10.00,4.00,73.00,58.00,1.00,1.00,1.00,1.00,1.00,1.00,1.00
2024-08-09T15:15:00Z,77.00,31.00,10.00,2.00,73.00,58.00,1.00,1.00,1.00,1.00,1.00,1.00,1.00
2024-08-09T15:33:00Z,70.03,31.00,10.00,2.00,73.00,58.00,1.00,1.00,1.00,1.00,1.00,1.00,1.00
2024-08-09T15:36:00Z,70.03,31.00,10.00,3.00,73.00,58.00,1.00,1.00,1.00,1.00,1.00,1.00,1.00
2024-08-09T15:54:00Z,70.00,31.00,10.00,3.00,73.00,58.00,1.00,1.00,1.00,1.00,1.00,1.00,1.00
2024-08-09T16:02:00Z,70.00,14.00,10.00,3.00,73.00,58.00,1.00,1.00,1.00,1.00,1.00,1.00,1.00
2024-08-09T16:03:00Z,70.00,14.00,7.00,3.00,73.00,58.00,1.00,1.00,1.00,1.00,1.00,1.00,1.00
2024-08-09T16:17:00Z,70.00,14.00,7.00,3.00,73.00,58.00,1.00,1.00,1.00,1.00,1.00,1.00,1.00
2024-08-09T16:29:00Z,55.06,14.00,7.00,3.00,73.00,58.00,1.00,1.00,1.00,1.00,1.00,1.00,1.00
2024-08-09T16:34:00Z,55.06,14.00,7.00,2.00,73.00,58.00,1.00,1.00,1.00,1.00,1.00,1.00,1.00
2024-08-09T16:40:00Z,56.00,14.00,7.00,2.00,73.00,58.00,1.00,1.00,1.00,1.00,1.00,1.00,1.00
2024-08-09T16:56:00Z,56.00,7.00,7.00,2.00,73.00,58.00,1.00,1.00,1.00,1.00,1.00,1.00,1.00
2024-08-09T17:03:00Z,72.00,7.00,7.00,2.00,73.00,58.00,1.00,1.00,1.00,1.00,1.00,1.00,1.00
2024-08-09T17:04:00Z,55.00,7.00,7.00,2.00,73.00,58.00,1.00,1.00,1.00,1.00,1.00,1.00,1.00
2024-08-09T17:06:00Z,72.00,7.00,7.00,2.00,73.00,58.00,1.00,1.00,1.00,1.00,1.00,1.00,1.00
2024-08-09T17:25:00Z,55.00,7.00,7.00,2.00,73.00,58.00,1.00,1.00,1.00,1.00,1.00,1.00,1.00
2024-08-09T17:35:00Z,55.00,7.00,7.00,2.00,73.00,58.00,1.00,1.00,1.00,1.00,1.00,1.00,1.00
2024-08-09T17:52:00Z,55.00,13.00,7.00,2.00,73.00,58.00,1.00,1.00,1.00,1.00,1.00,1.00,1.00
2024-08-09T18:08:00Z,55.00,13.00,7.00,2.00,73.00,58.00,1.00,1.00,1.00,1.00,1.00,1.00,1.00
2024-08-09T18:47:00Z,50.00,13.00,7.00,2.00,73.00,58.00,1.00,1.00,1.00,1.00,1.00,1.00,1.00
2024-08-09T19:10:00Z,50.00,7.00,7.00,2.00,73.00,58.00,1.00,1.00,1.00,1.00,1.00,1.00,1.00
2024-08-09T19:13:00Z,44.82,7.00,7.00,2.00,73.00,58.00,1.00,1.00,1.00,1.00,1.00,1.00,1.00
2024-08-09T19:22:00Z,44.82,14.50,7.00,2.00,73.00,58.00,1.00,1.00,1.00,1.00,1.00,1.00,1.00
2024-08-09T19:49:00Z,44.82,12.00,7.00,2.00,73.00,58.00,1.00,1.00,1.00,1.00,1.00,1.00,1.00
2024-08-09T20:00:00Z,68.00,12.00,7.00,2.00,73.00,58.00,1.00,1.00,1.00,1.00,1.00,1.00,1.00
2024-08-09T20:02:00Z,68.00,22.00,7.00,2.00,73.00,58.00,1.00,1.00,1.00,1.00,1.00,1.00,1.00
2024-08-09T20:05:00Z,70.58,22.00,7.00,2.00,73.00,58.00,1.00,1.00,1.00,1.00,1.00,1.00,1.00
2024-08-09T20:06:00Z,70.58,22.00,5.00,2.00,73.00,58.00,1.00,1.00,1.00,1.00,1.00,1.00,1.00
2024-08-09T20:08:00Z,70.58,30.00,5.00,2.00,73.00,58.00,1.00,1.00,1.00,1.00,1.00,1.00,1.00
2024-08-09T20:11:00Z,93.00,30.00,2.00,2.00,73.00,58.00,1.00,1.00,1.00,1.00,1.00,1.00,1.00
2024-08-09T20:12:00Z,85.00,30.00,2.00,2.00,73.00,58.00,1.00,1.00,1.00,1.00,1.00,1.00,1.00
2024-08-09T20:13:00Z,85.00,30.00,2.00,2.00,73.00,58.00,1.00,1.00,1.00,1.00,1.00,1.00,1.00
2024-08-09T20:14:00Z,85.00,30.00,10.00,2.00,73.00,58.00,1.00,1.00,1.00,1.00,1.00,1.00,1.00
2024-08-09T20:15:00Z,96.00,30.00,10.00,2.00,73.00,58.00,1.00,1.00,1.00,1.00,1.00,1.00,1.00
2024-08-09T20:16:00Z,85.00,30.00,10.00,2.00,73.00,58.00,1.00,1.00,1.00,1.00,1.00,1.00,1.00
2024-08-09T20:19:00Z,85.00,30.00,10.00,2.00,73.00,58.00,1.00,1.00,1.00,1.00,1.00,1.00,1.00
2024-08-09T20:21:00Z,85.00,50.00,10.00,2.00,73.00,58.00,1.00,1.00,1.00,1.00,1.00,1.00,1.00
2024-08-09T20:22:00Z,85.00,50.00,10.00,1.00,73.00,58.00,1.00,1.00,1.00,1.00,1.00,1.00,1.00
2024-08-09T20:27:00Z,85.00,50.00,11.82,1.00,73.00,58.00,1.00,1.00,1.00,1.00,1.00,1.00,1.00
2024-08-09T20:41:00Z,90.00,50.00,10.00,1.00,73.00,58.00,1.00,1.00,1.00,1.00,1.00,1.00,1.00
2024-08-09T20:46:00Z,92.00,50.00,10.00,1.00,73.00,58.00,1.00,1.00,1.00,1.00,1.00,1.00,1.00
2024-08-09T21:06:00Z,98.00,50.00,10.00,1.00,73.00,58.00,1.00,1.00,1.00,1.00,1.00,1.00,1.00
2024-08-09T21:07:00Z,98.00,37.00,5.00,1.00,73.00,58.00,1.00,1.00,1.00,1.00,1.00,1.00,1.00
2024-08-09T21:29:00Z,92.00,37.00,5.00,1.00,73.00,58.00,1.00,1.00,1.00,1.00,1.00,1.00,1.00
2024-08-09T21:30:00Z,92.00,36.00,5.00,1.00,73.00,58.00,1.00,1.00,1.00,1.00,1.00,1.00,1.00
2024-08-09T21:36:00Z,92.00,36.00,5.00,1.00,73.00,58.00,1.00,1.00,1.00,1.00,1.00,1.00,1.00
2024-08-09T22:18:00Z,92.00,37.00,5.00,1.00,73.00,58.00,1.00,1.00,1.00,1.00,1.00,1.00,1.00
2024-08-09T22:19:00Z,92.00,37.00,11.10,1.00,73.00,58.00,1.00,1.00,1.00,1.00,1.00,1.00,1.00
2024-08-09T22:20:00Z,95.60,37.00,11.10,1.00,73.00,58.00,1.00,1.00,1.00,1.00,1.00,1.00,1.00
2024-08-09T22:26:00Z,99.00,37.00,11.10,1.00,73.00,58.00,1.00,1.00,1.00,1.00,1.00,1.00,1.00
2024-08-09T22:28:00Z,99.00,51.00,11.10,1.00,73.00,58.00,1.00,1.00,1.00,1.00,1.00,1.00,1.00
2024-08-09T22:29:00Z,99.00,51.00,17.00,1.00,73.00,58.00,1.00,1.00,1.00,1.00,1.00,1.00,1.00
2024-08-09T22:48:00Z,99.00,58.86,17.00,1.00,73.00,58.00,1.00,1.00,1.00,1.00,1.00,1.00,1.00
2024-08-09T22:49:00Z,97.39,58.86,17.00,1.00,73.00,58.00,1.00,1.00,1.00,1.00,1.00,1.00,1.00
2024-08-09T22:51:00Z,97.39,57.82,22.00,1.00,73.00,58.00,1.00,1.00,1.00,1.00,1.00,1.00,1.00
2024-08-09T22:55:00Z,97.39,70.00,22.00,1.00,73.00,58.00,1.00,1.00,1.00,1.00,1.00,1.00,1.00
2024-08-09T22:58:00Z,97.39,70.00,22.00,1.00,73.00,58.00,1.00,1.00,1.00,1.00,1.00,1.00,1.00
2024-08-09T23:00:00Z,97.39,60.00,22.00,1.00,73.00,58.00,1.00,1.00,1.00,1.00,1.00,1.00,1.00
2024-08-09T23:29:00Z,97.39,65.00,22.00,1.00,73.00,58.00,1.00,1.00,1.00,1.00,1.00,1.00,1.00
2024-08-09T23:30:00Z,97.39,72.00,22.00,1.00,73.00,58.00,1.00,1.00,1.00,1.00,1.00,1.00,1.00
2024-08-09T23:31:00Z,97.39,72.00,22.06,1.00,73.00,58.00,1.00,1.00,1.00,1.00,1.00,1.00,1.00
2024-08-09T23:32:00Z,97.39,72.00,22.06,1.00,73.00,58.00,1.00,1.00,1.00,1.00,1.00,1.00,1.00
2024-08-09T23:38:00Z,97.39,72.00,15.00,1.00,73.00,58.00,1.00,1.00,1.00,1.00,1.00,1.00,1.00
2024-08-09T23:40:00Z,97.39,72.00,22.00,1.00,73.00,58.00,1.00,1.00,1.00,1.00,1.00,1.00,1.00
2024-08-09T23:43:00Z,97.39,72.00,10.76,1.00,73.00,58.00,1.00,1.00,1.00,1.00,1.00,1.00,1.00
2024-08-10T00:11:00Z,97.39,72.00,10.76,2.00,73.00,58.00,1.00,1.00,1.00,1.00,1.00,1.00,1.00
2024-08-10T00:13:00Z,97.39,72.00,19.55,2.00,73.00,58.00,1.00,1.00,1.00,1.00,1.00,1.00,1.00
2024-08-10T00:24:00Z,97.39,72.00,19.55,2.00,73.00,58.00,1.00,1.00,1.00,1.00,1.00,1.00,1.00
2024-08-10T00:26:00Z,98.00,72.00,21.00,2.00,73.00,58.00,1.00,1.00,1.00,1.00,1.00,1.00,1.00
2024-08-10T00:28:00Z,98.00,65.00,21.00,2.00,73.00,58.00,1.00,1.00,1.00,1.00,1.00,1.00,1.00
2024-08-10T00:33:00Z,98.00,65.00,21.00,3.47,73.00,58.00,1.00,1.00,1.00,1.00,1.00,1.00,1.00
2024-08-10T00:38:00Z,98.00,65.00,35.00,3.47,73.00,58.00,1.00,1.00,1.00,1.00,1.00,1.00,1.00
2024-08-10T00:39:00Z,98.00,63.00,35.00,3.47,73.00,58.00,1.00,1.00,1.00,1.00,1.00,1.00,1.00
2024-08-10T01:05:00Z,98.00,63.00,20.00,5.00,73.00,58.00,1.00,1.00,1.00,1.00,1.00,1.00,1.00
2024-08-10T01:55:00Z,98.00,63.00,20.00,5.00,73.00,58.00,1.00,1.00,1.00,1.00,1.00,1.00,1.00
2024-08-10T01:57:00Z,98.00,63.00,20.00,5.00,73.00,58.00,1.00,1.00,1.00,1.00,1.00,1.00,1.00
2024-08-10T02:32:00Z,98.00,70.00,20.00,5.00,73.00,58.00,1.00,1.00,1.00,1.00,1.00,1.00,1.00
2024-08-10T02:54:00Z,99.00,64.00,20.00,5.00,73.00,58.00,1.00,1.00,1.00,1.00,1.00,1.00,1.00
2024-08-10T02:55:00Z,99.00,64.00,20.00,5.00,73.00,58.00,1.00,1.00,1.00,1.00,1.00,1.00,1.00
2024-08-10T02:56:00Z,99.00,64.00,20.00,5.00,73.00,58.00,1.00,1.00,1.00,1.00,1.00,1.00,1.00
2024-08-10T12:04:00Z,98.92,64.00,20.00,5.00,73.00,58.00,1.00,1.00,1.00,1.00,1.00,1.00,1.00
2024-08-10T14:02:00Z,98.92,88.00,20.00,5.00,73.00,58.00,1.00,1.00,1.00,1.00,1.00,1.00,1.00
2024-08-10T14:25:00Z,98.92,88.00,20.00,3.00,73.00,58.00,1.00,1.00,1.00,1.00,1.00,1.00,1.00
2024-08-10T14:29:00Z,98.92,88.00,20.00,3.00,73.00,58.00,1.00,1.00,1.00,1.00,1.00,1.00,1.00
2024-08-10T15:03:00Z,98.92,88.00,40.00,3.00,73.00,58.00,1.00,1.00,1.00,1.00,1.00,1.00,1.00
2024-08-10T15:15:00Z,98.92,88.00,40.00,4.00,73.00,58.00,1.00,1.00,1.00,1.00,1.00,1.00,1.00
2024-08-10T15:24:00Z,98.92,88.00,40.00,4.00,1.00,58.00,1.00,1.00,1.00,1.00,1.00,1.00,1.00
2024-08-10T16:16:00Z,98.92,88.00,40.00,4.00,1.00,58.00,1.00,1.00,1.00,1.00,1.00,1.00,1.00
2024-08-10T16:24:00Z,98.92,90.00,40.00,4.00,1.00,58.00,1.00,1.00,1.00,1.00,1.00,1.00,1.00
2024-08-10T16:27:00Z,98.92,91.00,40.00,4.00,1.00,58.00,1.00,1.00,1.00,1.00,1.00,1.00,1.00
2024-08-10T16:49:00Z,98.92,91.00,40.00,4.00,1.00,58.00,1.00,1.00,1.00,1.00,1.00,1.00,1.00
2024-08-10T17:10:00Z,98.92,91.00,40.00,4.00,1.00,58.00,1.00,1.00,1.00,1.00,1.00,1.00,1.00
2024-08-10T18:15:00Z,98.92,91.00,40.00,4.00,1.00,58.00,1.00,1.00,1.00,1.00,1.00,1.00,1.00
2024-08-10T18:25:00Z,98.92,91.00,25.00,4.00,1.00,58.00,1.00,1.00,1.00,1.00,1.00,1.00,1.00
2024-08-10T20:05:00Z,98.92,91.00,25.00,3.00,1.00,58.00,1.00,1.00,1.00,1.00,1.00,1.00,1.00
2024-08-10T20:38:00Z,98.92,91.00,25.00,3.00,1.00,58.00,1.00,1.00,1.00,1.00,1.00,1.00,1.00
2024-08-10T21:30:00Z,98.92,94.00,25.00,3.00,1.00,58.00,1.00,1.00,1.00,1.00,1.00,1.00,1.00
2024-08-10T22:04:00Z,98.92,94.00,25.00,3.00,1.00,58.00,1.00,1.00,1.00,1.00,1.00,1.00,1.00
2024-08-10T22:06:00Z,99.00,94.00,25.00,3.00,1.00,58.00,1.00,1.00,1.00,1.00,1.00,1.00,1.00
2024-08-10T22:14:00Z,99.00,94.00,25.00,3.00,1.00,58.00,1.00,1.00,1.00,1.00,1.00,1.00,1.00
2024-08-10T23:18:00Z,99.00,94.00,25.00,1.00,1.00,58.00,1.00,1.00,1.00,1.00,1.00,1.00,1.00
2024-08-10T23:23:00Z,99.00,94.00,39.95,1.00,1.00,58.00,1.00,1.00,1.00,1.00,1.00,1.00,1.00
2024-08-10T23:38:00Z,99.00,94.00,40.00,1.00,1.00,58.00,1.00,1.00,1.00,1.00,1.00,1.00,1.00
2024-08-10T23:54:00Z,99.00,94.00,40.00,1.00,1.00,58.00,1.00,1.00,1.00,1.00,1.00,1.00,1.00
2024-08-11T00:51:00Z,99.00,94.00,40.00,1.00,1.00,58.00,1.00,1.00,1.00,1.00,1.00,1.00,1.00
2024-08-11T01:42:00Z,99.00,94.00,40.00,1.00,1.00,58.00,1.00,1.00,1.00,1.00,1.00,1.00,1.00
2024-08-11T14:15:00Z,99.00,93.50,40.00,1.00,1.00,58.00,1.00,1.00,1.00,1.00,1.00,1.00,1.00
2024-08-11T15:14:00Z,99.00,93.50,25.00,1.00,1.00,58.00,1.00,1.00,1.00,1.00,1.00,1.00,1.00
2024-08-11T15:44:00Z,99.00,99.00,25.00,1.00,1.00,58.00,1.00,1.00,1.00,1.00,1.00,1.00,1.00
2024-08-11T16:35:00Z,99.00,99.00,25.00,1.00,1.00,58.00,1.00,1.00,1.00,1.00,1.00,1.00,1.00
2024-08-11T16:51:00Z,99.00,99.00,12.58,1.00,1.00,58.00,1.00,1.00,1.00,1.00,1.00,1.00,1.00
2024-08-11T17:49:00Z,99.00,99.00,30.00,1.00,1.00,58.00,1.00,1.00,1.00,1.00,1.00,1.00,1.00
2024-08-11T17:50:00Z,99.00,99.00,30.00,1.00,1.00,58.00,1.00,1.00,1.00,1.00,1.00,1.00,1.00
2024-08-11T17:51:00Z,99.00,99.00,30.00,1.00,1.00,58.00,1.00,1.00,1.00,1.00,1.00,1.00,1.00
2024-08-11T18:30:00Z,99.00,94.50,22.00,1.00,1.00,58.00,1.00,1.00,1.00,1.00,1.00,1.00,1.00
2024-08-11T18:33:00Z,99.00,94.00,22.00,1.00,1.00,58.00,1.00,1.00,1.00,1.00,1.00,1.00,1.00
2024-08-11T18:34:00Z,99.00,94.00,18.00,1.00,1.00,58.00,1.00,1.00,1.00,1.00,1.00,1.00,1.00
2024-08-11T18:41:00Z,99.00,94.00,18.00,1.00,1.00,58.00,1.00,1.00,1.00,1.00,1.00,1.00,1.00
2024-08-11T18:42:00Z,99.00,94.00,18.00,1.00,1.00,58.00,1.00,1.00,1.00,1.00,1.00,1.00,1.00
2024-08-11T18:57:00Z,99.00,94.00,12.00,1.00,1.00,58.00,1.00,1.00,1.00,1.00,1.00,1.00,1.00
2024-08-11T19:14:00Z,99.00,94.00,10.13,1.00,1.00,58.00,1.00,1.00,1.00,1.00,1.00,1.00,1.00
2024-08-11T19:26:00Z,99.00,78.28,10.13,1.00,1.00,58.00,1.00,1.00,1.00,1.00,1.00,1.00,1.00
2024-08-11T20:11:00Z,99.00,95.00,10.13,1.00,1.00,58.00,1.00,1.00,1.00,1.00,1.00,1.00,1.00
2024-08-11T20:38:00Z,99.00,95.00,5.00,1.00,1.00,58.00,1.00,1.00,1.00,1.00,1.00,1.00,1.00
2024-08-11T20:53:00Z,99.00,95.00,10.00,1.00,1.00,58.00,1.00,1.00,1.00,1.00,1.00,1.00,1.00
2024-08-11T21:10:00Z,99.00,95.00,10.00,1.00,1.00,58.00,1.00,1.00,1.00,1.00,1.00,1.00,1.00
2024-08-11T21:11:00Z,99.00,95.00,10.00,1.00,1.00,58.00,1.00,1.00,1.00,1.00,1.00,1.00,1.00
2024-08-11T23:45:00Z,99.00,95.00,10.00,1.00,1.00,58.00,1.00,1.00,1.00,1.00,1.00,1.00,1.00
2024-08-12T00:01:00Z,99.00,95.00,5.00,1.00,1.00,58.00,1.00,1.00,1.00,1.00,1.00,1.00,1.00
2024-08-12T00:05:00Z,99.00,95.00,10.00,1.00,1.00,58.00,1.00,1.00,1.00,1.00,1.00,1.00,1.00
2024-08-12T02:31:00Z,99.00,95.00,5.00,1.00,1.00,58.00,1.00,1.00,1.00,1.00,1.00,1.00,1.00
2024-08-12T02:32:00Z,99.00,95.00,9.00,1.00,1.00,58.00,1.00,1.00,1.00,1.00,1.00,1.00,1.00
2024-08-12T02:45:00Z,99.00,95.00,5.00,1.00,1.00,58.00,1.00,1.00,1.00,1.00,1.00,1.00,1.00
2024-08-12T02:46:00Z,99.00,95.00,5.00,1.00,1.00,58.00,1.00,1.00,1.00,1.00,1.00,1.00,1.00
2024-08-12T02:51:00Z,99.00,95.00,9.00,1.00,1.00,58.00,1.00,1.00,1.00,1.00,1.00,1.00,1.00
2024-08-12T03:43:00Z,99.00,95.00,5.00,1.00,1.00,58.00,1.00,1.00,1.00,1.00,1.00,1.00,1.00
2024-08-12T12:35:00Z,99.00,95.00,2.00,1.00,1.00,58.00,1.00,1.00,1.00,1.00,1.00,1.00,1.00
2024-08-12T13:01:00Z,99.00,95.00,2.00,1.00,1.00,58.00,1.00,1.00,1.00,1.00,1.00,1.00,1.00
2024-08-12T13:19:00Z,99.00,95.00,2.00,1.00,1.00,58.00,1.00,1.00,1.00,1.00,1.00,1.00,1.00
2024-08-12T13:56:00Z,99.00,95.00,34.03,1.00,1.00,58.00,1.00,1.00,1.00,1.00,1.00,1.00,1.00
2024-08-12T13:59:00Z,99.00,95.00,1.00,1.00,1.00,58.00,1.00,1.00,1.00,1.00,1.00,1.00,1.00