timestamp,Above 45,Above 55,Above 57,Above 60,Above 62,Above 65,Above 75,Above 90
2025-10-17T17:17:00Z,48.00,,,,,,,
2025-10-17T18:03:00Z,48.00,,,25.00,,,7.00,
2025-10-17T18:30:00Z,53.00,,,25.00,,,7.00,
2025-10-17T18:38:00Z,58.00,,,25.00,,,7.00,
2025-10-17T18:44:00Z,58.00,,,25.00,,,7.00,
2025-10-17T19:02:00Z,58.00,,,25.00,,,7.00,
2025-10-17T19:31:00Z,58.00,,,28.00,,,7.00,
2025-10-17T19:36:00Z,58.00,,,28.00,,,7.00,
2025-10-17T20:03:00Z,58.00,,,24.00,,,7.00,
2025-10-17T20:10:00Z,58.00,,,27.72,,,7.00,
2025-10-17T20:38:00Z,58.23,,,27.72,,,7.00,
2025-10-17T21:03:00Z,58.23,,,26.00,,,7.00,
2025-10-17T21:23:00Z,60.00,,,27.00,,,7.00,
2025-10-17T22:03:00Z,60.00,,,27.00,,,7.00,
2025-10-17T22:05:00Z,60.00,,,28.77,,,7.00,
2025-10-17T22:16:00Z,60.00,,,31.00,,,7.00,
2025-10-17T23:02:00Z,61.00,,,31.00,,,7.00,
2025-10-17T23:03:00Z,61.00,,,30.00,,,8.00,
2025-10-17T23:07:00Z,62.00,,,25.69,,,8.39,
2025-10-17T23:09:00Z,62.00,,,21.00,,,8.39,
2025-10-17T23:13:00Z,62.00,,,30.00,,,8.39,
2025-10-17T23:28:00Z,63.00,,,30.00,,,8.39,
2025-10-18T00:03:00Z,63.00,,,30.00,,,9.00,
2025-10-18T00:40:00Z,63.00,,,30.00,,,9.00,
2025-10-18T00:43:00Z,63.00,,,30.00,,,9.00,
2025-10-18T01:03:00Z,63.00,,,30.00,,,9.00,
2025-10-18T01:41:00Z,63.00,,,30.00,,,9.00,
2025-10-18T02:03:00Z,63.00,,,30.00,,,9.00,
2025-10-18T02:55:00Z,63.00,,,30.00,,,9.00,
2025-10-18T03:03:00Z,63.00,,,30.00,,,9.00,
2025-10-18T03:52:00Z,63.00,,,30.98,,,9.00,
2025-10-18T04:34:00Z,63.00,,,30.64,,,9.00,
2025-10-18T04:37:00Z,63.00,,,22.00,,,9.00,
2025-10-18T05:03:00Z,63.00,,,22.00,,,8.00,
2025-10-18T05:56:00Z,63.00,,,30.00,,,8.00,
2025-10-18T06:03:00Z,63.00,,,30.00,,,8.00,
2025-10-18T06:12:00Z,63.00,,,30.00,,,8.00,
2025-10-18T06:19:00Z,63.00,,,31.04,,,8.00,
2025-10-18T07:03:00Z,63.00,,,31.04,,,8.00,
2025-10-18T07:11:00Z,63.00,,,31.04,,,8.31,
2025-10-18T07:17:00Z,63.00,,,31.04,,,8.31,
2025-10-18T08:04:00Z,63.00,,,33.47,,,8.31,
2025-10-18T08:09:00Z,63.00,,,38.12,,,8.31,
2025-10-18T08:23:00Z,64.57,,,38.12,,,8.31,
2025-10-18T08:34:00Z,60.12,,,38.12,,,8.31,
2025-10-18T12:00:00Z,66.00,,,38.12,,,8.31,
2025-10-18T12:07:00Z,67.53,,,38.12,,,8.31,
2025-10-18T12:15:00Z,57.00,,,38.12,,,8.31,
2025-10-18T13:40:00Z,57.00,,,37.00,,,8.31,
2025-10-18T14:16:00Z,57.00,,,35.00,,,8.31,
2025-10-18T16:49:00Z,67.00,,,35.00,,,8.31,
2025-10-18T17:43:00Z,59.00,,,35.00,,,8.31,
2025-10-18T17:57:00Z,59.00,,,35.00,,,8.31,
2025-10-18T18:24:00Z,67.00,,,35.00,,,8.31,
2025-10-18T18:39:00Z,58.00,,,35.00,,,8.31,
2025-10-18T18:59:00Z,57.00,,,35.00,,,8.31,
2025-10-18T21:34:00Z,63.00,,,35.00,,,8.31,
2025-10-18T21:41:00Z,57.00,,,35.00,,,8.31,
2025-10-18T21:57:00Z,57.00,,,35.00,,,8.31,
2025-10-18T23:29:00Z,64.18,,,35.00,,,8.31,
2025-10-18T23:38:00Z,64.18,,,31.57,,,8.31,
2025-10-19T00:30:00Z,64.18,,,35.00,,,8.31,
2025-10-19T00:53:00Z,64.18,,,35.00,,,8.31,
2025-10-19T00:55:00Z,64.18,,,35.00,,,8.31,
2025-10-19T01:54:00Z,57.00,,,35.00,,,8.31,
2025-10-19T02:40:00Z,57.00,,,35.00,,,8.31,
2025-10-19T02:53:00Z,57.00,,,35.00,,,8.31,4.00
2025-10-19T03:38:00Z,62.00,,,35.00,,,8.31,4.00
2025-10-19T04:14:00Z,62.00,,,35.00,,,8.31,4.00
2025-10-19T04:53:00Z,62.00,,,37.00,,,8.31,4.00
2025-10-19T05:56:00Z,62.00,,,37.00,,,8.31,4.00
2025-10-19T06:29:00Z,62.00,,,37.00,,,8.31,4.00
2025-10-19T09:52:00Z,56.75,,,37.00,,,8.31,4.00
2025-10-19T09:55:00Z,56.75,,,33.00,,,8.31,4.00
2025-10-19T10:31:00Z,56.75,,,32.00,,,8.31,4.00
2025-10-19T11:52:00Z,61.00,,,32.00,,,8.31,4.00
2025-10-19T14:06:00Z,61.00,,,37.47,,,8.31,4.00
2025-10-19T14:48:00Z,61.00,,,31.11,,,8.31,4.00
2025-10-19T15:33:00Z,61.00,,,31.00,,,8.31,4.00
2025-10-19T15:49:00Z,57.00,,,31.00,,,8.31,4.00
2025-10-19T16:15:00Z,57.00,,,36.00,,,8.31,4.00
2025-10-19T16:25:00Z,57.00,,,36.00,,,8.31,4.00
2025-10-19T16:26:00Z,57.00,,,31.00,,,8.31,4.00
2025-10-19T17:23:00Z,60.96,,,31.00,,,8.31,4.00
2025-10-19T18:26:00Z,60.96,,,36.35,,,8.31,4.00
2025-10-19T19:00:00Z,60.96,,,38.01,,,8.31,4.00
2025-10-19T20:54:00Z,60.96,,,38.01,,,14.28,4.00
2025-10-19T22:28:00Z,61.00,,,38.01,,,14.28,4.00
2025-10-19T23:44:00Z,62.13,,,38.01,,,14.28,4.00
2025-10-20T00:13:00Z,62.13,,,33.00,,,14.28,4.00
2025-10-20T00:36:00Z,64.00,,,33.00,,,14.28,4.00
2025-10-20T00:55:00Z,64.00,,,38.00,,,14.28,4.00
2025-10-20T01:10:00Z,64.00,,,38.00,,,14.28,4.00
2025-10-20T01:34:00Z,64.00,,,38.00,,,11.00,4.00
2025-10-20T02:02:00Z,62.00,,,38.00,,,11.00,4.00
2025-10-20T02:05:00Z,62.00,,,38.00,,,11.00,4.00
2025-10-20T02:07:00Z,60.00,,,38.00,,,11.00,4.00
2025-10-20T02:51:00Z,62.00,,,38.00,,,11.00,4.00
2025-10-20T03:23:00Z,62.00,,,38.00,,,11.00,4.00
2025-10-20T03:45:00Z,62.00,,,33.00,,,11.00,4.00
2025-10-20T04:20:00Z,58.44,,,33.00,,,11.00,4.00
2025-10-20T04:45:00Z,58.44,,,37.00,,,11.86,4.00
2025-10-20T05:15:00Z,58.44,,,37.00,,,11.86,4.92
2025-10-20T06:48:00Z,58.44,,,37.00,,,11.86,4.92
2025-10-20T12:17:00Z,58.44,,,37.00,,,12.00,4.92
2025-10-20T12:53:00Z,61.50,,,37.00,,,12.00,4.92
2025-10-20T13:13:00Z,62.00,,,37.00,,,12.00,4.92
2025-10-20T14:17:00Z,62.00,,,33.00,,,12.00,4.92
2025-10-20T14:32:00Z,62.00,,,33.00,,,12.00,4.92
2025-10-20T14:39:00Z,63.00,,,33.00,,,12.00,4.92
2025-10-20T14:59:00Z,60.00,,,33.00,,,12.00,4.92
2025-10-20T15:00:00Z,63.00,,,33.00,,,12.00,4.92
2025-10-20T15:03:00Z,63.00,,,37.00,,,12.00,4.92
2025-10-20T15:08:00Z,63.00,,,37.00,,,12.00,4.92
2025-10-20T15:27:00Z,63.00,,,37.00,,,12.00,4.92
2025-10-20T16:04:00Z,63.00,,,36.00,,,11.00,4.92
2025-10-20T16:49:00Z,63.00,,,36.00,,,11.00,4.92
2025-10-20T17:01:00Z,66.89,,,36.00,,,11.00,4.92
2025-10-20T17:06:00Z,66.89,,,36.00,,,11.00,4.92
2025-10-20T17:13:00Z,68.00,,,36.00,,,11.00,4.92
2025-10-20T18:03:00Z,66.27,,,36.00,,,11.00,4.92
2025-10-20T19:03:00Z,66.27,,,36.00,,,11.00,4.92
2025-10-20T19:19:00Z,59.78,,,36.00,,,11.00,4.92
2025-10-20T19:33:00Z,66.00,,,36.00,,,11.00,4.92
2025-10-20T20:00:00Z,66.00,,,36.00,,,11.00,4.92
2025-10-20T20:03:00Z,66.00,,,36.00,,,11.00,4.92
2025-10-20T21:03:00Z,66.00,,,36.00,,,11.00,4.92
2025-10-20T22:03:00Z,66.00,,,36.00,,,11.00,4.92
2025-10-20T23:03:00Z,66.00,,,36.00,,,11.00,4.92
2025-10-20T23:15:00Z,66.00,,,36.00,,,11.00,4.92
2025-10-20T23:29:00Z,66.98,,,36.00,,,11.00,4.92
2025-10-20T23:30:00Z,66.98,,,36.00,,,11.00,4.92
2025-10-20T23:53:00Z,63.00,,,36.00,,,11.00,4.92
2025-10-21T00:03:00Z,63.00,,,36.00,,,11.00,4.92
2025-10-21T00:37:00Z,63.00,,,37.00,,,11.00,4.92
2025-10-21T00:52:00Z,63.00,,,37.00,,,11.00,4.92
2025-10-21T01:12:00Z,67.00,,,37.00,,,11.00,4.92
2025-10-21T02:31:00Z,67.00,,,37.00,,,11.18,4.92
2025-10-21T03:03:00Z,67.00,,,36.00,,,11.18,4.92
2025-10-21T03:55:00Z,67.00,,,36.00,,,11.18,4.92
2025-10-21T05:13:00Z,68.00,,,36.00,,,11.18,4.92
2025-10-21T06:08:00Z,68.00,,,36.00,,,11.18,5.00
2025-10-21T07:43:00Z,68.00,,,36.00,,,11.18,5.00
2025-10-21T09:30:00Z,68.00,,,36.00,,,14.79,5.00
2025-10-21T11:23:00Z,68.00,,,36.00,,,8.00,5.00
2025-10-21T12:00:00Z,68.00,,,30.62,,,8.00,5.00
2025-10-21T13:20:00Z,68.00,,,36.00,,,8.00,5.00
2025-10-21T13:21:00Z,68.00,,,31.62,,,8.00,5.00
2025-10-21T13:47:00Z,68.00,,,31.00,,,8.00,5.00
2025-10-21T14:03:00Z,68.00,,,31.00,,,7.00,5.00
2025-10-21T15:40:00Z,68.00,,,31.00,,,7.00,5.00
2025-10-21T15:49:00Z,68.00,,,36.00,,,7.00,5.00
2025-10-21T15:56:00Z,63.00,,,31.00,,,7.00,5.00
2025-10-21T18:29:00Z,63.00,,,31.00,,,7.00,5.00
2025-10-21T21:01:00Z,63.00,,,31.00,,,7.00,5.00
2025-10-22T00:03:00Z,63.00,,,35.00,,,10.00,5.00
2025-10-22T01:02:00Z,63.00,,,35.00,,,10.00,5.00
2025-10-22T01:47:00Z,63.00,,,31.00,,,10.00,5.00
2025-10-22T03:12:00Z,67.00,,,31.00,,,10.00,5.00
2025-10-22T03:13:00Z,67.00,,,35.60,,,8.00,5.00
2025-10-22T04:24:00Z,69.45,,,35.60,,,8.00,5.00
2025-10-22T04:38:00Z,69.45,,,35.43,,,8.00,5.00
2025-10-22T04:58:00Z,69.45,,,35.43,,,10.50,5.00
2025-10-22T05:02:00Z,69.45,,,36.00,,,10.50,5.00
2025-10-22T10:57:00Z,60.03,,,36.00,,,10.50,5.00
2025-10-22T19:43:00Z,60.03,,,37.00,,,10.50,5.00
2025-10-23T00:02:00Z,60.03,,,37.00,,,10.00,5.00
2025-10-23T01:02:00Z,60.03,,,37.00,,,10.00,5.00
2025-10-23T02:03:00Z,60.03,,,37.00,,,10.00,5.00
2025-10-23T03:02:00Z,60.03,,,37.00,,,10.00,5.00
2025-10-23T03:33:00Z,60.03,,,33.00,,,10.00,5.00
2025-10-23T04:03:00Z,60.03,,,32.00,,,10.00,5.00
2025-10-23T05:03:00Z,60.03,,,32.00,,,10.00,5.00
2025-10-23T05:38:00Z,60.00,,,32.00,,,10.00,5.00
2025-10-23T06:14:00Z,60.00,,,32.31,,,10.00,5.00
2025-10-23T06:56:00Z,67.52,,,32.31,,,10.00,5.00
2025-10-23T14:38:00Z,67.52,,,33.00,,,10.00,5.00
2025-10-23T23:26:00Z,67.52,,,33.00,,,10.00,5.00
2025-10-24T05:00:00Z,67.44,,,33.00,,,10.00,5.00
2025-10-24T05:11:00Z,67.44,,,33.00,,,11.68,5.00
2025-10-24T05:23:00Z,67.44,,,32.00,,,11.68,5.00
2025-10-24T07:23:00Z,67.44,,,33.00,,,11.68,5.00
2025-10-24T10:40:00Z,67.44,,,31.00,,,11.68,5.00
2025-10-24T13:30:00Z,61.68,,,31.00,,,11.68,5.00
2025-10-24T14:01:00Z,61.68,,,33.00,,,11.68,5.00
2025-10-24T15:07:00Z,61.68,,,31.12,,,11.68,5.00
2025-10-24T16:43:00Z,61.68,,,31.12,,,11.00,5.00
2025-10-24T16:52:00Z,61.68,,,29.00,,,11.00,5.00
2025-10-24T17:30:00Z,61.68,,,32.10,,,11.00,5.00
2025-10-24T19:08:00Z,61.68,,,33.00,,,11.00,5.00
2025-10-24T20:15:00Z,60.22,,,33.00,,,11.00,5.00
2025-10-24T21:35:00Z,60.22,,,31.00,,,11.00,5.00
2025-10-24T22:20:00Z,64.00,,,31.00,,,11.00,5.00
2025-10-25T00:56:00Z,64.00,,,32.00,,,11.00,5.00
2025-10-25T01:04:00Z,60.00,,,32.00,,,11.00,5.00
2025-10-25T05:12:00Z,59.19,,,32.00,,,11.00,5.00
2025-10-25T14:43:00Z,64.00,,,32.00,,,11.00,5.00
2025-10-25T14:44:00Z,64.00,,,32.00,,,11.00,5.00
2025-10-25T16:22:00Z,64.31,,,32.00,,,11.00,5.00
2025-10-25T17:36:00Z,64.31,,,32.00,,,14.16,5.00
2025-10-25T19:19:00Z,64.31,,,32.00,,,9.16,5.00
2025-10-26T00:09:00Z,64.31,,,33.00,,,9.16,5.00
2025-10-26T06:59:00Z,64.31,,,19.00,,,9.16,5.00
2025-10-26T16:53:00Z,64.31,,,32.00,,,9.16,5.00
2025-10-26T17:03:00Z,64.31,,,32.00,,,11.00,5.00
2025-10-26T18:27:00Z,64.31,,,32.00,,,11.00,5.00
2025-10-26T18:54:00Z,65.00,,,32.00,,,11.00,5.00
2025-10-26T21:12:00Z,65.00,,,32.00,,,11.00,5.00
2025-10-27T01:03:00Z,65.00,,,32.00,,,9.57,5.00
2025-10-27T01:26:00Z,65.00,,,32.00,,,9.57,5.00
2025-10-27T06:16:00Z,65.00,,,32.00,,,9.57,5.00
2025-10-27T11:38:00Z,57.00,,,32.00,,,9.57,5.00
2025-10-27T12:51:00Z,57.00,,,28.00,,,9.57,5.00
2025-10-27T12:54:00Z,57.00,,,33.00,,,9.57,5.00
2025-10-27T15:15:00Z,57.00,,,32.00,,,9.57,5.00
2025-10-27T17:01:00Z,57.00,,,24.66,,,9.57,5.00
2025-10-27T18:03:00Z,57.00,,,28.00,,,9.57,5.00
2025-10-27T19:47:00Z,56.21,,,28.00,,,9.57,5.00
2025-10-27T22:28:00Z,56.21,,,29.00,,,9.57,5.00
2025-10-27T22:30:00Z,61.52,,,29.00,,,9.57,5.00
2025-10-27T23:12:00Z,61.70,,,29.00,,,9.57,5.00
2025-10-28T01:29:00Z,64.00,,,29.00,,,9.57,5.00
2025-10-28T02:16:00Z,63.00,,,29.00,,,9.57,5.00
2025-10-28T02:25:00Z,63.00,,,29.00,,,9.00,5.00
2025-10-28T07:38:00Z,59.00,,,29.00,,,9.00,5.00
2025-10-28T10:03:00Z,59.00,,,28.00,,,9.00,5.00
2025-10-28T10:15:00Z,59.00,,,28.00,,,9.00,5.00
2025-10-28T14:08:00Z,59.00,,,28.00,,,9.00,5.00
2025-10-28T16:11:00Z,59.00,,,29.66,,,9.00,5.00
2025-10-28T16:36:00Z,59.00,,,32.00,,,9.00,5.00
2025-10-28T23:49:00Z,59.00,,,26.60,,,9.00,5.00
2025-10-29T05:54:00Z,59.00,,,26.60,,,10.00,5.00
2025-10-29T05:55:00Z,59.00,,,26.60,,,10.00,3.00
2025-10-29T08:18:00Z,59.00,,,32.00,,,10.00,3.00
2025-10-29T08:19:00Z,59.00,,,32.00,,,10.00,3.00
2025-10-29T08:34:00Z,59.00,,,32.00,,,10.00,3.00
2025-10-29T08:54:00Z,59.00,,,32.00,,,12.00,3.00
2025-10-29T15:11:00Z,59.00,,,32.00,,,12.00,3.00
2025-10-29T15:17:00Z,59.00,,,28.00,,,12.00,3.00
2025-10-29T16:39:00Z,63.00,,,28.00,,,12.00,3.00
2025-10-29T16:40:00Z,65.00,,,28.00,,,12.00,3.00
2025-10-29T16:43:00Z,65.00,,,31.68,,,12.00,3.00
2025-10-29T16:44:00Z,66.00,,,31.68,,,12.00,3.00
2025-10-29T18:09:00Z,67.00,,,31.68,,,12.00,3.00
2025-10-29T18:18:00Z,67.00,,,28.00,,,12.00,3.00
2025-10-29T19:00:00Z,67.00,,,32.90,,,12.00,3.00
2025-10-29T22:29:00Z,67.00,,,32.90,,,12.00,3.00
2025-10-29T22:30:00Z,67.00,,,35.00,,,12.00,3.00
2025-10-29T23:53:00Z,67.00,,,36.00,,,12.00,3.00
2025-10-30T00:19:00Z,67.00,,,36.00,,,12.00,3.00
2025-10-30T00:49:00Z,67.00,,,36.00,,,12.00,3.00
2025-10-30T03:03:00Z,67.00,,,36.00,,,12.00,3.00
2025-10-30T04:46:00Z,63.00,,,30.18,,,12.00,3.00
2025-10-30T04:47:00Z,63.00,,,28.96,,,12.00,3.00
2025-10-30T11:51:00Z,62.60,,,28.96,,,12.00,3.00
2025-10-30T13:12:00Z,62.00,,,28.96,,,12.00,3.00
2025-10-30T14:23:00Z,62.00,,,34.38,,,12.00,3.00
2025-10-30T14:35:00Z,62.00,,,28.00,,,12.00,3.00
2025-10-30T14:49:00Z,62.00,,,27.00,,,12.00,3.00
2025-10-30T14:56:00Z,66.00,,,27.00,,,12.00,3.00
2025-10-30T15:45:00Z,66.00,,,27.00,,,12.00,3.00
2025-10-30T15:46:00Z,67.00,,,27.00,,,12.00,3.00
2025-10-30T15:49:00Z,67.00,,,33.00,,,12.00,3.00
2025-10-30T17:45:00Z,67.00,,,26.00,,,12.00,3.00
2025-10-30T18:46:00Z,62.00,,,26.00,,,12.00,3.00
2025-10-30T20:01:00Z,62.00,,,32.95,,,12.00,3.00
2025-10-30T22:06:00Z,67.00,,,32.95,,,12.00,3.00
2025-10-30T22:45:00Z,67.00,,,33.00,,,12.00,3.00
2025-10-30T23:22:00Z,67.00,,,33.00,,,12.00,3.00
2025-10-30T23:47:00Z,67.00,,,33.00,,,11.00,3.00
2025-10-31T02:21:00Z,67.00,,,33.00,,,8.00,3.00
2025-10-31T02:22:00Z,62.00,,,29.00,,,8.00,3.00
2025-10-31T03:24:00Z,62.00,,,29.00,,,11.00,3.00
2025-10-31T09:03:00Z,66.00,,,29.00,,,11.00,3.00
2025-10-31T10:47:00Z,66.00,,,33.00,,,11.00,3.00
2025-10-31T17:06:00Z,66.00,,,33.00,,,11.00,3.00
2025-10-31T18:26:00Z,66.00,,,30.00,,,11.00,3.00
2025-10-31T18:27:00Z,66.00,,,30.00,,,11.00,3.00
2025-10-31T18:36:00Z,66.00,,,30.00,,,11.00,3.00
2025-10-31T19:24:00Z,62.00,,,30.00,,,11.00,3.00
2025-10-31T19:27:00Z,62.00,,,33.00,,,11.00,3.00
2025-10-31T19:55:00Z,62.00,,,33.00,,,11.00,3.00
2025-10-31T21:08:00Z,62.00,,,33.00,,,11.00,3.00
2025-10-31T22:12:00Z,62.00,,,33.00,,,11.00,3.00
2025-10-31T23:02:00Z,61.65,,,33.00,,,11.00,3.00
2025-11-01T03:34:00Z,61.65,,,33.00,,,11.00,3.00
2025-11-01T06:50:00Z,60.27,,,33.00,,,11.00,3.00
2025-11-01T08:32:00Z,60.27,,,29.48,,,11.00,3.00
2025-11-01T17:04:00Z,60.27,,,30.00,,,11.00,3.00
2025-11-01T17:24:00Z,60.27,,,30.00,,,11.00,3.00
2025-11-01T17:34:00Z,60.27,,,29.00,,,11.00,3.00
2025-11-01T17:44:00Z,60.27,,,27.00,,,11.00,3.00
2025-11-01T20:11:00Z,64.00,,,27.00,,,11.00,3.00
2025-11-02T00:25:00Z,64.00,,,27.00,,,11.00,3.00
2025-11-02T01:01:00Z,64.00,,,27.00,,,11.00,3.00
2025-11-02T04:26:00Z,64.00,,,31.00,,,11.00,3.00
2025-11-02T06:07:00Z,64.00,,,31.81,,,11.00,3.00
2025-11-02T07:58:00Z,61.00,,,31.81,,,11.00,3.00
2025-11-02T08:25:00Z,61.00,,,31.81,,,10.88,3.00
2025-11-02T13:47:00Z,61.00,,,31.81,,,10.88,3.00
2025-11-02T14:11:00Z,60.50,,,31.81,,,10.88,3.00
2025-11-02T15:07:00Z,60.50,,,28.00,,,10.88,3.00
2025-11-02T15:11:00Z,60.50,,,32.00,,,10.88,3.00
2025-11-02T15:40:00Z,64.75,,,32.00,,,10.88,3.00
2025-11-02T17:56:00Z,59.84,,,32.00,,,10.88,3.00
2025-11-02T19:12:00Z,65.00,,,32.00,,,10.88,3.00
2025-11-02T20:13:00Z,65.00,,,32.00,,,10.88,3.00
2025-11-02T22:47:00Z,65.00,,,30.00,,,10.88,3.00
2025-11-02T23:29:00Z,65.00,,,30.00,,,7.54,3.00
2025-11-02T23:58:00Z,65.00,,,28.95,,,7.54,3.00
2025-11-03T00:58:00Z,65.00,,,27.00,,,7.54,3.00
2025-11-03T01:20:00Z,65.00,,,26.28,,,7.54,3.00
2025-11-03T02:08:00Z,65.00,,,26.28,,,11.00,3.00
2025-11-03T02:49:00Z,61.00,,,26.28,,,11.00,3.00
2025-11-03T03:55:00Z,61.00,,,29.33,,,11.00,3.00
2025-11-03T04:11:00Z,61.00,,,29.33,,,11.00,3.00
2025-11-03T04:31:00Z,61.00,,,29.86,,,11.00,3.00
2025-11-03T05:17:00Z,64.00,,,29.00,,,11.00,3.00
2025-11-03T05:45:00Z,64.00,,,27.00,,,11.00,3.00
2025-11-03T09:30:00Z,64.00,,,30.74,,,11.00,3.00
2025-11-03T12:10:00Z,64.00,,,27.00,,,11.00,3.00
2025-11-03T13:27:00Z,64.00,,,31.90,,,11.00,3.00
2025-11-03T15:19:00Z,64.00,,,31.90,,,7.23,3.00
2025-11-03T16:09:00Z,65.00,,,31.90,,,7.23,3.00
2025-11-03T16:50:00Z,63.00,,,31.90,,,7.23,3.00
2025-11-03T18:48:00Z,62.00,,,31.90,,,7.23,3.00
2025-11-03T19:30:00Z,62.00,,,31.46,,,7.23,3.00
2025-11-03T20:39:00Z,62.00,,,32.00,,,7.23,3.00
2025-11-03T21:12:00Z,65.00,,,32.00,,,7.23,3.00
2025-11-04T00:45:00Z,65.12,,,32.00,,,7.23,3.00
2025-11-04T01:12:00Z,65.12,,,32.53,,,7.23,3.00
2025-11-04T03:02:00Z,59.95,,,32.53,,,7.23,3.00
2025-11-04T03:03:00Z,60.00,,,32.53,,,7.23,3.00
2025-11-04T03:08:00Z,60.00,,,27.00,,,7.23,3.00
2025-11-04T03:39:00Z,60.00,,,26.00,,,7.23,3.00
2025-11-04T05:56:00Z,60.00,,,32.92,,,7.23,3.00
2025-11-04T07:07:00Z,64.18,,,27.00,,,7.00,3.00
2025-11-04T07:09:00Z,59.14,,,27.00,,,7.00,3.00
2025-11-04T09:27:00Z,59.14,,,33.00,,,7.00,3.00
2025-11-04T15:56:00Z,59.14,,,33.00,,,7.00,3.00
2025-11-04T18:37:00Z,67.00,,,33.00,,,7.00,3.00
2025-11-04T19:04:00Z,67.00,,,33.00,,,6.00,3.00
2025-11-04T19:13:00Z,59.50,,,33.00,,,6.00,3.00
2025-11-04T19:53:00Z,59.50,,,21.00,,,6.00,3.00
2025-11-04T20:22:00Z,59.50,,,20.95,,,6.00,3.00
2025-11-04T22:31:00Z,63.00,,,20.95,,,6.00,3.00
2025-11-04T22:33:00Z,62.00,,,20.95,,,6.00,3.00
2025-11-04T22:42:00Z,62.00,,,20.95,,,3.00,3.00
2025-11-05T00:33:00Z,62.00,,,20.95,,,4.94,3.00
2025-11-05T00:41:00Z,62.00,,,27.00,,,4.94,3.00
2025-11-05T01:00:00Z,62.00,,,21.00,,,4.94,3.00
2025-11-05T01:27:00Z,63.00,,,27.82,,,4.94,3.00
2025-11-05T02:56:00Z,69.00,,,27.82,,,4.94,3.00
2025-11-05T04:25:00Z,70.00,,,27.00,,,4.94,3.00
2025-11-05T04:33:00Z,70.00,,,27.64,,,4.94,3.00
2025-11-05T06:10:00Z,70.00,,,28.00,,,4.94,3.00
2025-11-05T06:16:00Z,70.00,,,22.00,,,4.94,3.00
2025-11-05T06:18:00Z,70.00,,,22.00,,,4.94,3.00
2025-11-05T06:22:00Z,70.00,,,22.00,,,5.47,3.00
2025-11-05T06:32:00Z,70.00,,,22.00,,,5.47,3.00
2025-11-05T11:00:00Z,70.00,,,27.00,,,5.47,3.00
2025-11-05T11:07:00Z,70.00,,,27.93,,,5.47,3.00
2025-11-05T11:08:00Z,70.00,,,28.00,,,5.47,3.00
2025-11-05T11:28:00Z,70.00,,,28.00,,,5.47,3.00
2025-11-05T11:59:00Z,70.00,,,28.00,,,5.47,3.00
2025-11-05T12:18:00Z,70.00,,,28.00,,,5.47,3.00
2025-11-05T12:19:00Z,70.00,,,28.00,,,5.47,3.00
2025-11-05T12:22:00Z,70.00,,,28.00,,,5.47,3.00
2025-11-05T12:35:00Z,70.00,,,28.00,,,5.47,3.00
2025-11-05T14:27:00Z,70.00,,,28.00,,,5.47,3.00
2025-11-05T16:05:00Z,64.87,,,28.00,,,5.47,3.00
2025-11-05T16:09:00Z,64.87,,,28.00,,,6.00,3.00
2025-11-05T17:02:00Z,64.87,,,28.00,,,6.00,3.00
2025-11-05T17:12:00Z,64.87,,,28.00,,,6.00,3.00
2025-11-05T17:33:00Z,64.87,,,28.00,,,6.00,3.00
2025-11-05T17:54:00Z,63.00,,,28.00,,,6.00,3.00
2025-11-05T18:00:00Z,63.00,,,28.41,,,6.00,3.00
2025-11-05T18:06:00Z,63.00,,,28.41,,,6.00,3.00
2025-11-05T19:20:00Z,63.00,,,28.41,,,3.07,3.00
2025-11-05T19:40:00Z,63.00,,,28.41,,,3.07,3.00
2025-11-05T20:30:00Z,67.00,,,28.41,,,3.07,3.00
2025-11-05T23:47:00Z,67.00,,,28.00,,,3.07,3.00
2025-11-06T02:22:00Z,67.00,,,28.00,,,3.07,3.00
2025-11-06T02:23:00Z,67.00,,,28.00,,,7.00,3.00
2025-11-06T05:26:00Z,68.00,,,28.00,,,7.00,3.00
2025-11-06T05:29:00Z,68.14,,,28.00,,,7.00,3.00
2025-11-06T07:15:00Z,65.96,,,28.00,,,7.00,3.00
2025-11-06T17:50:00Z,69.00,,,28.00,,,7.00,3.00
2025-11-06T19:25:00Z,66.00,,,28.00,,,7.00,3.00
2025-11-06T21:18:00Z,66.00,,,28.00,,,7.00,3.00
2025-11-07T00:00:00Z,66.00,,,28.00,,,7.00,3.00
2025-11-07T01:52:00Z,66.00,,,30.00,,,7.00,3.00
2025-11-07T04:04:00Z,66.00,,,30.00,,,7.00,3.00
2025-11-07T12:43:00Z,70.52,,,31.00,,,7.00,3.00
2025-11-07T14:51:00Z,69.00,,,31.00,,,7.00,3.00
2025-11-07T15:25:00Z,69.00,,,32.00,,,7.00,3.00
2025-11-07T15:28:00Z,69.00,,,32.00,,,7.00,3.00
2025-11-07T15:37:00Z,69.00,,,32.00,,,1.00,3.00
2025-11-07T15:48:00Z,69.00,,,27.00,,,1.00,3.00
2025-11-07T15:50:00Z,69.00,,,27.00,,,1.00,3.00
2025-11-07T16:07:00Z,69.00,,,28.00,,,1.00,3.00
2025-11-07T16:26:00Z,73.00,,,28.00,,,1.00,3.00
2025-11-07T16:31:00Z,73.00,,,28.00,,,1.00,3.00
2025-11-07T16:52:00Z,70.00,,,28.00,,,1.00,3.00
2025-11-07T16:55:00Z,70.00,,,27.00,,,1.00,3.00
2025-11-07T17:02:00Z,70.00,,,27.00,,,1.00,3.00
2025-11-07T17:14:00Z,70.00,,,27.00,,,1.00,3.00
2025-11-07T17:32:00Z,70.00,,,26.00,,,1.00,3.00
2025-11-07T17:40:00Z,74.00,,,26.00,,,1.00,3.00
2025-11-07T18:13:00Z,74.00,,,26.00,,,1.00,3.00
2025-11-07T18:55:00Z,74.00,,,26.00,,,1.00,3.00
2025-11-07T18:59:00Z,74.00,,,26.00,,,1.00,3.00
2025-11-07T19:29:00Z,74.00,,,26.00,,,1.00,3.00
2025-11-07T19:40:00Z,74.00,,,25.00,,,1.00,3.00
2025-11-07T21:03:00Z,74.00,,,28.60,,,1.00,3.00
2025-11-07T21:10:00Z,70.00,,,28.60,,,1.00,3.00
2025-11-07T21:13:00Z,70.00,,,25.00,,,1.00,3.00
2025-11-07T21:21:00Z,70.00,,,25.00,,,1.00,3.00
2025-11-07T21:53:00Z,70.00,,,30.45,,,5.00,3.00
2025-11-07T22:03:00Z,70.00,,,26.00,,,5.00,3.00
2025-11-07T23:26:00Z,70.00,,,26.00,,,5.00,3.00
2025-11-07T23:37:00Z,70.00,,,26.00,,,5.00,3.00
2025-11-08T00:56:00Z,69.37,,,26.00,,,5.00,3.00
2025-11-08T01:22:00Z,73.00,,,26.00,,,5.00,3.00
2025-11-08T02:53:00Z,70.00,,,26.00,,,5.00,3.00
2025-11-08T05:06:00Z,70.00,,,26.00,,,5.00,3.00
2025-11-08T05:13:00Z,70.00,,,26.00,,,6.00,3.00
2025-11-08T07:09:00Z,69.23,,,26.00,,,6.00,3.00
2025-11-08T07:27:00Z,69.23,,,26.00,,,8.24,3.00
2025-11-08T10:51:00Z,69.23,,,33.00,,,8.24,3.00
2025-11-08T13:01:00Z,69.23,,,32.96,,,8.24,3.00
2025-11-08T14:34:00Z,69.23,,,32.96,,,8.00,3.00
2025-11-08T21:32:00Z,69.23,,,32.27,,,8.00,3.00
2025-11-08T22:47:00Z,69.23,,,27.75,,,8.00,3.00
2025-11-08T23:57:00Z,68.43,,,27.75,,,8.00,3.00
2025-11-09T00:24:00Z,67.00,,,27.75,,,8.00,3.00
2025-11-09T01:35:00Z,67.00,,,30.00,,,8.00,3.00
2025-11-09T02:38:00Z,66.00,,,30.00,,,8.00,3.00
2025-11-09T04:20:00Z,66.00,,,23.29,,,8.00,3.00
2025-11-09T05:08:00Z,69.71,,,23.29,,,8.00,3.00
2025-11-09T05:19:00Z,69.71,,,28.56,,,8.00,3.00
2025-11-09T09:32:00Z,69.71,,,27.00,,,8.00,3.00
2025-11-09T12:57:00Z,69.71,,,23.00,,,8.00,3.00
2025-11-09T14:26:00Z,69.71,,,23.00,,,8.00,3.00
2025-11-09T15:11:00Z,70.00,,,23.00,,,8.00,3.00
2025-11-09T15:19:00Z,66.00,,,23.00,,,8.00,3.00
2025-11-09T17:46:00Z,66.00,,,27.00,,,8.00,3.00
2025-11-09T17:47:00Z,70.00,,,27.00,,,8.00,3.00
2025-11-09T18:48:00Z,70.00,,,23.00,,,8.00,3.00
2025-11-09T19:11:00Z,67.86,,,23.00,,,8.00,3.00
2025-11-09T19:25:00Z,67.86,,,23.00,,,7.00,3.00
2025-11-09T20:21:00Z,67.86,,,23.00,,,8.05,1.00
2025-11-09T21:39:00Z,67.86,,,23.00,,,8.05,1.00
2025-11-09T23:38:00Z,67.86,,,25.00,,,8.05,1.00
2025-11-10T00:28:00Z,68.00,,,25.00,,,8.05,1.00
2025-11-10T00:44:00Z,68.00,,,25.00,,,9.00,1.00
2025-11-10T01:00:00Z,68.00,,,25.00,,,9.00,1.00
2025-11-10T03:12:00Z,68.00,,,25.00,,,9.00,1.00
2025-11-10T03:15:00Z,66.00,,,25.00,,,9.00,1.00
2025-11-10T03:28:00Z,66.00,,,25.00,,,9.00,1.00
2025-11-10T05:12:00Z,66.00,,,25.00,,,9.00,1.00
2025-11-10T05:38:00Z,66.00,,,24.00,,,9.00,1.00
2025-11-10T05:43:00Z,66.00,,,24.00,,,9.00,1.00
2025-11-10T05:55:00Z,66.00,,,24.00,,,9.00,1.00
2025-11-10T06:03:00Z,66.00,,,24.00,,,9.00,1.00
2025-11-10T06:08:00Z,66.00,,,24.00,,,9.00,1.00
2025-11-10T09:10:00Z,66.00,,,24.00,,,9.00,1.00
2025-11-10T13:18:00Z,68.00,,,24.00,,,9.00,1.00
2025-11-10T16:05:00Z,66.66,,,24.00,,,9.00,1.00
2025-11-10T16:06:00Z,65.00,,,24.00,,,9.00,1.00
2025-11-10T16:26:00Z,67.00,,,24.00,,,3.25,1.00
2025-11-10T17:11:00Z,67.00,,,23.00,,,3.25,1.00
2025-11-10T18:02:00Z,67.00,,,24.00,,,3.25,1.00
2025-11-10T18:49:00Z,66.88,,,24.00,,,3.25,1.00
2025-11-10T19:06:00Z,66.88,,,25.00,,,3.25,1.00
2025-11-10T20:28:00Z,66.88,,,20.00,,,3.25,1.00
2025-11-10T22:20:00Z,69.00,,,20.00,,,3.25,1.00
2025-11-10T22:38:00Z,69.00,,,20.00,,,7.50,1.00
2025-11-10T22:39:00Z,64.00,,,24.45,,,7.50,1.00
2025-11-10T23:27:00Z,70.00,,,24.45,,,7.50,1.00
2025-11-10T23:37:00Z,70.00,,,24.00,,,7.50,1.00
2025-11-10T23:38:00Z,70.00,,,24.00,,,7.50,1.00
2025-11-11T01:23:00Z,70.00,,,24.00,,,7.50,1.00
2025-11-11T03:00:00Z,70.00,,,24.00,,,7.50,1.00
2025-11-11T03:01:00Z,69.39,,,24.00,,,7.50,1.00
2025-11-11T03:02:00Z,70.00,,,24.00,,,7.50,1.00
2025-11-11T03:36:00Z,67.53,,,24.00,,,7.50,1.00
2025-11-11T03:46:00Z,70.10,,,24.00,,,7.50,1.00
2025-11-11T03:59:00Z,70.10,,,25.00,,,7.50,1.00
2025-11-11T04:06:00Z,72.00,,,25.00,,,7.50,1.00
2025-11-11T04:10:00Z,72.00,,,25.00,,,7.50,1.00
2025-11-11T04:15:00Z,72.00,,,25.00,,,7.50,1.00
2025-11-11T04:21:00Z,72.00,,,24.00,,,7.50,1.00
2025-11-11T04:27:00Z,72.00,,,25.96,,,7.50,1.00
2025-11-11T04:28:00Z,73.84,,,25.96,,,7.50,1.00
2025-11-11T04:29:00Z,76.00,,,25.96,,,7.50,1.00
2025-11-11T04:40:00Z,76.00,,,29.91,,,7.50,1.00
2025-11-11T04:42:00Z,76.00,,,28.00,,,7.50,1.00
2025-11-11T04:53:00Z,76.00,,,31.00,,,7.50,1.00
2025-11-11T04:58:00Z,76.00,,,28.00,,,7.50,1.00
2025-11-11T05:39:00Z,76.00,,,28.00,,,7.50,1.00
2025-11-11T06:07:00Z,76.00,,,31.00,,,7.50,1.00
2025-11-11T06:28:00Z,76.00,,,31.00,,,6.24,1.00
2025-11-11T06:29:00Z,77.00,,,31.00,,,6.24,1.00
2025-11-11T06:52:00Z,74.00,,,31.00,,,6.24,1.00
2025-11-11T07:08:00Z,73.00,,,31.00,,,6.24,1.00
2025-11-11T07:13:00Z,73.00,,,31.00,,,6.24,1.00
2025-11-11T08:04:00Z,72.29,,,31.00,,,6.24,1.00
2025-11-11T08:15:00Z,72.29,,,28.00,,,6.24,1.00
2025-11-11T08:42:00Z,72.69,,,28.00,,,6.24,1.00
2025-11-11T08:58:00Z,72.69,,,28.00,,,7.28,1.00
2025-11-11T09:45:00Z,72.00,,,28.00,,,7.28,1.00
2025-11-11T13:22:00Z,74.00,,,32.00,,,7.28,1.00
2025-11-11T13:23:00Z,75.00,,,32.00,,,7.28,1.00
2025-11-11T13:32:00Z,75.00,,,32.00,,,7.28,1.00
2025-11-11T14:02:00Z,75.00,,,32.00,,,7.28,1.00
2025-11-11T14:06:00Z,77.00,,,32.00,,,7.28,1.00
2025-11-11T14:11:00Z,77.00,,,36.96,,,7.28,1.00
2025-11-11T14:12:00Z,95.40,,,36.96,,,4.00,1.00
2025-11-11T14:13:00Z,95.40,,,41.00,,,4.00,1.00
2025-11-11T14:16:00Z,95.40,,,41.00,,,4.00,1.00
2025-11-11T14:17:00Z,95.40,,,41.00,,,4.00,1.00
2025-11-11T14:25:00Z,96.00,,,41.00,,,4.00,1.00
2025-11-11T14:27:00Z,91.00,,,41.00,,,4.00,1.00
2025-11-11T14:28:00Z,96.00,,,41.00,,,4.00,1.00
2025-11-11T14:32:00Z,97.00,,,41.00,,,4.00,1.00
2025-11-11T14:34:00Z,97.00,,,37.07,,,4.00,1.00
2025-11-11T14:36:00Z,95.00,,,37.07,,,4.00,1.00
2025-11-11T14:37:00Z,95.00,,,31.00,,,4.00,1.00
2025-11-11T14:40:00Z,95.00,,,31.00,,,3.00,1.00
2025-11-11T14:42:00Z,95.00,,,31.00,,,2.00,1.00
2025-11-11T14:53:00Z,95.00,,,28.09,,,2.00,1.00
2025-11-11T14:55:00Z,95.00,,,36.00,,,2.00,1.00
2025-11-11T14:58:00Z,80.00,,,36.00,,,2.00,1.00
2025-11-11T15:09:00Z,80.00,,,35.00,,,2.00,1.00
2025-11-11T15:18:00Z,80.00,,,46.95,,,2.00,1.00
2025-11-11T15:23:00Z,93.91,,,46.95,,,2.00,1.00
2025-11-11T15:25:00Z,96.00,,,46.95,,,2.00,1.00
2025-11-11T15:26:00Z,96.00,,,44.00,,,2.00,1.00
2025-11-11T15:31:00Z,96.00,,,44.00,,,2.00,1.00
2025-11-11T15:34:00Z,96.00,,,44.00,,,2.00,1.00
2025-11-11T15:35:00Z,97.00,,,44.00,,,2.00,1.00
2025-11-11T15:36:00Z,97.00,,,44.00,,,2.00,1.00
2025-11-11T15:42:00Z,97.00,,,39.00,,,2.00,1.00
2025-11-11T15:46:00Z,97.00,,,45.00,,,2.00,1.00
2025-11-11T15:53:00Z,98.00,,,45.00,,,2.00,1.00
2025-11-11T15:54:00Z,98.00,,,43.00,,,2.00,1.00
2025-11-11T15:56:00Z,98.00,,,43.00,,,2.00,1.00
2025-11-11T15:57:00Z,99.00,,,43.00,,,2.00,1.00
2025-11-11T16:02:00Z,99.00,,,39.00,,,2.00,1.00
2025-11-11T16:04:00Z,99.00,,,39.00,,,2.00,1.00
2025-11-11T16:08:00Z,99.00,,,34.00,,,2.00,1.00
2025-11-11T16:10:00Z,99.00,,,35.00,,,2.00,1.00
2025-11-11T16:14:00Z,99.00,,,62.90,,,2.00,1.00
2025-11-11T16:22:00Z,97.14,,,62.90,,,3.01,1.00
2025-11-11T16:27:00Z,97.14,,,36.83,,,3.01,1.00
2025-11-11T16:30:00Z,99.00,,,36.83,,,3.01,1.00
2025-11-11T16:37:00Z,99.00,,,40.52,,,3.01,1.00
2025-11-11T16:40:00Z,99.00,,,40.03,,,3.01,1.00
2025-11-11T16:44:00Z,99.00,,,41.00,,,3.01,1.00
2025-11-11T16:54:00Z,99.00,,,36.00,,,3.01,1.00
2025-11-11T17:07:00Z,98.00,,,36.00,,,3.01,1.00
2025-11-11T17:08:00Z,98.00,,,32.00,,,3.01,1.00
2025-11-11T17:11:00Z,98.00,,,32.00,,,3.01,1.00
2025-11-11T17:13:00Z,97.05,,,33.27,,,3.01,1.00
2025-11-11T17:15:00Z,97.00,,,33.27,,,3.01,1.00
2025-11-11T17:18:00Z,97.00,,,25.08,,,3.01,1.00
2025-11-11T17:23:00Z,98.00,,,25.08,,,3.01,1.00
2025-11-11T17:24:00Z,97.00,,,25.08,,,3.01,1.00
2025-11-11T17:28:00Z,98.00,,,25.08,,,3.01,1.00
2025-11-11T17:33:00Z,98.00,,,25.08,,,3.01,1.00
2025-11-11T17:55:00Z,98.00,,,29.71,,,3.01,1.00
2025-11-11T18:14:00Z,98.00,,,34.89,,,3.01,1.00
2025-11-11T18:19:00Z,98.00,,,45.00,,,3.01,1.00
2025-11-11T18:22:00Z,98.00,,,45.00,,,2.00,1.00
2025-11-11T18:23:00Z,98.00,,,45.00,,,2.00,1.00
2025-11-11T18:27:00Z,98.00,,,43.00,,,2.00,1.00
2025-11-11T18:30:00Z,98.00,,,43.00,,,2.00,1.00
2025-11-11T18:31:00Z,98.00,,,43.00,,,2.00,1.00
2025-11-11T18:35:00Z,98.00,,,40.00,,,2.00,1.00
2025-11-11T18:36:00Z,98.00,,,41.28,,,2.00,1.00
2025-11-11T18:37:00Z,98.00,,,42.00,,,2.00,1.00
2025-11-11T18:38:00Z,98.00,,,44.00,,,2.00,1.00
2025-11-11T18:40:00Z,98.00,,,48.07,,,2.00,1.00
2025-11-11T18:41:00Z,98.00,,,49.97,,,2.00,1.00
2025-11-11T18:56:00Z,98.00,,,49.97,,,2.00,1.00
2025-11-11T19:00:00Z,98.00,,,61.20,,,2.00,1.00
2025-11-11T19:03:00Z,98.00,,,61.00,,,2.00,1.00
2025-11-11T19:06:00Z,98.00,,,50.00,,,2.00,1.00
2025-11-11T19:09:00Z,98.00,,,56.00,,,2.00,1.00
2025-11-11T19:11:00Z,98.00,,,58.00,,,2.00,1.00
2025-11-11T19:15:00Z,99.00,,,58.00,,,2.00,1.00
2025-11-11T19:16:00Z,99.00,,,52.00,,,2.00,1.00
2025-11-11T19:19:00Z,99.00,,,48.39,,,2.00,1.00
2025-11-11T19:22:00Z,99.00,,,46.12,,,2.00,1.00
2025-11-11T19:38:00Z,99.00,,,46.00,,,2.00,1.00
2025-11-11T19:42:00Z,99.00,,,53.00,,,2.00,1.00
2025-11-11T19:47:00Z,99.00,,,53.60,,,2.00,1.00
2025-11-11T19:48:00Z,99.00,,,54.00,,,2.00,1.00
2025-11-11T20:03:00Z,99.00,,,44.52,,,2.00,1.00
2025-11-11T20:04:00Z,99.00,,,43.70,,,2.00,1.00
2025-11-11T20:22:00Z,99.00,,,48.00,,,2.00,1.00
2025-11-11T20:31:00Z,99.00,,,47.00,,,2.00,1.00
2025-11-11T20:37:00Z,99.00,,,47.00,,,1.00,1.00
2025-11-11T20:38:00Z,99.00,,,42.00,,,1.00,1.00
2025-11-11T20:39:00Z,99.00,,,41.24,,,1.00,1.00
2025-11-11T20:45:00Z,98.00,,,41.24,,,1.00,1.00
2025-11-11T20:57:00Z,98.00,,,41.24,,,1.00,1.00
2025-11-11T21:00:00Z,98.00,,,41.24,,,1.00,1.00
2025-11-11T21:17:00Z,98.00,,63.00,41.24,28.00,,1.00,1.00
2025-11-11T21:18:00Z,98.00,76.00,63.00,41.24,28.00,,1.00,1.00
2025-11-11T21:19:00Z,98.00,76.00,64.00,44.00,28.00,,1.00,1.00
2025-11-11T21:32:00Z,98.00,76.00,64.00,42.95,28.00,,1.00,1.00
2025-11-11T21:38:00Z,98.00,76.00,64.00,45.00,32.00,,1.00,1.00
2025-11-11T21:39:00Z,98.00,76.00,68.00,45.00,32.00,12.00,1.00,1.00
2025-11-11T21:40:00Z,98.00,76.00,68.00,45.00,32.00,12.00,1.00,1.00
2025-11-11T21:51:00Z,98.00,72.00,68.00,45.00,32.00,12.00,1.00,1.00
2025-11-11T22:04:00Z,98.00,83.64,72.21,45.00,32.00,12.00,1.00,1.00
2025-11-11T22:05:00Z,98.00,83.64,72.21,45.00,28.00,12.00,1.00,1.00
2025-11-11T22:06:00Z,98.00,83.64,74.00,45.00,28.00,12.00,1.00,1.00
2025-11-11T22:07:00Z,98.00,83.64,74.00,51.00,28.00,12.00,1.00,1.00
2025-11-11T22:08:00Z,98.00,83.64,74.00,51.00,28.00,12.00,1.00,1.00
2025-11-11T22:10:00Z,98.00,83.64,74.00,51.00,28.00,12.00,1.00,1.00
2025-11-11T22:25:00Z,98.00,83.64,74.00,51.00,28.00,12.00,1.00,1.00
2025-11-11T22:29:00Z,98.00,83.64,74.00,57.00,28.00,12.00,1.00,1.00
2025-11-11T22:31:00Z,98.00,83.64,74.00,57.00,28.00,18.00,1.00,1.00
2025-11-11T22:32:00Z,98.00,83.64,74.00,57.00,28.00,18.00,2.00,1.00
2025-11-11T22:36:00Z,98.00,83.64,74.00,50.00,28.00,18.00,2.00,1.00
2025-11-11T22:38:00Z,98.00,83.64,74.00,50.00,28.06,18.00,2.00,1.00
2025-11-11T22:39:00Z,98.00,83.64,74.00,57.00,35.00,18.00,2.00,1.00
2025-11-11T22:49:00Z,98.00,83.64,74.00,50.00,35.00,18.00,2.00,1.00
2025-11-11T23:06:00Z,98.00,83.64,70.00,50.00,35.00,18.00,2.00,1.00
2025-11-11T23:16:00Z,98.00,83.64,70.00,50.00,34.00,18.00,2.00,1.00
2025-11-11T23:18:00Z,98.00,83.64,70.00,50.00,34.00,18.00,2.00,1.00
2025-11-11T23:39:00Z,98.00,83.64,70.00,59.76,34.00,18.00,2.00,1.00
2025-11-11T23:48:00Z,98.00,83.64,70.00,59.76,34.00,18.00,2.00,1.00
2025-11-11T23:49:00Z,98.00,83.64,70.00,59.76,34.00,14.00,2.00,1.00
2025-11-11T23:55:00Z,98.00,83.64,70.00,59.76,34.00,14.00,2.00,1.00
2025-11-11T23:56:00Z,98.00,83.64,70.00,59.76,34.00,14.00,2.00,1.00
2025-11-12T00:07:00Z,98.00,83.64,70.00,52.00,34.00,14.00,2.00,1.00
2025-11-12T00:08:00Z,98.00,83.64,70.00,52.00,34.00,14.00,2.00,1.00
2025-11-12T00:09:00Z,98.00,83.64,70.00,51.60,34.00,14.00,2.00,1.00
2025-11-12T00:21:00Z,98.00,83.64,70.00,51.60,35.91,14.00,2.00,1.00
2025-11-12T00:41:00Z,98.00,83.64,70.00,51.60,35.00,14.00,2.00,1.00
2025-11-12T00:42:00Z,98.00,83.64,70.00,51.60,27.00,14.00,2.00,1.00
2025-11-12T00:44:00Z,98.00,83.64,70.00,51.60,27.00,15.00,2.00,1.00
2025-11-12T00:47:00Z,98.00,83.64,70.00,51.60,27.00,16.00,2.00,1.00
2025-11-12T00:52:00Z,98.00,83.64,70.00,51.60,35.71,16.00,2.00,1.00
2025-11-12T01:07:00Z,98.00,83.64,70.00,51.60,35.25,16.00,2.00,1.00
2025-11-12T01:35:00Z,98.00,83.64,70.00,51.60,35.25,14.00,2.00,1.00
2025-11-12T01:45:00Z,98.00,83.64,70.00,59.00,27.00,14.00,2.00,1.00
2025-11-12T01:46:00Z,98.00,83.64,70.00,59.00,36.00,14.00,2.00,1.00
2025-11-12T01:56:00Z,98.00,83.64,69.00,59.00,36.00,14.00,2.00,1.00
2025-11-12T02:00:00Z,98.00,83.64,68.42,59.00,36.00,14.00,2.00,1.00
2025-11-12T02:10:00Z,98.00,83.64,68.42,59.00,36.00,14.00,2.00,1.00
2025-11-12T02:15:00Z,98.00,83.64,68.42,59.00,36.00,8.00,2.00,1.00
2025-11-12T02:20:00Z,98.00,85.24,68.42,59.00,36.00,8.00,2.00,1.00
2025-11-12T02:21:00Z,98.00,85.24,68.38,53.03,36.00,8.00,2.00,1.00
2025-11-12T02:30:00Z,98.00,85.24,68.38,53.03,36.00,8.00,2.00,1.00
2025-11-12T02:33:00Z,98.00,85.24,68.38,49.07,36.00,8.00,2.00,1.00
2025-11-12T02:36:00Z,98.00,85.24,68.38,46.00,36.00,13.00,2.00,1.00
2025-11-12T02:39:00Z,98.00,85.24,68.38,45.44,36.00,13.00,2.00,1.00
2025-11-12T03:30:00Z,98.00,85.24,68.38,45.44,36.00,13.00,2.00,1.00
2025-11-12T03:34:00Z,98.00,85.24,68.38,45.44,35.66,13.00,2.00,1.00
2025-11-12T03:36:00Z,98.00,85.24,68.38,21.81,35.66,13.00,2.00,1.00
2025-11-12T03:37:00Z,98.00,78.01,68.38,21.81,35.66,13.00,2.00,1.00
2025-11-12T03:39:00Z,98.00,78.01,68.38,45.04,35.66,13.00,2.00,1.00
2025-11-12T03:45:00Z,98.00,78.01,68.38,46.00,35.66,13.00,2.00,1.00
2025-11-12T03:48:00Z,98.00,78.01,68.38,46.00,35.66,10.00,2.00,1.00
2025-11-12T03:50:00Z,98.00,78.00,68.38,46.00,35.66,10.00,2.00,1.00
2025-11-12T03:54:00Z,98.00,78.00,68.38,46.00,35.66,10.00,2.00,1.00
2025-11-12T03:55:00Z,98.00,78.00,68.38,47.00,35.66,10.00,2.00,1.00
2025-11-12T04:08:00Z,98.00,78.00,68.38,47.00,16.41,10.00,2.00,1.00
2025-11-12T04:09:00Z,98.00,78.00,68.38,47.00,16.00,10.00,1.00,1.00
2025-11-12T04:18:00Z,98.00,78.00,68.38,44.47,16.00,10.00,1.00,1.00
2025-11-12T04:29:00Z,98.00,78.00,68.38,44.47,16.00,10.00,1.00,1.00
2025-11-12T04:33:00Z,99.00,78.00,68.38,44.47,16.00,10.00,1.00,1.00
2025-11-12T04:34:00Z,99.00,78.00,68.38,59.00,16.00,10.00,1.00,1.00
2025-11-12T04:39:00Z,99.00,78.00,68.38,59.00,20.43,7.32,1.00,1.00
2025-11-12T04:44:00Z,99.00,78.00,68.38,22.00,20.43,7.32,1.00,1.00
2025-11-12T04:45:00Z,99.00,78.00,68.38,53.00,20.43,7.32,1.00,1.00
2025-11-12T04:46:00Z,99.00,78.00,68.38,23.00,20.00,7.32,1.00,1.00
2025-11-12T04:48:00Z,99.00,78.00,68.38,47.50,20.00,7.32,1.00,1.00
2025-11-12T04:51:00Z,99.00,78.00,68.38,21.30,20.00,7.32,1.00,1.00
2025-11-12T04:52:00Z,99.00,78.00,68.38,48.00,20.00,7.32,1.00,1.00
2025-11-12T04:53:00Z,99.00,78.00,68.38,47.00,20.00,7.32,1.00,1.00
2025-11-12T05:03:00Z,99.00,78.00,68.38,47.00,20.30,7.32,1.00,1.00
2025-11-12T05:07:00Z,99.00,78.00,68.38,17.00,20.30,7.32,1.00,1.00
2025-11-12T05:14:00Z,99.00,78.00,68.38,17.00,20.30,10.00,1.00,1.00
2025-11-12T05:15:00Z,99.00,78.00,68.38,17.00,20.00,10.00,1.00,1.00
2025-11-12T05:51:00Z,99.00,78.00,58.00,17.00,20.00,10.00,1.00,1.00
2025-11-12T05:52:00Z,98.00,78.00,58.00,17.00,20.00,10.00,1.00,1.00
2025-11-12T06:04:00Z,98.00,78.00,58.00,38.00,20.00,10.00,1.00,1.00
2025-11-12T06:05:00Z,98.00,78.00,58.00,36.00,20.00,10.00,1.00,1.00
2025-11-12T06:10:00Z,98.00,78.00,58.00,34.00,20.00,10.00,1.00,1.00
2025-11-12T06:11:00Z,98.00,78.00,88.00,34.00,20.00,10.00,1.00,1.00
2025-11-12T06:12:00Z,98.00,78.00,88.00,25.00,20.00,10.00,1.00,1.00
2025-11-12T06:14:00Z,98.00,78.00,88.00,25.00,9.00,10.00,1.00,1.00
2025-11-12T06:15:00Z,98.00,78.00,88.00,25.00,20.00,10.00,1.00,1.00
2025-11-12T06:16:00Z,98.00,78.00,93.00,25.00,20.00,10.00,1.00,1.00
2025-11-12T06:18:00Z,98.00,78.00,93.00,32.00,10.00,10.00,1.00,1.00
2025-11-12T06:26:00Z,98.00,78.00,93.00,32.60,10.00,10.00,1.00,1.00
2025-11-12T06:30:00Z,98.00,78.00,93.00,18.85,10.00,10.00,1.00,1.00
2025-11-12T06:35:00Z,98.00,78.00,93.00,18.85,11.00,10.00,1.00,1.00
2025-11-12T06:36:00Z,98.00,78.00,93.00,18.85,11.00,7.00,1.00,1.00
2025-11-12T06:39:00Z,98.00,78.00,93.00,15.50,9.00,7.00,1.00,1.00
2025-11-12T06:41:00Z,98.00,78.00,93.00,10.20,9.00,7.00,1.00,1.00
2025-11-12T06:50:00Z,99.00,78.00,93.00,10.20,9.00,7.00,1.00,1.00
2025-11-12T06:51:00Z,99.00,78.00,93.00,10.20,9.00,7.00,1.00,1.00
2025-11-12T06:54:00Z,99.00,78.00,57.47,10.20,9.00,7.00,1.00,1.00
2025-11-12T06:55:00Z,99.00,78.00,57.47,10.20,9.00,7.66,1.00,1.00
2025-11-12T06:56:00Z,99.00,78.00,57.47,11.10,9.00,7.66,1.00,1.00
2025-11-12T07:22:00Z,99.00,78.00,57.47,25.00,9.00,7.66,1.00,1.00
2025-11-12T07:23:00Z,99.00,78.00,57.47,25.00,9.00,7.66,1.00,1.00
2025-11-12T07:26:00Z,99.00,78.00,57.47,26.50,9.00,7.66,1.00,1.00
2025-11-12T07:49:00Z,99.00,73.00,57.47,26.50,9.00,7.66,1.00,1.00
2025-11-12T08:34:00Z,98.00,73.00,57.47,26.50,9.00,7.66,1.00,1.00
2025-11-12T10:09:00Z,98.00,73.00,69.25,26.50,9.00,7.66,1.00,1.00
2025-11-12T10:53:00Z,98.00,73.00,69.25,26.50,9.00,7.66,2.00,1.00
2025-11-12T11:13:00Z,98.00,73.00,69.25,31.00,9.00,7.66,2.00,1.00
2025-11-12T11:21:00Z,98.00,73.00,69.25,32.00,9.00,7.66,2.00,1.00
2025-11-12T11:22:00Z,98.00,73.00,69.25,31.00,9.00,7.66,2.00,1.00
2025-11-12T11:24:00Z,98.00,73.00,69.25,31.00,9.00,7.66,2.00,1.00
2025-11-12T11:27:00Z,98.00,73.00,69.25,31.37,9.00,7.66,2.00,1.00
2025-11-12T12:41:00Z,98.00,73.00,69.25,31.37,9.00,7.66,2.00,1.00
2025-11-12T12:49:00Z,98.00,73.00,69.25,31.37,9.00,7.66,2.00,1.00
2025-11-12T12:57:00Z,98.00,73.00,68.28,31.37,9.00,7.66,2.00,1.00
2025-11-12T13:30:00Z,98.00,73.00,68.28,31.73,9.00,7.66,2.00,1.00
2025-11-12T13:42:00Z,97.00,73.00,68.28,31.73,9.00,7.66,2.00,1.00
2025-11-12T14:07:00Z,98.00,73.00,68.28,31.73,9.00,7.66,2.00,1.00
2025-11-12T14:32:00Z,98.00,73.00,68.28,11.93,9.00,7.66,2.00,1.00
2025-11-12T14:57:00Z,98.00,72.00,68.28,31.00,16.93,7.66,2.00,1.00
2025-11-12T14:59:00Z,98.00,72.00,68.28,31.00,44.97,7.66,2.00,1.00
2025-11-12T15:11:00Z,98.00,72.00,70.00,31.00,44.97,7.66,2.00,1.00
2025-11-12T15:29:00Z,98.00,64.00,70.00,31.00,44.97,7.66,2.00,1.00
2025-11-12T15:30:00Z,98.00,64.00,70.00,35.00,44.97,7.66,2.00,1.00
2025-11-12T15:37:00Z,98.00,64.00,70.00,29.43,44.97,7.66,2.00,1.00
2025-11-12T15:48:00Z,98.00,64.00,70.00,29.43,16.50,7.66,2.00,1.00
2025-11-12T15:49:00Z,98.00,64.00,56.00,29.43,9.28,7.66,2.00,1.00
2025-11-12T16:15:00Z,98.00,65.00,56.00,29.43,9.28,7.66,2.00,1.00
2025-11-12T16:20:00Z,98.00,65.00,56.00,29.43,9.28,3.00,2.00,1.00
2025-11-12T16:46:00Z,98.00,65.00,56.00,29.43,9.28,3.00,2.00,1.00
2025-11-12T16:52:00Z,98.00,65.00,48.00,29.43,9.28,3.00,2.00,1.00
2025-11-12T16:56:00Z,97.00,65.00,48.00,29.43,9.28,3.00,2.00,1.00
2025-11-12T16:57:00Z,97.00,65.00,48.00,29.43,17.00,7.00,2.00,1.00
2025-11-12T16:58:00Z,97.00,65.00,48.00,34.00,17.00,7.00,2.00,1.00
2025-11-12T16:59:00Z,97.00,65.00,58.00,34.00,17.00,7.00,2.00,1.00
2025-11-12T17:00:00Z,97.00,65.00,48.59,34.00,17.00,7.00,2.00,1.00
2025-11-12T17:22:00Z,97.00,65.00,48.59,34.00,17.00,7.00,2.00,1.00
2025-11-12T17:23:00Z,97.00,65.00,48.59,34.00,55.00,7.00,2.00,1.00
2025-11-12T17:46:00Z,97.00,65.00,48.59,33.36,55.00,7.00,2.00,1.00
2025-11-12T17:52:00Z,97.00,65.00,48.59,41.00,55.00,7.00,2.00,1.00
2025-11-12T17:56:00Z,97.00,65.00,48.59,36.00,55.00,7.00,2.00,1.00
2025-11-12T18:02:00Z,97.00,65.00,48.59,38.40,55.00,7.00,2.00,1.00
2025-11-12T18:03:00Z,97.00,65.00,60.00,38.40,55.00,7.00,2.00,1.00
2025-11-12T18:05:00Z,97.00,65.00,60.00,38.40,25.81,7.00,2.00,1.00
2025-11-12T18:07:00Z,97.00,65.00,60.00,38.40,25.81,7.86,2.00,1.00
2025-11-12T18:11:00Z,97.00,65.00,60.00,38.40,27.00,7.86,2.00,1.00
2025-11-12T18:30:00Z,97.00,65.00,60.00,38.40,27.00,7.86,2.00,1.00
2025-11-12T18:38:00Z,97.00,65.00,65.00,38.40,27.00,8.00,2.00,1.00
2025-11-12T18:54:00Z,97.00,65.00,65.00,38.40,21.00,8.00,2.00,1.00
2025-11-12T18:55:00Z,97.00,65.00,65.00,38.40,20.00,8.00,2.00,1.00
2025-11-12T18:56:00Z,97.00,65.00,65.00,33.00,20.00,8.00,2.00,1.00
2025-11-12T19:04:00Z,97.00,65.00,65.00,33.00,20.00,8.00,2.00,1.00
2025-11-12T19:05:00Z,97.00,65.00,65.00,32.00,20.00,8.00,2.00,1.00
2025-11-12T19:14:00Z,97.00,65.00,65.00,37.00,20.00,8.00,2.00,1.00
2025-11-12T19:15:00Z,97.00,65.00,65.00,37.00,20.00,8.00,2.00,1.00
2025-11-12T19:16:00Z,99.00,65.00,65.00,37.00,20.00,8.00,2.00,1.00
2025-11-12T19:18:00Z,99.00,65.00,65.00,37.00,20.00,8.00,2.00,1.00
2025-11-12T19:20:00Z,99.00,65.00,65.00,37.00,20.00,8.00,2.00,1.00
2025-11-12T19:21:00Z,99.00,80.00,65.00,37.00,20.00,8.00,2.00,1.00
2025-11-12T19:23:00Z,99.00,80.00,65.00,37.00,20.00,8.00,2.00,1.00
2025-11-12T19:24:00Z,99.00,80.00,65.00,37.85,20.00,8.00,2.00,1.00
2025-11-12T19:25:00Z,99.00,80.00,65.00,34.00,20.00,8.00,2.00,1.00
2025-11-12T19:49:00Z,99.00,80.03,65.00,34.00,20.00,8.00,2.00,1.00
2025-11-12T19:51:00Z,99.00,80.03,65.86,34.00,20.00,8.00,2.00,1.00
2025-11-12T19:56:00Z,99.00,80.03,65.86,38.00,20.00,8.00,2.00,1.00
2025-11-12T20:39:00Z,99.00,80.03,65.86,37.52,20.00,8.00,2.00,1.00
2025-11-12T20:40:00Z,99.00,80.03,65.86,37.52,26.88,8.00,2.00,1.00
2025-11-12T20:42:00Z,99.00,80.03,65.86,34.00,26.88,8.00,2.00,1.00
2025-11-12T20:44:00Z,99.00,80.03,65.86,34.00,19.42,8.00,2.00,1.00
2025-11-12T20:59:00Z,99.00,80.03,65.86,34.00,19.42,7.00,2.00,1.00
2025-11-12T21:13:00Z,99.00,81.00,65.86,34.00,19.42,7.00,2.00,1.00
2025-11-12T21:26:00Z,99.00,81.00,65.86,34.04,19.42,7.00,2.00,1.00
2025-11-12T21:31:00Z,99.00,81.00,62.00,34.04,19.42,7.00,2.00,1.00
2025-11-12T21:33:00Z,99.00,81.00,62.00,34.04,19.42,7.00,2.00,1.00
2025-11-12T21:38:00Z,99.00,81.00,62.00,34.04,19.42,6.00,2.00,1.00
2025-11-12T21:39:00Z,99.00,81.00,62.00,34.04,19.00,6.00,2.00,1.00
2025-11-12T21:42:00Z,99.00,81.00,62.00,34.04,19.00,6.01,2.00,1.00
2025-11-12T22:18:00Z,99.00,81.00,62.00,34.04,17.00,6.01,2.00,1.00
2025-11-12T22:21:00Z,99.00,81.00,62.00,34.04,17.00,5.00,2.00,1.00
2025-11-12T22:31:00Z,99.00,80.00,62.00,34.04,17.00,5.00,2.00,1.00
2025-11-12T22:33:00Z,99.00,80.00,62.00,34.00,17.00,5.00,2.00,1.00
2025-11-12T22:38:00Z,99.00,80.00,62.00,34.00,17.00,5.00,2.00,1.00
2025-11-12T22:45:00Z,99.00,80.00,62.00,34.00,17.00,5.00,2.00,1.00
2025-11-12T22:52:00Z,99.00,81.00,62.00,34.00,17.00,5.00,2.00,1.00
2025-11-12T22:53:00Z,99.00,81.00,62.00,34.00,17.00,5.00,2.00,1.00
2025-11-12T22:54:00Z,99.00,82.00,62.00,34.00,17.00,5.00,2.00,1.00
2025-11-12T23:01:00Z,99.00,82.00,62.00,33.00,17.00,5.00,2.00,1.00
2025-11-12T23:04:00Z,99.00,82.00,62.00,31.00,17.00,5.00,2.00,1.00
2025-11-12T23:20:00Z,99.00,82.00,62.00,30.97,17.00,5.00,2.00,1.00
2025-11-12T23:25:00Z,99.00,82.00,62.00,32.39,17.00,5.00,2.00,1.00
2025-11-12T23:26:00Z,99.00,82.00,62.00,33.00,17.00,5.00,2.00,1.00
2025-11-12T23:30:00Z,99.00,81.00,62.00,33.00,17.00,5.00,2.00,1.00
2025-11-12T23:33:00Z,99.00,81.00,62.00,33.00,17.00,5.00,1.00,1.00
2025-11-12T23:41:00Z,99.00,82.00,62.00,33.00,17.00,5.00,1.00,1.00
2025-11-12T23:59:00Z,99.00,81.00,62.00,33.00,17.00,5.00,1.00,1.00
2025-11-13T00:11:00Z,99.00,81.00,62.00,31.66,17.00,5.00,1.00,1.00
2025-11-13T00:34:00Z,99.00,81.00,62.00,31.66,10.61,5.00,1.00,1.00
2025-11-13T00:48:00Z,99.00,81.00,62.00,31.00,10.61,5.00,1.00,1.00
2025-11-13T01:29:00Z,99.00,81.00,62.00,31.00,10.61,4.00,1.00,1.00
2025-11-13T01:36:00Z,99.00,81.00,64.00,31.00,10.61,4.00,1.00,1.00
2025-11-13T01:43:00Z,99.00,81.00,64.00,31.00,10.61,4.00,1.00,1.00
2025-11-13T02:25:00Z,99.00,81.00,64.00,28.00,10.61,4.00,1.00,1.00
2025-11-13T02:30:00Z,99.00,81.00,66.87,28.00,10.61,4.00,1.00,1.00
2025-11-13T02:41:00Z,99.00,81.00,66.87,28.00,10.61,4.00,1.00,1.00
2025-11-13T02:44:00Z,99.00,81.00,66.87,28.00,10.61,4.00,1.00,1.00
2025-11-13T02:55:00Z,99.00,81.00,66.87,29.28,10.61,4.00,1.00,1.00
2025-11-13T02:59:00Z,99.00,81.00,66.87,29.28,10.61,4.00,1.00,1.00
2025-11-13T03:40:00Z,99.00,81.00,66.87,29.28,12.97,4.00,1.00,1.00
2025-11-13T03:41:00Z,99.00,81.00,65.15,29.28,12.97,4.00,1.00,1.00
2025-11-13T03:44:00Z,99.00,81.00,65.15,29.00,14.00,4.00,1.00,1.00
2025-11-13T03:45:00Z,99.00,81.00,65.15,30.00,14.00,4.00,1.00,1.00
2025-11-13T03:59:00Z,99.00,81.00,65.00,30.00,14.00,4.00,1.00,1.00
2025-11-13T04:37:00Z,99.00,81.00,65.00,30.00,17.80,4.00,1.00,1.00
2025-11-13T05:08:00Z,99.00,84.92,65.00,30.00,17.80,4.00,1.00,1.00
2025-11-13T05:42:00Z,99.00,84.92,65.00,27.17,17.80,4.00,1.00,1.00
2025-11-13T06:17:00Z,99.00,84.92,71.00,27.17,17.80,4.00,1.00,1.00
2025-11-13T06:55:00Z,99.00,84.92,71.00,27.17,17.80,4.00,1.00,1.00
2025-11-13T07:01:00Z,99.00,88.00,71.00,27.17,17.80,4.00,1.00,1.00
2025-11-13T07:02:00Z,99.00,88.00,71.00,27.17,17.80,4.00,1.00,1.00
2025-11-13T07:05:00Z,99.00,88.00,71.00,27.17,17.80,3.00,1.00,1.00
2025-11-13T07:44:00Z,99.00,88.00,71.00,34.00,17.80,3.00,1.00,1.00
2025-11-13T07:55:00Z,99.00,88.00,71.00,34.00,17.80,4.00,1.00,1.00
2025-11-13T10:05:00Z,99.00,88.00,62.20,9.53,17.80,4.00,1.00,1.00
2025-11-13T10:06:00Z,99.00,88.00,62.20,9.53,17.80,3.00,1.00,1.00
2025-11-13T10:07:00Z,99.00,88.00,62.20,9.53,5.43,3.00,1.00,1.00
2025-11-13T10:39:00Z,99.00,88.00,62.20,9.53,15.00,3.00,1.00,1.00
2025-11-13T12:25:00Z,99.00,88.00,62.20,9.53,15.00,3.00,1.00,1.00
2025-11-13T12:49:00Z,99.00,88.00,70.70,34.00,15.00,3.00,1.00,1.00
2025-11-13T12:51:00Z,99.00,88.00,70.70,9.00,15.00,3.00,1.00,1.00
2025-11-13T12:54:00Z,99.00,88.00,70.70,34.00,15.00,3.00,1.00,1.00
2025-11-13T12:55:00Z,99.00,88.00,70.70,8.00,15.00,3.00,1.00,1.00
2025-11-13T13:32:00Z,99.00,94.39,70.70,8.00,15.00,3.00,1.00,1.00
2025-11-13T13:38:00Z,97.00,94.39,70.70,8.00,15.00,3.00,1.00,1.00
2025-11-13T14:32:00Z,97.00,94.39,70.70,34.00,15.00,3.00,1.00,1.00
2025-11-13T14:45:00Z,97.00,94.39,70.70,34.00,15.00,2.87,1.00,1.00
2025-11-13T15:18:00Z,97.00,94.39,70.70,34.00,15.00,2.00,1.00,1.00
2025-11-13T15:31:00Z,97.00,89.00,70.70,34.00,15.00,2.00,1.00,1.00
2025-11-13T15:36:00Z,97.00,89.00,70.70,7.43,15.00,2.00,1.00,1.00
2025-11-13T16:06:00Z,97.00,89.00,70.70,6.00,15.00,2.00,1.00,1.00
2025-11-13T16:27:00Z,97.00,89.00,70.70,7.00,15.00,2.00,1.00,1.00
2025-11-13T16:37:00Z,97.00,87.72,70.70,7.00,15.00,2.00,1.00,1.00
2025-11-13T16:52:00Z,97.00,87.72,57.55,7.00,15.00,2.00,1.00,1.00
2025-11-13T16:58:00Z,97.00,87.72,57.00,7.00,15.00,2.00,1.00,1.00
2025-11-13T17:24:00Z,97.00,77.00,57.00,7.00,15.00,2.00,1.00,1.00
2025-11-13T17:25:00Z,97.00,77.00,54.00,7.00,15.00,3.00,1.00,1.00
2025-11-13T17:27:00Z,97.00,77.00,54.00,20.02,15.00,3.00,1.00,1.00
2025-11-13T17:28:00Z,97.00,77.00,54.00,20.02,8.00,3.00,1.00,1.00
2025-11-13T17:30:00Z,97.00,77.00,54.00,20.02,8.00,2.67,1.00,1.00
2025-11-13T17:31:00Z,99.00,77.00,54.00,20.02,8.00,2.67,1.00,1.00
2025-11-13T17:32:00Z,99.00,77.00,54.00,20.00,8.00,2.67,1.00,1.00
2025-11-13T18:52:00Z,99.00,77.00,54.00,20.00,8.00,2.67,1.00,1.00
2025-11-13T19:12:00Z,99.00,77.00,56.00,20.00,8.00,2.67,1.00,1.00
2025-11-13T19:13:00Z,99.00,77.00,56.00,18.54,8.00,2.67,1.00,1.00
2025-11-13T19:15:00Z,99.00,77.65,53.00,18.54,8.00,2.67,1.00,1.00
2025-11-13T19:16:00Z,99.00,77.65,50.00,18.54,8.00,2.67,1.00,1.00
2025-11-13T19:18:00Z,99.00,61.00,50.00,18.54,8.00,2.67,1.00,1.00
2025-11-13T19:19:00Z,99.00,61.00,50.00,21.00,8.00,2.67,1.00,1.00
2025-11-13T19:20:00Z,99.00,61.00,50.00,23.11,8.00,2.67,1.00,1.00
2025-11-13T20:04:00Z,99.00,61.00,51.00,23.11,8.00,2.67,1.00,1.00
2025-11-13T20:28:00Z,99.00,61.00,51.00,23.11,7.22,2.67,1.00,1.00
2025-11-13T20:34:00Z,99.00,61.00,48.00,23.11,7.22,2.67,1.00,1.00
2025-11-13T20:47:00Z,98.00,61.00,48.00,23.11,7.22,2.67,1.00,1.00
2025-11-13T20:49:00Z,98.00,61.00,47.00,23.11,7.22,2.67,1.00,1.00
2025-11-13T20:54:00Z,98.00,61.00,47.00,20.00,7.22,2.67,1.00,1.00
2025-11-13T20:56:00Z,98.00,61.00,40.24,20.00,7.22,2.67,1.00,1.00
2025-11-13T21:13:00Z,98.00,61.00,39.54,20.00,7.22,2.67,1.00,1.00
2025-11-13T21:21:00Z,98.00,64.99,39.68,20.00,7.22,2.67,1.00,1.00
2025-11-13T21:34:00Z,98.00,59.00,39.68,20.00,7.22,2.67,1.00,1.00
2025-11-13T21:39:00Z,98.00,59.00,39.68,20.00,6.00,2.67,1.00,1.00
2025-11-13T21:55:00Z,98.00,59.00,53.84,20.00,6.00,2.67,1.00,1.00
2025-11-13T21:56:00Z,98.00,59.00,32.86,20.00,6.00,2.67,1.00,1.00
2025-11-13T22:31:00Z,98.00,59.00,32.86,20.00,6.00,1.00,1.00,1.00
2025-11-13T22:35:00Z,98.27,59.00,32.86,20.00,6.00,1.00,1.00,1.00
2025-11-13T23:00:00Z,98.27,59.00,32.86,7.33,6.00,1.00,1.00,1.00
2025-11-13T23:10:00Z,98.27,59.00,32.86,12.70,6.00,1.00,1.00,1.00
2025-11-13T23:25:00Z,98.27,59.00,32.86,12.70,5.00,1.00,1.00,1.00
2025-11-13T23:27:00Z,98.27,59.00,32.86,13.00,5.00,1.00,1.00,1.00
2025-11-13T23:28:00Z,98.27,59.00,32.86,14.39,5.00,1.00,1.00,1.00
2025-11-13T23:29:00Z,98.27,59.00,32.86,14.39,9.52,2.78,1.00,1.00
2025-11-13T23:32:00Z,98.27,59.00,18.00,14.39,9.52,2.78,1.00,1.00
2025-11-13T23:41:00Z,98.27,59.00,38.58,14.39,9.52,2.78,1.00,1.00
2025-11-13T23:42:00Z,98.27,59.00,38.58,14.39,9.52,3.00,1.00,1.00
2025-11-13T23:55:00Z,98.27,59.00,38.58,10.00,9.52,3.00,1.00,1.00
2025-11-13T23:59:00Z,98.27,59.00,38.58,13.00,9.52,3.00,1.00,1.00
2025-11-14T00:15:00Z,98.27,59.00,35.00,13.00,9.52,3.00,1.00,1.00
2025-11-14T00:31:00Z,98.27,59.00,35.00,13.00,5.00,3.00,1.00,1.00
2025-11-14T00:56:00Z,98.27,59.00,31.00,13.00,5.00,3.00,1.00,1.00
2025-11-14T00:57:00Z,98.27,52.00,31.00,13.00,5.00,3.00,1.00,1.00
2025-11-14T01:01:00Z,98.27,52.00,30.00,13.00,5.00,3.00,1.00,1.00
2025-11-14T01:19:00Z,99.00,52.00,30.00,13.00,5.00,3.00,1.00,1.00
2025-11-14T02:16:00Z,99.00,52.00,30.00,14.00,5.00,3.00,1.00,1.00
2025-11-14T02:29:00Z,99.00,52.00,31.00,14.00,5.00,3.00,1.00,1.00
2025-11-14T02:42:00Z,99.00,52.00,31.00,14.00,3.00,2.00,1.00,1.00
2025-11-14T02:44:00Z,99.00,52.00,31.00,14.00,3.00,2.00,1.00,1.00
2025-11-14T02:45:00Z,99.00,52.00,31.00,14.00,3.00,2.00,1.00,1.00
2025-11-14T03:07:00Z,99.00,52.00,31.00,14.00,2.00,2.00,1.00,1.00
2025-11-14T03:15:00Z,99.00,52.00,31.00,10.00,2.00,2.00,1.00,1.00
2025-11-14T03:41:00Z,99.00,52.00,31.00,10.00,2.00,2.00,1.00,1.00
2025-11-14T04:00:00Z,99.00,52.00,31.00,12.93,2.00,2.00,1.00,1.00
2025-11-14T04:18:00Z,99.00,52.00,31.00,7.00,2.00,2.00,1.00,1.00
2025-11-14T04:20:00Z,99.00,52.00,23.51,7.00,2.00,2.00,1.00,1.00
2025-11-14T04:35:00Z,99.00,52.00,23.51,7.00,2.00,2.00,1.00,1.00
2025-11-14T04:44:00Z,99.00,60.00,23.51,7.00,2.00,2.00,1.00,1.00
2025-11-14T04:46:00Z,99.00,60.00,23.51,7.00,2.00,2.00,1.00,1.00
2025-11-14T04:47:00Z,99.00,60.00,28.45,7.00,2.00,2.00,1.00,1.00
2025-11-14T05:11:00Z,99.00,60.00,28.45,7.00,5.00,2.00,1.00,1.00
2025-11-14T05:43:00Z,99.00,53.00,28.45,7.00,5.00,2.00,1.00,1.00
2025-11-14T05:49:00Z,99.00,53.00,28.45,13.00,5.00,2.00,1.00,1.00
2025-11-14T06:17:00Z,99.00,53.00,28.45,8.75,5.00,2.00,1.00,1.00
2025-11-14T06:29:00Z,99.00,53.00,40.53,8.75,6.32,2.00,1.00,1.00
2025-11-14T06:30:00Z,99.00,53.00,40.53,8.75,6.32,2.72,1.00,1.00
2025-11-14T06:37:00Z,99.00,53.00,40.53,8.75,6.32,3.00,1.00,1.00
2025-11-14T06:40:00Z,99.00,53.00,40.53,8.75,6.32,3.00,1.00,1.00
2025-11-14T06:53:00Z,99.00,67.00,40.53,8.75,6.32,3.00,1.00,1.00
2025-11-14T06:56:00Z,99.00,67.00,41.96,8.75,6.32,3.00,1.00,1.00
2025-11-14T07:13:00Z,99.00,66.00,41.96,8.75,6.32,3.00,1.00,1.00
2025-11-14T07:19:00Z,99.00,66.00,41.96,8.75,6.32,3.00,1.00,1.00
2025-11-14T07:57:00Z,99.00,66.00,38.08,8.75,6.32,3.00,1.00,1.00
2025-11-14T09:07:00Z,99.00,66.11,38.08,8.75,6.32,3.00,1.00,1.00
2025-11-14T09:14:00Z,99.00,67.00,38.08,8.75,6.32,3.00,1.00,1.00
2025-11-14T09:15:00Z,99.00,67.00,38.08,8.75,6.32,3.00,1.00,1.00
2025-11-14T10:04:00Z,99.00,67.00,38.08,8.00,6.32,3.00,1.00,1.00
2025-11-14T10:24:00Z,99.00,67.00,38.08,8.00,6.32,3.00,1.00,1.00
2025-11-14T10:41:00Z,99.00,67.00,38.08,8.00,7.56,3.00,1.00,1.00
2025-11-14T10:43:00Z,99.00,67.00,38.08,9.07,7.56,3.00,1.00,1.00
2025-11-14T11:44:00Z,98.00,67.00,38.08,9.07,7.56,3.00,1.00,1.00
2025-11-14T12:13:00Z,98.00,67.00,38.08,9.07,7.56,3.00,1.00,1.00
2025-11-14T12:40:00Z,98.00,67.00,38.08,9.07,3.00,3.00,1.00,1.00
2025-11-14T12:42:00Z,98.00,67.00,38.08,9.00,3.00,3.00,1.00,1.00
2025-11-14T12:49:00Z,98.00,57.50,38.08,9.00,3.00,3.00,1.00,1.00
2025-11-14T12:50:00Z,98.00,57.50,38.08,9.00,3.00,2.00,1.00,1.00
2025-11-14T13:04:00Z,98.00,57.50,38.08,9.00,3.00,2.00,1.00,1.00
2025-11-14T13:09:00Z,98.00,57.50,38.08,9.00,3.00,2.00,1.00,1.00
2025-11-14T13:10:00Z,98.00,57.50,38.08,8.80,3.00,2.00,1.00,1.00
2025-11-14T13:22:00Z,98.00,67.00,38.08,8.80,3.00,2.00,1.00,1.00
2025-11-14T13:40:00Z,98.00,58.00,38.08,8.80,3.00,2.00,1.00,1.00
2025-11-14T13:49:00Z,98.00,69.87,38.08,8.80,3.00,2.00,1.00,1.00
2025-11-14T14:14:00Z,98.00,71.92,42.58,8.80,3.00,2.00,1.00,1.00
2025-11-14T14:15:00Z,98.00,71.92,42.58,12.61,3.00,2.00,1.00,1.00
2025-11-14T14:43:00Z,98.00,71.92,50.00,12.61,3.00,2.00,1.00,1.00
2025-11-14T14:53:00Z,99.00,71.92,50.00,12.61,3.00,2.00,1.00,1.00
2025-11-14T15:00:00Z,99.00,71.92,50.00,12.23,3.00,2.00,1.00,1.00
2025-11-14T15:01:00Z,99.00,71.92,50.00,9.07,3.00,2.00,1.00,1.00
2025-11-14T15:02:00Z,99.00,71.92,50.00,8.14,3.00,2.00,1.00,1.00
2025-11-14T15:07:00Z,99.00,71.92,41.00,8.14,3.00,2.00,1.00,1.00
2025-11-14T15:23:00Z,99.00,71.92,41.00,15.00,3.00,2.00,1.00,1.00
2025-11-14T15:37:00Z,99.00,73.23,41.00,15.00,3.00,2.00,1.00,1.00
2025-11-14T15:42:00Z,99.00,73.23,41.00,9.00,3.00,2.00,1.00,1.00
2025-11-14T15:44:00Z,99.00,73.23,40.00,9.00,3.00,2.00,1.00,1.00
2025-11-14T15:53:00Z,99.00,76.00,49.00,9.00,3.00,2.00,1.00,1.00
2025-11-14T16:31:00Z,99.00,76.00,49.00,9.00,3.00,2.00,1.00,1.00
2025-11-14T16:38:00Z,99.00,76.00,49.00,9.00,3.00,2.00,1.00,1.00
2025-11-14T16:59:00Z,99.00,76.00,49.00,9.00,3.00,2.00,1.00,1.00
2025-11-14T17:11:00Z,99.00,76.00,49.00,9.00,3.00,2.00,1.00,1.00
2025-11-14T17:12:00Z,99.00,77.00,49.00,9.00,3.00,2.00,1.00,1.00
2025-11-14T17:21:00Z,99.00,77.00,49.00,13.36,3.00,2.00,1.00,1.00
2025-11-14T17:23:00Z,99.00,78.00,49.00,13.36,3.00,2.00,1.00,1.00
2025-11-14T17:42:00Z,99.00,78.00,49.00,10.00,3.00,2.00,1.00,1.00
2025-11-14T17:49:00Z,99.00,78.00,50.00,10.00,3.00,2.00,1.00,1.00
2025-11-14T17:51:00Z,99.00,78.00,50.00,10.00,3.00,2.00,1.00,1.00
2025-11-14T17:58:00Z,99.00,78.00,50.00,10.00,3.00,2.00,1.00,1.00
2025-11-14T18:10:00Z,99.00,78.00,50.00,13.00,3.00,2.00,1.00,1.00
2025-11-14T18:12:00Z,99.00,78.00,69.00,13.00,3.00,2.00,1.00,1.00
2025-11-14T18:14:00Z,99.00,78.00,69.00,13.00,3.00,2.00,1.00,1.00
2025-11-14T18:17:00Z,99.00,79.00,69.00,13.00,3.00,2.00,1.00,1.00
2025-11-14T18:18:00Z,99.00,79.00,69.00,13.00,3.00,2.00,1.00,1.00
2025-11-14T18:31:00Z,99.00,79.00,69.00,13.00,3.00,2.00,1.00,1.00
2025-11-14T18:34:00Z,99.00,79.00,69.00,13.44,3.00,2.00,1.00,1.00
2025-11-14T18:35:00Z,99.00,84.00,69.00,13.44,3.00,2.00,1.00,1.00
2025-11-14T18:45:00Z,99.00,84.00,69.00,16.97,3.00,2.00,1.00,1.00
2025-11-14T18:52:00Z,99.00,84.00,69.00,16.97,4.00,2.00,1.00,1.00
2025-11-14T18:59:00Z,99.00,84.00,54.00,16.97,4.00,2.00,1.00,1.00
2025-11-14T19:00:00Z,99.00,84.00,54.17,16.97,4.00,2.00,1.00,1.00
2025-11-14T19:11:00Z,99.00,84.00,68.00,16.97,4.00,2.00,1.00,1.00
2025-11-14T19:21:00Z,99.00,84.00,68.00,16.74,4.00,2.00,1.00,1.00
2025-11-14T19:23:00Z,99.00,84.00,58.00,16.99,4.00,2.00,1.00,1.00
2025-11-14T19:26:00Z,99.00,85.00,58.00,16.99,4.00,2.00,1.00,1.00
2025-11-14T19:29:00Z,99.00,91.00,70.00,16.99,4.00,2.00,1.00,1.00
2025-11-14T19:31:00Z,99.00,91.00,76.00,27.00,4.00,2.00,1.00,1.00
2025-11-14T19:32:00Z,99.00,91.00,76.00,27.00,4.00,2.00,1.00,1.00
2025-11-14T19:34:00Z,99.00,91.00,77.00,26.00,4.00,2.00,1.00,1.00
2025-11-14T19:35:00Z,99.00,91.00,77.00,26.69,4.00,2.00,1.00,1.00
2025-11-14T19:41:00Z,97.00,91.00,77.00,26.69,4.00,2.00,1.00,1.00
2025-11-14T19:43:00Z,97.00,91.00,77.00,26.69,4.00,2.00,1.00,1.00
2025-11-14T19:46:00Z,97.00,91.00,77.00,27.00,4.00,2.00,1.00,1.00
2025-11-14T19:47:00Z,97.00,91.00,77.00,29.00,3.00,2.00,1.00,1.00
2025-11-14T19:48:00Z,97.00,91.00,77.00,29.00,3.00,2.00,1.00,1.00
2025-11-14T19:50:00Z,97.00,91.00,77.00,25.17,3.00,2.00,1.00,1.00
2025-11-14T19:56:00Z,97.00,91.00,77.00,25.17,7.00,2.00,1.00,1.00
2025-11-14T20:10:00Z,97.00,91.00,77.00,25.00,7.00,2.00,1.00,1.00
2025-11-14T20:22:00Z,97.00,91.00,72.00,25.00,7.00,2.00,1.00,1.00
2025-11-14T20:29:00Z,97.00,91.00,72.00,25.00,7.00,2.00,1.00,1.00
2025-11-14T20:30:00Z,97.00,91.00,72.00,25.00,7.00,2.00,1.00,1.00
2025-11-14T20:32:00Z,97.00,91.00,71.01,24.00,7.00,2.00,1.00,1.00
2025-11-14T20:38:00Z,97.00,91.00,71.01,23.00,7.00,2.00,1.00,1.00
2025-11-14T20:43:00Z,97.00,91.00,71.01,23.00,7.00,2.00,1.00,1.00
2025-11-14T20:54:00Z,97.00,91.00,70.00,23.00,7.00,2.00,1.00,1.00
2025-11-14T21:00:00Z,97.00,91.00,70.00,20.05,7.00,2.00,1.00,1.00
2025-11-14T21:07:00Z,97.00,91.00,70.00,23.24,7.00,2.00,1.00,1.00
2025-11-14T21:10:00Z,97.00,91.00,70.00,23.24,7.00,2.00,1.00,1.00
2025-11-14T21:11:00Z,97.00,91.00,70.00,20.08,1.80,2.00,1.00,1.00
2025-11-14T21:31:00Z,97.00,91.00,70.00,16.00,1.80,2.00,1.00,1.00
2025-11-14T21:39:00Z,97.00,91.31,70.00,16.00,1.80,2.00,1.00,1.00
2025-11-14T21:52:00Z,99.00,91.31,70.00,16.00,1.80,2.00,1.00,1.00
2025-11-14T21:54:00Z,99.00,91.31,70.00,22.00,1.80,2.00,1.00,1.00
2025-11-14T22:28:00Z,99.00,91.31,70.00,20.83,1.80,2.00,1.00,1.00
2025-11-14T22:31:00Z,99.00,91.31,70.00,20.83,4.00,2.00,1.00,1.00
2025-11-14T22:32:00Z,99.00,94.00,77.00,20.00,4.00,2.00,1.00,1.00
2025-11-14T22:38:00Z,99.00,94.00,77.00,20.00,4.00,2.00,1.00,1.00
2025-11-14T22:39:00Z,99.00,95.77,77.00,20.00,4.00,2.00,1.00,1.00
2025-11-14T22:43:00Z,99.00,95.77,77.00,20.00,5.00,2.00,1.00,1.00
2025-11-14T22:57:00Z,99.00,97.00,77.00,20.00,5.00,2.00,1.00,1.00
2025-11-14T23:11:00Z,99.00,97.00,77.00,20.00,5.00,2.00,1.00,1.00
2025-11-14T23:13:00Z,99.00,97.00,77.00,20.00,5.00,2.00,1.00,1.00
2025-11-14T23:18:00Z,99.00,97.00,77.00,20.00,18.00,2.00,1.00,1.00
2025-11-14T23:24:00Z,99.00,97.00,77.00,25.64,18.00,2.00,1.00,1.00
2025-11-14T23:36:00Z,99.00,93.00,77.00,25.64,18.00,2.00,1.00,1.00
2025-11-14T23:54:00Z,99.00,93.00,77.00,25.64,18.00,2.00,1.00,1.00
2025-11-14T23:55:00Z,99.00,93.00,77.00,25.64,18.00,2.00,1.00,1.00
2025-11-15T00:23:00Z,99.00,93.00,77.00,25.00,18.00,2.00,1.00,1.00
2025-11-15T00:31:00Z,99.00,93.00,77.00,25.00,18.00,2.00,1.00,1.00
2025-11-15T00:34:00Z,99.00,93.00,77.00,25.00,18.00,2.00,1.00,1.00
2025-11-15T00:55:00Z,99.00,93.00,77.00,25.00,18.00,2.00,1.00,1.00
2025-11-15T00:59:00Z,99.00,92.00,77.00,25.00,18.00,2.00,1.00,1.00
2025-11-15T01:22:00Z,99.00,95.00,77.00,25.00,18.00,2.00,1.00,1.00
2025-11-15T01:40:00Z,99.00,92.80,77.00,25.00,18.00,2.00,1.00,1.00
2025-11-15T01:52:00Z,99.00,92.80,77.00,25.00,18.00,2.00,1.00,1.00
2025-11-15T02:01:00Z,99.00,97.00,77.00,25.00,18.00,2.00,1.00,1.00
2025-11-15T02:18:00Z,99.00,97.00,77.00,20.00,18.00,2.00,1.00,1.00
2025-11-15T02:48:00Z,99.00,97.00,77.00,20.00,18.00,2.00,1.00,1.00
2025-11-15T03:12:00Z,99.00,97.00,77.00,20.00,18.00,4.46,1.00,1.00
2025-11-15T03:13:00Z,99.00,97.00,77.00,19.78,18.00,4.46,1.00,1.00
2025-11-15T03:50:00Z,99.00,96.97,77.00,19.78,18.00,15.00,1.00,1.00
2025-11-15T03:59:00Z,99.00,96.97,77.00,18.98,18.00,15.00,1.00,1.00
2025-11-15T04:00:00Z,99.00,96.97,77.00,18.98,5.00,15.00,1.00,1.00
2025-11-15T04:25:00Z,99.00,96.97,77.00,18.98,3.18,15.00,1.00,1.00
2025-11-15T04:50:00Z,99.00,96.97,67.99,18.98,3.18,15.00,1.00,1.00
2025-11-15T04:54:00Z,99.00,96.97,67.99,18.88,3.18,15.00,1.00,1.00
2025-11-15T05:06:00Z,99.00,96.97,67.99,14.00,3.18,15.00,1.00,1.00
2025-11-15T05:30:00Z,99.00,96.97,67.99,14.00,3.18,15.00,1.00,1.00
2025-11-15T05:32:00Z,99.00,96.97,67.99,14.00,3.18,27.00,1.00,1.00
2025-11-15T05:43:00Z,99.00,96.97,67.99,14.00,3.18,27.00,1.00,1.00
2025-11-15T07:25:00Z,99.00,96.97,67.99,19.77,3.18,27.00,1.00,1.00
2025-11-15T07:57:00Z,99.00,96.97,72.00,19.77,3.18,27.00,1.00,1.00
2025-11-15T08:58:00Z,99.00,96.97,72.00,14.00,3.18,27.00,1.00,1.00
2025-11-15T12:48:00Z,99.00,96.97,72.00,14.00,3.18,27.00,1.00,1.00
2025-11-15T12:50:00Z,99.00,96.97,72.00,14.00,3.18,5.00,1.00,1.00
2025-11-15T12:55:00Z,99.00,96.97,72.00,14.00,14.77,5.00,1.00,1.00
2025-11-15T13:00:00Z,99.00,96.97,72.00,14.00,14.77,5.00,1.00,1.00
2025-11-15T13:18:00Z,99.00,96.97,72.00,14.00,14.77,2.00,1.00,1.00
2025-11-15T13:35:00Z,99.00,96.97,72.00,14.00,14.77,2.00,1.00,1.00
2025-11-15T14:25:00Z,99.00,96.97,72.00,14.00,4.00,2.00,1.00,1.00
2025-11-15T14:38:00Z,99.00,96.97,72.00,14.00,4.00,1.00,1.00,1.00
2025-11-15T14:53:00Z,99.00,96.97,72.00,13.09,4.00,1.00,1.00,1.00
2025-11-15T14:54:00Z,99.00,93.85,72.00,13.09,4.00,1.00,1.00,1.00
2025-11-15T15:24:00Z,99.00,93.85,72.00,18.00,4.00,1.00,1.00,1.00
2025-11-15T15:26:00Z,99.00,93.85,72.00,18.00,3.01,1.00,1.00,1.00
2025-11-15T16:19:00Z,99.00,93.85,72.00,18.00,9.00,1.00,1.00,1.00
2025-11-15T16:22:00Z,99.00,93.85,72.00,18.00,9.00,1.00,1.00,1.00
2025-11-15T17:07:00Z,99.00,92.58,72.00,18.00,9.00,1.00,1.00,1.00
2025-11-15T17:08:00Z,99.00,92.58,72.00,18.00,9.00,1.00,1.00,1.00
2025-11-15T17:15:00Z,99.00,92.58,72.00,18.00,9.00,1.00,1.00,1.00
2025-11-15T17:50:00Z,99.00,92.58,72.00,18.00,9.00,1.00,1.00,1.00
2025-11-15T18:11:00Z,99.00,92.58,72.00,18.00,9.00,1.00,1.00,1.00
2025-11-15T18:16:00Z,99.00,92.58,70.66,18.00,9.00,1.00,1.00,1.00
2025-11-15T18:20:00Z,99.00,92.58,70.66,13.00,9.00,1.00,1.00,1.00
2025-11-15T18:33:00Z,99.00,92.58,70.66,13.00,9.00,1.00,1.00,1.00
2025-11-15T18:45:00Z,99.00,92.58,43.21,13.00,9.00,1.00,1.00,1.00
2025-11-15T18:54:00Z,99.00,96.00,43.21,13.00,9.00,1.00,1.00,1.00
2025-11-15T19:22:00Z,99.00,96.00,43.21,13.00,9.00,1.00,1.00,1.00
2025-11-15T19:37:00Z,99.00,96.00,70.00,13.00,9.00,1.00,1.00,1.00
2025-11-15T19:38:00Z,99.00,96.00,70.00,13.00,2.40,1.00,1.00,1.00
2025-11-15T19:40:00Z,99.00,96.00,70.00,13.00,2.40,1.00,1.00,1.00
2025-11-15T19:47:00Z,99.00,96.00,35.71,13.00,2.40,1.00,1.00,1.00
2025-11-15T19:49:00Z,99.00,92.36,35.71,13.00,2.40,1.00,1.00,1.00
2025-11-15T19:51:00Z,99.00,96.00,35.71,13.00,2.40,1.00,1.00,1.00
2025-11-15T19:53:00Z,99.00,96.00,36.44,13.00,2.40,1.00,1.00,1.00
2025-11-15T19:55:00Z,99.00,96.00,36.44,13.00,2.40,1.00,1.00,1.00
2025-11-15T20:12:00Z,99.00,96.00,69.00,13.00,2.40,1.00,1.00,1.00
2025-11-15T20:45:00Z,99.00,96.00,69.00,5.00,2.40,1.00,1.00,1.00
2025-11-15T21:22:00Z,99.00,93.45,69.00,5.00,2.40,1.00,1.00,1.00
2025-11-15T21:59:00Z,99.00,93.45,69.00,5.00,2.40,1.00,1.00,1.00
2025-11-15T22:48:00Z,99.00,93.45,69.00,9.92,2.40,1.00,1.00,1.00
2025-11-15T23:10:00Z,99.00,93.45,69.00,5.00,2.40,1.00,1.00,1.00
2025-11-15T23:12:00Z,99.00,93.45,69.00,4.00,2.40,1.00,1.00,1.00
2025-11-15T23:55:00Z,99.00,93.45,69.00,4.00,2.40,1.00,1.00,1.00
2025-11-15T23:56:00Z,99.00,93.45,69.00,2.28,2.40,1.00,1.00,1.00
2025-11-16T00:20:00Z,99.00,93.45,63.00,2.28,2.40,1.00,1.00,1.00
2025-11-16T01:23:00Z,99.00,93.45,63.00,2.28,2.40,1.00,1.00,1.00
2025-11-16T01:24:00Z,99.00,93.45,63.00,2.28,2.40,1.00,1.00,1.00
2025-11-16T02:38:00Z,99.00,93.45,63.00,10.00,2.40,1.00,1.00,1.00
2025-11-16T02:59:00Z,99.00,93.45,63.00,10.00,2.40,1.00,1.00,1.00
2025-11-16T03:08:00Z,99.00,93.45,63.00,2.00,2.40,1.00,1.00,1.00
2025-11-16T03:23:00Z,99.00,93.45,63.00,10.00,2.40,1.00,1.00,1.00
2025-11-16T04:25:00Z,99.00,93.45,62.98,10.00,2.40,1.00,1.00,1.00
2025-11-16T05:24:00Z,99.00,93.45,63.81,10.00,2.40,1.00,1.00,1.00
2025-11-16T05:27:00Z,99.00,93.45,63.81,10.00,3.00,1.00,1.00,1.00
2025-11-16T05:29:00Z,99.00,93.45,63.81,10.00,3.00,1.00,1.00,1.00
2025-11-16T05:38:00Z,99.00,93.45,63.81,10.00,3.00,1.00,1.00,1.00
2025-11-16T05:39:00Z,99.00,93.45,63.81,10.00,3.00,1.00,1.00,1.00
2025-11-16T06:16:00Z,99.00,93.45,68.82,10.00,3.00,1.00,1.00,1.00
2025-11-16T06:23:00Z,99.00,93.45,68.82,10.00,3.00,1.00,1.00,1.00
2025-11-16T06:24:00Z,99.00,93.45,68.82,10.00,3.00,1.00,1.00,1.00
2025-11-16T06:31:00Z,99.00,99.00,68.82,10.00,3.00,1.00,1.00,1.00
2025-11-16T06:48:00Z,99.00,98.00,68.82,10.00,3.00,1.00,1.00,1.00
2025-11-16T06:59:00Z,99.00,98.00,69.37,10.00,3.00,1.00,1.00,1.00
2025-11-16T07:05:00Z,99.00,98.00,77.32,10.00,3.00,1.00,1.00,1.00
2025-11-16T07:27:00Z,99.00,98.00,77.32,9.00,3.00,1.00,1.00,1.00
2025-11-16T07:36:00Z,99.00,98.00,79.00,9.00,3.00,1.00,1.00,1.00
2025-11-16T08:18:00Z,99.00,98.00,87.00,9.00,3.00,1.00,1.00,1.00
2025-11-16T08:28:00Z,99.00,98.00,87.00,9.49,3.00,1.00,1.00,1.00
2025-11-16T08:32:00Z,99.00,98.00,88.79,9.49,3.00,1.00,1.00,1.00
2025-11-16T08:33:00Z,99.00,98.00,88.79,10.00,3.00,1.00,1.00,1.00
2025-11-16T08:57:00Z,99.00,98.00,88.79,10.00,3.00,1.00,1.00,1.00
2025-11-16T09:00:00Z,99.00,98.00,88.79,10.00,3.00,1.00,1.00,1.00
2025-11-16T09:11:00Z,99.00,98.00,89.77,10.00,3.00,1.00,1.00,1.00
2025-11-16T09:18:00Z,99.00,98.00,89.77,2.21,3.00,1.00,1.00,1.00
2025-11-16T09:21:00Z,99.00,98.00,89.77,2.00,3.00,1.00,1.00,1.00
2025-11-16T09:45:00Z,99.00,98.00,89.77,9.00,3.00,1.00,1.00,1.00
2025-11-16T09:55:00Z,99.00,98.00,89.77,9.00,3.00,1.00,1.00,1.00
2025-11-16T11:07:00Z,99.00,98.00,89.77,9.95,3.00,1.00,1.00,1.00
2025-11-16T11:18:00Z,99.00,98.00,89.77,10.00,3.00,1.00,1.00,1.00
2025-11-16T13:25:00Z,99.00,98.00,89.77,10.00,3.00,1.00,1.00,1.00
2025-11-16T13:32:00Z,99.00,98.00,89.77,10.00,3.00,1.00,1.00,1.00
2025-11-16T14:17:00Z,99.00,98.00,89.77,10.00,3.00,1.00,1.00,1.00
2025-11-16T14:32:00Z,99.00,98.00,89.77,10.00,3.00,1.00,1.00,1.00
2025-11-16T14:33:00Z,99.00,98.00,89.77,10.00,3.00,1.00,1.00,1.00
2025-11-16T14:42:00Z,99.00,98.00,89.77,9.00,3.00,1.00,1.00,1.00
2025-11-16T15:03:00Z,99.00,98.00,89.77,9.00,3.00,1.00,1.00,1.00
2025-11-16T15:27:00Z,99.00,98.00,92.00,9.00,3.00,1.00,1.00,1.00
2025-11-16T16:12:00Z,99.00,98.00,92.00,9.00,3.00,1.00,1.00,1.00
2025-11-16T16:23:00Z,99.00,98.00,92.00,9.00,3.00,1.00,1.00,1.00
2025-11-16T16:24:00Z,99.00,98.00,92.00,9.00,3.00,1.00,1.00,1.00
2025-11-16T16:26:00Z,99.00,98.00,92.00,10.00,3.00,1.00,1.00,1.00
2025-11-16T16:28:00Z,99.00,98.00,70.00,10.00,3.00,1.00,1.00,1.00
2025-11-16T16:29:00Z,99.00,98.00,70.00,10.00,3.00,1.00,1.00,1.00
2025-11-16T16:32:00Z,99.00,98.00,70.00,10.00,3.00,1.00,1.00,1.00
2025-11-16T16:36:00Z,99.00,97.00,70.00,10.00,3.00,1.00,1.00,1.00
2025-11-16T16:37:00Z,99.00,97.00,70.00,10.00,2.87,1.00,1.00,1.00
2025-11-16T16:40:00Z,99.00,98.00,70.00,10.00,2.87,1.00,1.00,1.00
2025-11-16T16:47:00Z,99.00,99.00,70.00,10.00,2.87,1.00,1.00,1.00
2025-11-16T16:49:00Z,99.00,99.00,91.95,10.00,2.87,1.00,1.00,1.00
2025-11-16T16:57:00Z,99.00,99.00,91.95,9.00,2.87,1.00,1.00,1.00
2025-11-16T17:20:00Z,99.00,99.00,91.95,7.00,2.87,1.00,1.00,1.00
2025-11-16T17:25:00Z,99.00,99.00,91.95,7.00,2.87,1.00,1.00,1.00
2025-11-16T17:43:00Z,99.00,99.00,91.95,10.00,2.87,1.00,1.00,1.00
2025-11-16T18:56:00Z,99.00,99.00,91.95,10.00,2.87,1.00,1.00,1.00
2025-11-16T19:01:00Z,99.00,99.00,91.95,10.00,2.87,1.00,1.00,1.00
2025-11-16T19:15:00Z,99.00,99.00,78.00,10.00,2.87,1.00,1.00,1.00
2025-11-16T19:30:00Z,99.00,98.00,78.00,10.00,2.87,1.00,1.00,1.00
2025-11-16T19:43:00Z,99.00,98.00,78.00,9.00,2.87,1.00,1.00,1.00
2025-11-16T19:56:00Z,99.00,98.00,78.00,6.17,3.00,1.00,1.00,1.00
2025-11-16T19:59:00Z,99.00,98.00,78.00,9.00,3.00,1.00,1.00,1.00
2025-11-16T21:37:00Z,99.00,98.00,78.00,10.03,3.00,1.00,1.00,1.00
2025-11-16T21:38:00Z,99.00,98.00,95.69,10.03,3.00,1.00,1.00,1.00
2025-11-16T21:56:00Z,99.00,98.00,95.69,10.03,3.00,1.00,1.00,1.00
2025-11-16T22:01:00Z,99.00,98.00,95.69,11.00,3.00,1.00,1.00,1.00
2025-11-16T22:04:00Z,99.00,98.00,78.19,11.00,3.00,1.00,1.00,1.00
2025-11-16T22:36:00Z,99.00,98.00,78.19,11.00,3.00,1.00,1.00,1.00
2025-11-16T23:05:00Z,99.00,99.00,78.19,11.00,3.00,1.00,1.00,1.00
2025-11-16T23:17:00Z,99.00,99.00,78.19,6.10,3.00,1.00,1.00,1.00
2025-11-16T23:27:00Z,99.00,99.00,72.92,6.10,3.00,1.00,1.00,1.00
2025-11-16T23:39:00Z,99.00,98.00,72.92,6.10,3.00,1.00,1.00,1.00
2025-11-16T23:55:00Z,99.00,98.00,94.00,6.10,3.00,1.00,1.00,1.00
2025-11-16T23:58:00Z,99.00,99.00,94.00,6.10,3.00,1.00,1.00,1.00
2025-11-17T00:23:00Z,99.00,99.00,95.00,6.10,3.00,1.00,1.00,1.00
2025-11-17T00:33:00Z,99.00,99.00,94.95,6.10,3.00,1.00,1.00,1.00
2025-11-17T00:34:00Z,99.00,99.00,85.16,6.10,3.00,1.00,1.00,1.00
2025-11-17T00:57:00Z,99.00,99.00,85.16,9.00,3.00,1.00,1.00,1.00
2025-11-17T01:01:00Z,99.00,99.00,85.16,9.00,3.00,1.00,1.00,1.00
2025-11-17T01:10:00Z,99.00,99.00,85.16,6.00,3.00,1.00,1.00,1.00
2025-11-17T01:11:00Z,99.00,99.00,85.16,5.12,3.00,1.00,1.00,1.00
2025-11-17T01:15:00Z,99.00,99.00,85.16,5.00,3.00,1.00,1.00,1.00
2025-11-17T01:17:00Z,99.00,99.00,85.16,5.00,3.00,1.00,1.00,1.00
2025-11-17T01:32:00Z,99.00,99.00,85.16,5.00,3.00,1.00,1.00,1.00
2025-11-17T01:54:00Z,99.00,99.00,85.16,6.00,3.00,1.00,1.00,1.00
2025-11-17T02:01:00Z,99.00,99.00,85.16,6.00,3.00,1.00,1.00,1.00
2025-11-17T02:09:00Z,99.00,99.00,85.16,8.00,3.00,1.00,1.00,1.00
2025-11-17T02:24:00Z,99.00,99.00,96.00,8.00,3.00,1.00,1.00,1.00
2025-11-17T02:35:00Z,99.00,99.00,96.00,6.11,3.00,1.00,1.00,1.00
2025-11-17T02:38:00Z,99.00,99.00,96.00,9.00,3.00,1.00,1.00,1.00
2025-11-17T02:55:00Z,99.00,99.00,97.00,9.00,3.00,1.00,1.00,1.00
2025-11-17T02:58:00Z,99.00,99.00,91.00,9.00,3.00,1.00,1.00,1.00
2025-11-17T03:11:00Z,99.00,99.00,91.00,8.00,3.00,1.00,1.00,1.00
2025-11-17T03:28:00Z,99.00,99.00,91.00,8.00,3.00,1.00,1.00,1.00
2025-11-17T03:32:00Z,99.00,99.00,91.00,8.00,3.00,1.00,1.00,1.00
2025-11-17T03:39:00Z,99.00,99.00,91.00,5.00,3.00,1.00,1.00,1.00
2025-11-17T03:46:00Z,99.00,99.00,91.00,5.00,1.00,1.00,1.00,1.00
2025-11-17T03:50:00Z,99.00,99.00,91.00,8.80,1.00,1.00,1.00,1.00
2025-11-17T03:52:00Z,99.00,99.00,91.00,6.00,1.00,1.00,1.00,1.00
2025-11-17T04:02:00Z,99.00,99.00,91.00,6.00,1.00,1.00,1.00,1.00
2025-11-17T04:04:00Z,99.00,99.00,96.00,6.00,1.00,1.00,1.00,1.00
2025-11-17T04:18:00Z,99.00,99.00,96.00,6.00,1.00,1.00,1.00,1.00
2025-11-17T04:24:00Z,99.00,99.00,96.00,9.00,1.00,1.00,1.00,1.00
2025-11-17T04:26:00Z,99.00,99.00,96.00,8.00,1.00,1.00,1.00,1.00
2025-11-17T04:41:00Z,99.00,99.00,96.00,9.00,1.00,1.00,1.00,1.00
2025-11-17T04:52:00Z,99.00,99.00,96.00,9.00,1.00,1.00,1.00,1.00
2025-11-17T04:54:00Z,99.00,99.00,92.00,9.00,1.00,1.00,1.00,1.00
2025-11-17T04:56:00Z,99.00,99.00,96.82,9.00,1.00,1.00,1.00,1.00
2025-11-17T04:59:00Z,99.00,99.00,96.82,9.00,1.00,1.00,1.00,1.00
2025-11-17T05:00:00Z,99.00,99.00,96.82,9.00,1.00,1.00,1.00,1.00
2025-11-17T05:15:00Z,99.00,99.00,96.82,9.00,1.00,1.00,1.00,1.00
2025-11-17T05:24:00Z,99.00,99.00,99.00,9.00,1.00,1.00,1.00,1.00
2025-11-17T05:28:00Z,99.00,99.00,99.00,9.00,1.00,1.00,1.00,1.00
2025-11-17T05:30:00Z,99.00,99.00,99.00,9.00,1.00,1.00,1.00,1.00
2025-11-17T05:35:00Z,99.00,99.00,94.00,9.00,1.00,1.00,1.00,1.00
2025-11-17T05:36:00Z,99.00,99.00,94.00,9.00,1.00,1.00,1.00,1.00
2025-11-17T05:51:00Z,99.00,99.00,94.00,6.00,1.00,1.00,1.00,1.00
2025-11-17T05:55:00Z,99.00,99.00,94.00,8.00,1.00,1.00,1.00,1.00
2025-11-17T05:56:00Z,99.00,99.00,94.00,6.00,1.00,1.00,1.00,1.00
2025-11-17T06:21:00Z,99.00,99.00,94.00,6.00,1.00,1.00,1.00,1.00
2025-11-17T07:15:00Z,99.00,99.00,94.00,8.00,1.00,1.00,1.00,1.00
2025-11-17T07:16:00Z,99.00,99.00,94.00,8.00,1.00,1.00,1.00,1.00
2025-11-17T07:20:00Z,99.00,99.00,94.00,8.00,1.65,1.00,1.00,1.00
2025-11-17T07:50:00Z,99.00,99.00,93.82,8.00,1.65,1.00,1.00,1.00
2025-11-17T09:01:00Z,99.00,99.00,93.82,8.00,1.65,1.00,1.00,1.00
2025-11-17T09:13:00Z,99.00,99.00,93.82,6.00,1.65,1.00,1.00,1.00
2025-11-17T09:15:00Z,99.00,99.00,93.82,8.00,1.65,1.00,1.00,1.00
2025-11-17T09:42:00Z,99.00,99.00,93.82,8.00,1.65,1.00,1.00,1.00
2025-11-17T10:01:00Z,99.00,99.00,99.00,8.00,1.65,1.00,1.00,1.00
2025-11-17T10:27:00Z,99.00,99.00,99.00,4.71,1.65,1.00,1.00,1.00
2025-11-17T11:25:00Z,99.00,99.00,99.00,2.00,1.65,1.00,1.00,1.00
2025-11-17T12:25:00Z,99.00,99.00,99.00,7.64,1.65,1.00,1.00,1.00
2025-11-17T12:39:00Z,99.00,99.00,98.50,7.64,1.65,1.00,1.00,1.00
2025-11-17T13:03:00Z,99.00,99.00,97.00,7.64,1.65,1.00,1.00,1.00
2025-11-17T13:04:00Z,99.00,99.00,97.00,5.00,1.65,1.00,1.00,1.00
2025-11-17T13:23:00Z,99.00,99.00,97.00,2.00,1.65,1.00,1.00,1.00
2025-11-17T13:37:00Z,99.00,99.00,97.00,2.00,1.65,1.00,1.00,1.00
2025-11-17T14:17:00Z,99.00,99.00,97.00,2.00,1.65,1.00,1.00,1.00
2025-11-17T14:27:00Z,99.00,99.00,97.00,3.32,1.65,1.00,1.00,1.00
2025-11-17T14:28:00Z,99.00,99.00,97.00,2.11,1.65,1.00,1.00,1.00
2025-11-17T14:35:00Z,99.00,99.00,97.00,2.71,1.65,1.00,1.00,1.00
2025-11-17T14:36:00Z,99.00,99.00,97.00,1.00,1.65,1.00,1.00,1.00
2025-11-17T14:46:00Z,99.00,99.00,97.00,3.91,1.65,1.00,1.00,1.00
2025-11-17T14:49:00Z,99.00,99.00,97.00,3.91,4.00,1.00,1.00,1.00
2025-11-17T14:51:00Z,99.00,99.00,97.00,1.00,4.00,1.00,1.00,1.00