timestamp,Above 45,Above 60,Above 75,Above 80,Above 85,Above 90,Above 95
2024-03-29T18:41:00Z,,87.00,,,,,
2024-03-29T21:28:00Z,,87.00,,,,35.27,
2024-03-29T23:49:00Z,,87.00,,,,32.62,
2024-03-29T23:54:00Z,,87.00,,,,28.34,
2024-03-30T02:47:00Z,,87.00,65.00,,,28.34,
2024-03-30T13:24:00Z,91.00,87.00,65.00,,,28.34,
2024-03-30T18:25:00Z,91.00,87.00,65.00,,,21.18,
2024-03-30T18:41:00Z,91.00,87.00,65.00,,,20.00,
2024-04-01T14:10:00Z,91.00,87.00,65.00,,,14.00,
2024-04-02T00:39:00Z,91.00,87.00,65.00,,,14.00,
2024-04-02T00:50:00Z,91.00,87.00,65.00,,,19.00,
2024-04-02T01:41:00Z,91.00,87.00,63.20,,,19.00,
2024-04-02T02:13:00Z,91.50,87.00,63.20,,,19.00,
2024-04-02T12:41:00Z,91.50,87.00,69.00,,,21.00,
2024-04-02T13:20:00Z,91.50,85.00,69.00,,,21.00,
2024-04-02T13:46:00Z,91.50,85.00,72.00,,,21.00,
2024-04-02T14:04:00Z,96.00,85.00,72.00,,,21.00,
2024-04-02T21:25:00Z,96.00,88.42,72.00,,,21.00,
2024-04-02T21:43:00Z,96.00,88.42,74.00,,,21.00,
2024-04-02T23:12:00Z,96.00,88.42,75.00,,,22.00,
2024-04-02T23:14:00Z,96.00,88.42,75.00,,,23.00,
2024-04-02T23:17:00Z,96.00,88.42,75.00,,,26.00,
2024-04-02T23:31:00Z,96.00,88.42,80.00,,,26.00,
2024-04-03T01:14:00Z,96.00,90.00,80.00,,,26.00,
2024-04-03T01:15:00Z,96.00,90.00,79.00,,,26.00,
2024-04-03T02:47:00Z,96.00,90.00,79.00,,,26.00,
2024-04-03T12:04:00Z,96.00,90.00,79.00,,,27.00,
2024-04-03T12:10:00Z,96.00,90.00,79.00,,,25.00,
2024-04-03T12:36:00Z,96.00,90.00,79.00,,,28.53,
2024-04-03T16:53:00Z,96.00,94.00,79.00,,,28.53,
2024-04-04T18:18:00Z,99.00,94.00,79.00,,,28.53,
2024-04-04T20:19:00Z,99.00,94.00,79.00,,,32.66,
2024-04-04T20:35:00Z,99.00,95.00,79.00,,,32.66,
2024-04-04T20:46:00Z,99.00,96.72,79.00,,,37.00,
2024-04-05T01:09:00Z,99.00,96.72,79.00,,,37.00,
2024-04-05T01:42:00Z,99.00,95.00,84.00,,,37.00,
2024-04-05T14:37:00Z,99.00,95.00,84.00,,,37.00,
2024-04-05T17:47:00Z,99.00,95.00,86.00,,,37.00,
2024-04-05T18:37:00Z,99.00,95.00,86.00,,,35.53,
2024-04-05T19:13:00Z,99.00,95.00,86.00,,,40.00,
2024-04-05T19:14:00Z,99.00,95.00,86.00,,,43.00,
2024-04-05T20:34:00Z,99.00,95.00,88.42,,,43.00,
2024-04-05T21:04:00Z,99.00,95.00,87.00,,,43.00,
2024-04-05T22:10:00Z,99.00,95.00,87.00,,,38.76,
2024-04-06T13:51:00Z,99.00,95.00,87.00,,,43.00,
2024-04-06T19:07:00Z,99.00,95.00,87.00,,,43.00,
2024-04-06T20:50:00Z,99.00,95.00,89.96,,,43.00,
2024-04-07T14:49:00Z,99.00,95.00,92.00,,,43.00,
2024-04-07T17:49:00Z,99.00,95.00,92.00,,,41.00,
2024-04-08T21:17:00Z,99.00,95.00,92.00,,,39.00,
2024-04-09T00:35:00Z,99.00,95.00,92.00,,63.00,39.00,
2024-04-09T03:36:00Z,99.00,95.00,92.00,,61.00,39.00,
2024-04-09T13:37:00Z,99.00,95.00,92.00,,61.00,40.00,
2024-04-09T13:41:00Z,99.00,95.00,92.00,,62.00,40.00,
2024-04-09T16:58:00Z,99.00,95.00,92.00,,62.00,40.00,
2024-04-10T01:10:00Z,99.00,95.00,92.00,,56.00,40.00,
2024-04-10T01:11:00Z,99.00,95.00,92.00,,56.00,40.00,
2024-04-10T15:09:00Z,99.00,95.00,92.00,,56.00,38.00,
2024-04-10T15:22:00Z,99.00,95.00,93.00,,56.00,38.00,
2024-04-10T15:23:00Z,99.00,95.00,93.00,77.00,56.00,38.00,
2024-04-10T18:21:00Z,99.00,95.00,93.00,77.00,56.00,42.00,
2024-04-10T21:11:00Z,99.00,95.00,93.00,84.08,56.00,42.00,
2024-04-10T21:49:00Z,99.00,95.00,93.00,84.08,56.00,50.53,
2024-04-10T21:50:00Z,99.00,95.00,93.00,88.50,56.00,50.53,
2024-04-10T21:56:00Z,99.00,95.00,93.00,88.50,76.53,50.53,
2024-04-10T22:48:00Z,99.00,95.00,93.00,88.50,82.53,50.53,
2024-04-10T23:07:00Z,99.00,95.00,96.00,88.50,82.53,50.53,
2024-04-10T23:08:00Z,99.00,95.00,96.00,88.50,82.53,50.53,
2024-04-11T00:57:00Z,99.00,95.00,96.00,88.50,81.00,50.53,
2024-04-11T02:13:00Z,99.00,95.00,96.00,88.50,81.00,50.53,31.00
2024-04-11T12:04:00Z,99.00,95.00,96.00,88.50,81.00,59.00,31.00
2024-04-11T12:24:00Z,99.00,95.00,96.00,88.50,81.00,59.00,28.00
2024-04-11T13:26:00Z,99.00,95.00,96.00,88.50,80.00,59.00,28.00
2024-04-11T16:20:00Z,99.00,95.00,96.00,88.50,80.00,55.74,28.00
2024-04-11T17:11:00Z,99.00,95.00,96.00,88.50,80.00,55.74,27.00
2024-04-11T18:56:00Z,99.00,95.00,96.00,88.50,80.00,55.74,31.00
2024-04-11T19:28:00Z,99.00,95.00,96.00,88.50,84.00,55.74,31.00
2024-04-11T19:52:00Z,99.00,95.00,96.00,88.50,84.00,56.00,28.00
2024-04-11T20:08:00Z,99.00,95.00,96.00,88.50,84.00,56.00,28.00
2024-04-11T20:40:00Z,99.00,95.00,96.00,88.50,84.00,56.00,28.00
2024-04-11T20:42:00Z,99.00,95.00,96.00,88.50,84.00,56.00,27.00
2024-04-11T22:20:00Z,99.00,95.00,96.00,88.50,84.00,51.71,27.00
2024-04-11T22:23:00Z,99.00,95.00,96.00,88.50,84.00,43.88,27.00
2024-04-11T22:30:00Z,97.00,95.00,96.00,91.00,84.00,40.00,27.00
2024-04-11T22:48:00Z,97.00,95.00,96.00,91.00,84.00,40.00,20.00
2024-04-11T22:54:00Z,97.00,95.00,96.00,91.00,84.00,43.18,20.00
2024-04-11T22:55:00Z,97.00,95.00,96.00,91.00,84.00,47.66,20.00
2024-04-11T22:58:00Z,97.00,95.00,96.00,91.00,81.38,47.66,20.00
2024-04-11T23:03:00Z,97.00,95.00,96.00,91.00,81.38,47.66,22.00
2024-04-11T23:12:00Z,97.00,95.00,96.00,92.00,81.38,47.66,22.00
2024-04-11T23:28:00Z,97.00,95.00,96.00,92.00,81.38,47.66,23.53
2024-04-11T23:30:00Z,97.00,95.00,96.00,92.00,81.38,47.66,25.00
2024-04-12T00:24:00Z,97.00,95.00,96.00,92.00,81.38,47.66,18.37
2024-04-12T00:27:00Z,97.00,95.00,96.00,92.00,81.38,52.00,18.37
2024-04-12T00:42:00Z,97.00,95.00,96.00,92.00,81.38,52.00,21.00
2024-04-12T01:47:00Z,97.00,95.00,96.00,92.00,81.38,49.75,18.20
2024-04-12T01:48:00Z,97.00,95.00,96.00,91.00,82.33,49.75,18.20
2024-04-12T01:59:00Z,97.00,95.00,96.00,91.00,82.33,49.75,18.00
2024-04-12T12:07:00Z,97.00,95.00,96.00,91.00,82.33,52.80,18.00
2024-04-12T12:13:00Z,97.00,95.00,96.00,91.00,82.33,52.80,23.00
2024-04-12T14:45:00Z,97.00,95.00,96.00,91.00,82.33,52.80,25.00
2024-04-12T15:12:00Z,97.00,95.00,96.00,91.00,87.00,54.00,25.00
2024-04-12T15:24:00Z,97.00,95.00,96.00,91.00,87.00,52.65,25.00
2024-04-12T16:05:00Z,97.00,95.00,96.00,91.00,87.00,57.60,25.00
2024-04-12T16:11:00Z,97.00,95.00,96.00,91.00,87.00,59.00,25.00
2024-04-12T16:12:00Z,97.00,95.00,96.00,97.00,87.00,65.00,27.00
2024-04-12T16:20:00Z,97.00,95.00,96.00,97.00,87.00,65.00,28.00
2024-04-12T16:21:00Z,97.00,95.00,96.00,97.00,87.00,65.00,30.00
2024-04-12T16:22:00Z,97.00,95.00,96.00,97.00,87.00,65.00,30.00
2024-04-12T16:29:00Z,97.00,95.00,96.00,97.00,87.00,72.00,30.00
2024-04-12T16:30:00Z,97.00,95.00,96.00,97.00,87.00,73.00,33.42
2024-04-12T16:40:00Z,97.00,95.00,96.00,97.00,87.00,73.00,37.42
2024-04-12T16:41:00Z,97.00,95.00,96.00,97.00,87.00,79.00,37.42
2024-04-12T16:44:00Z,97.00,95.00,96.00,99.00,87.00,79.00,37.42
2024-04-12T16:45:00Z,97.00,95.00,96.00,99.00,87.00,79.66,37.42
2024-04-12T16:46:00Z,97.00,95.00,96.00,99.00,87.00,79.66,40.00
2024-04-12T16:47:00Z,97.00,95.00,96.00,99.00,87.00,85.14,40.00
2024-04-12T16:48:00Z,97.00,95.00,96.00,99.00,87.00,89.18,40.00
2024-04-12T16:51:00Z,98.00,95.00,96.00,99.00,87.00,89.18,40.00
2024-04-12T16:53:00Z,98.00,95.00,96.00,99.00,87.00,89.18,49.45
2024-04-12T16:54:00Z,98.00,95.00,96.00,99.00,87.00,89.18,52.00
2024-04-12T16:58:00Z,98.00,95.00,96.00,99.00,87.00,89.18,48.00
2024-04-12T16:59:00Z,98.00,95.00,96.00,99.00,87.00,89.18,44.00
2024-04-12T17:09:00Z,98.00,95.00,96.00,99.00,87.00,89.18,36.00
2024-04-12T17:22:00Z,98.00,95.00,96.00,99.00,87.00,94.91,36.00
2024-04-12T17:25:00Z,98.00,95.00,96.00,99.00,87.00,94.91,37.00
2024-04-12T17:32:00Z,98.00,95.00,96.00,99.00,87.00,95.00,37.00
2024-04-12T17:34:00Z,98.00,95.00,96.00,99.00,87.00,95.00,40.00
2024-04-12T17:42:00Z,98.00,95.00,96.00,99.00,87.00,95.00,40.00
2024-04-12T18:05:00Z,98.00,95.00,96.00,99.00,87.00,90.00,40.00
2024-04-12T18:12:00Z,98.00,95.00,96.00,99.00,87.00,90.00,31.00
2024-04-12T18:15:00Z,98.00,95.00,96.00,99.00,87.00,88.09,31.00
2024-04-12T18:28:00Z,98.00,95.00,98.00,99.00,87.00,88.09,31.00
2024-04-12T18:53:00Z,98.00,95.00,98.00,99.00,87.00,88.09,23.00
2024-04-12T18:57:00Z,98.00,95.00,98.00,99.00,91.74,88.09,23.00
2024-04-12T18:58:00Z,98.00,95.00,98.00,99.00,91.74,79.06,23.00
2024-04-12T19:00:00Z,98.00,95.00,98.00,99.00,91.74,76.00,23.00
2024-04-12T20:15:00Z,98.00,95.00,98.00,99.00,91.74,76.00,29.00
2024-04-12T21:02:00Z,98.00,95.00,98.00,99.00,91.74,76.00,28.44
2024-04-12T21:10:00Z,98.00,95.00,98.00,99.00,91.74,76.00,33.77
2024-04-12T21:23:00Z,98.00,95.00,98.00,99.00,91.74,76.00,24.39
2024-04-12T21:44:00Z,98.00,95.00,98.00,99.00,91.74,76.00,24.00
2024-04-12T21:51:00Z,98.00,95.00,98.00,99.00,91.74,76.00,22.29
2024-04-13T00:04:00Z,98.00,95.00,98.00,99.00,91.74,76.00,31.00
2024-04-13T16:38:00Z,98.00,95.00,98.00,99.00,91.74,76.00,32.94
2024-04-13T17:45:00Z,98.00,95.00,98.00,99.00,91.74,76.00,24.00
2024-04-13T18:10:00Z,98.00,95.00,98.00,99.00,91.74,77.79,24.00
2024-04-13T18:15:00Z,98.00,95.00,98.00,99.00,91.74,76.00,24.00
2024-04-13T18:21:00Z,98.00,95.00,98.00,99.00,91.74,76.00,24.00
2024-04-13T18:33:00Z,98.00,95.00,98.00,99.00,91.74,76.00,24.00
2024-04-13T18:54:00Z,98.00,95.00,98.00,99.00,91.00,76.00,24.00
2024-04-13T19:19:00Z,98.00,95.00,98.00,99.00,91.00,80.44,24.00
2024-04-13T19:22:00Z,98.00,95.00,98.00,99.00,91.00,80.44,20.09
2024-04-13T19:27:00Z,98.00,95.00,99.00,99.00,91.00,81.00,20.09
2024-04-13T21:29:00Z,98.00,95.00,99.00,99.00,91.00,76.00,20.09
2024-04-13T23:34:00Z,98.00,95.00,99.00,99.00,91.00,76.00,18.00
2024-04-14T01:18:00Z,98.00,95.00,99.00,99.00,95.00,76.00,18.00
2024-04-14T12:31:00Z,98.00,95.00,99.00,99.00,95.00,76.00,20.00
2024-04-14T15:38:00Z,98.00,95.00,99.00,99.00,95.00,76.00,16.05
2024-04-14T16:21:00Z,98.00,95.00,99.00,99.00,95.00,76.00,16.05
2024-04-14T17:02:00Z,98.00,95.00,99.00,99.00,95.00,76.00,20.93
2024-04-14T18:15:00Z,98.00,95.00,99.00,99.00,95.00,78.00,20.93
2024-04-14T18:23:00Z,98.00,95.00,99.00,99.00,95.00,78.00,20.93
2024-04-14T21:31:00Z,98.00,95.00,99.00,99.00,95.00,77.50,20.93
2024-04-14T21:32:00Z,98.00,95.00,99.00,99.00,95.00,79.00,20.93
2024-04-14T22:38:00Z,98.00,95.00,99.00,99.00,95.00,81.00,21.00
2024-04-15T00:08:00Z,98.00,95.00,99.00,99.00,95.00,81.00,21.00
2024-04-15T03:33:00Z,98.00,95.00,99.00,99.00,95.00,81.00,21.00
2024-04-15T13:44:00Z,98.00,95.00,99.00,99.00,95.00,81.00,21.00
2024-04-15T14:34:00Z,98.00,95.00,99.00,99.00,95.00,81.00,22.64
2024-04-15T14:48:00Z,98.00,95.00,99.00,99.00,95.00,81.70,22.64
2024-04-15T15:13:00Z,98.00,95.00,99.00,99.00,95.00,81.70,17.80
2024-04-15T15:37:00Z,98.00,95.00,99.00,99.00,95.00,81.70,23.00
2024-04-15T16:15:00Z,98.00,95.00,99.00,99.00,95.00,81.70,23.00
2024-04-15T16:21:00Z,98.00,95.00,99.00,99.00,95.00,82.00,23.00
2024-04-15T16:55:00Z,98.00,95.00,99.00,99.00,95.00,83.09,23.00
2024-04-15T16:56:00Z,98.00,95.00,99.00,99.00,95.00,84.00,23.00
2024-04-15T17:49:00Z,98.00,95.00,99.00,99.00,95.00,84.00,19.00
2024-04-15T20:16:00Z,98.00,95.00,99.00,99.00,95.00,82.00,19.00
2024-04-15T20:19:00Z,98.00,95.00,99.00,99.00,95.00,82.00,19.00
2024-04-15T21:00:00Z,98.00,95.00,99.00,99.00,95.00,82.00,23.00
2024-04-15T21:54:00Z,98.00,95.00,99.00,99.00,95.00,82.00,23.00
2024-04-15T22:01:00Z,98.00,95.00,99.00,99.00,95.00,82.00,23.78
2024-04-15T22:34:00Z,98.00,95.00,99.00,99.00,95.00,82.00,25.00
2024-04-16T02:10:00Z,98.00,95.00,99.00,99.00,95.00,81.00,25.00
2024-04-16T02:12:00Z,98.00,95.00,99.00,99.00,95.00,81.00,25.00
2024-04-16T03:44:00Z,98.00,95.00,99.00,95.00,95.00,81.00,24.40
2024-04-16T13:18:00Z,98.00,95.00,99.00,95.00,95.00,85.09,24.40
2024-04-16T13:20:00Z,98.00,95.00,99.00,95.00,95.00,85.09,21.00
2024-04-16T14:33:00Z,98.00,95.00,99.00,95.00,95.00,83.00,21.00
2024-04-16T15:40:00Z,98.00,95.00,99.00,95.00,95.00,83.00,26.11
2024-04-16T17:10:00Z,98.00,95.00,99.00,95.00,95.00,83.00,27.00
2024-04-16T20:14:00Z,98.00,95.00,99.00,99.00,95.00,83.00,27.00
2024-04-16T20:45:00Z,98.00,95.00,99.00,99.00,95.00,83.00,27.00
2024-04-16T22:33:00Z,98.00,95.00,99.00,99.00,95.00,83.45,27.00
2024-04-17T03:08:00Z,98.00,95.00,99.00,99.00,97.00,83.45,27.00
2024-04-17T03:34:00Z,98.00,95.00,99.00,99.00,97.00,83.45,21.00
2024-04-17T12:51:00Z,98.00,95.00,99.00,99.00,97.00,87.00,21.00
2024-04-17T12:52:00Z,98.00,95.00,99.00,99.00,97.00,87.00,26.00
2024-04-17T13:44:00Z,98.00,95.00,99.00,99.00,97.00,88.83,26.00
2024-04-17T16:06:00Z,98.00,95.00,99.00,99.00,97.00,88.83,28.00
2024-04-17T18:47:00Z,98.00,95.00,99.00,99.00,97.00,92.37,28.00
2024-04-17T19:58:00Z,98.00,95.00,99.00,99.00,97.00,89.35,28.00
2024-04-17T20:06:00Z,98.00,95.00,99.00,99.00,97.00,89.35,28.00
2024-04-17T21:52:00Z,98.00,95.00,99.00,99.00,97.00,89.35,30.00
2024-04-17T22:18:00Z,98.00,95.00,99.00,99.00,97.00,89.35,28.00
2024-04-18T01:15:00Z,98.00,95.00,99.00,99.00,97.00,88.00,28.00
2024-04-18T01:19:00Z,98.00,95.00,99.00,99.00,97.00,88.00,30.00
2024-04-18T01:33:00Z,98.00,95.00,99.00,99.00,97.00,88.00,29.00
2024-04-18T02:44:00Z,98.00,95.00,99.00,99.00,97.00,88.00,25.65
2024-04-18T02:57:00Z,98.00,95.00,99.00,99.00,97.00,88.00,23.34
2024-04-18T03:05:00Z,98.00,95.00,99.00,99.00,97.00,88.00,23.00
2024-04-18T03:08:00Z,98.00,95.00,99.00,99.00,97.00,88.00,21.00
2024-04-18T03:35:00Z,98.00,95.00,99.00,99.00,97.00,90.00,21.00
2024-04-18T03:49:00Z,98.00,95.00,99.00,99.00,97.00,87.33,17.00
2024-04-18T15:53:00Z,98.00,95.00,99.00,99.00,97.00,87.33,18.00
2024-04-18T16:52:00Z,98.00,95.00,99.00,99.00,98.00,87.33,18.00
2024-04-18T16:57:00Z,98.00,95.00,99.00,99.00,98.00,87.33,18.00
2024-04-18T19:09:00Z,98.00,95.00,99.00,99.00,98.00,87.33,18.00
2024-04-18T20:46:00Z,98.00,95.00,99.00,99.00,98.00,87.33,19.00
2024-04-18T20:55:00Z,98.00,95.00,96.14,99.00,98.00,87.33,19.00
2024-04-18T20:57:00Z,98.00,95.00,96.14,99.00,98.00,86.00,19.00
2024-04-18T20:58:00Z,98.00,95.00,96.00,97.00,98.00,86.00,19.00
2024-04-18T21:12:00Z,98.00,95.00,96.00,97.00,98.00,86.00,18.43
2024-04-18T23:02:00Z,98.00,95.00,96.00,97.00,98.00,86.00,18.43
2024-04-18T23:35:00Z,98.00,95.00,96.00,97.00,98.00,86.00,18.43
2024-04-19T00:46:00Z,98.00,95.00,96.00,97.00,98.00,86.00,17.00
2024-04-19T00:54:00Z,98.00,95.00,96.00,97.00,98.00,87.00,17.00
2024-04-19T00:57:00Z,98.00,95.00,96.00,97.00,98.00,87.00,14.00
2024-04-19T01:18:00Z,98.00,95.00,96.00,97.00,98.00,87.00,17.00
2024-04-19T12:11:00Z,98.00,95.00,96.00,97.00,98.00,87.00,14.00
2024-04-19T12:35:00Z,98.00,95.00,96.00,97.00,97.00,87.00,14.00
2024-04-19T13:48:00Z,98.00,95.00,96.00,97.00,97.00,87.00,10.80
2024-04-19T13:57:00Z,98.00,95.00,96.00,97.00,97.00,83.00,10.80
2024-04-19T14:02:00Z,98.00,95.00,96.00,97.00,97.00,83.00,10.00
2024-04-19T14:06:00Z,98.00,95.00,96.00,97.00,97.00,83.00,9.23
2024-04-19T14:18:00Z,98.00,95.00,96.00,97.00,97.00,83.00,13.00
2024-04-19T15:41:00Z,98.00,95.00,96.00,97.00,97.00,85.95,13.00
2024-04-19T15:54:00Z,98.00,95.00,96.00,97.00,97.00,86.00,13.00
2024-04-19T16:58:00Z,98.00,95.00,96.00,97.00,97.00,86.00,13.00
2024-04-19T17:12:00Z,98.00,95.00,96.00,97.00,97.00,86.00,13.00
2024-04-19T17:22:00Z,98.00,95.00,96.00,97.00,97.00,84.10,13.00
2024-04-19T19:27:00Z,98.00,95.00,96.00,97.00,97.00,84.10,9.00
2024-04-19T19:35:00Z,98.00,95.00,96.00,97.00,97.00,83.00,9.00
2024-04-19T19:36:00Z,98.00,95.00,96.00,97.00,97.00,82.00,9.00
2024-04-19T19:40:00Z,98.00,95.00,96.00,97.00,97.00,82.00,9.00
2024-04-19T19:41:00Z,98.00,95.00,96.00,97.00,97.00,81.00,8.00
2024-04-19T20:50:00Z,98.00,95.00,96.00,97.00,97.00,80.00,7.00
2024-04-19T20:51:00Z,98.00,95.00,96.00,97.00,97.00,80.00,6.00
2024-04-19T22:12:00Z,98.00,95.00,96.00,97.00,97.00,80.00,11.20
2024-04-19T22:26:00Z,98.00,95.00,96.00,97.00,97.00,84.09,11.20
2024-04-19T22:51:00Z,98.00,95.00,96.00,97.00,97.00,85.00,11.20
2024-04-19T22:57:00Z,98.00,95.00,96.00,97.00,97.00,80.00,11.20
2024-04-19T23:29:00Z,98.00,95.00,96.00,97.00,97.00,84.88,11.20
2024-04-19T23:30:00Z,98.00,95.00,96.00,97.00,97.00,84.88,12.00
2024-04-19T23:58:00Z,98.00,95.00,96.00,97.00,97.00,84.88,12.00
2024-04-20T01:43:00Z,98.00,95.00,96.00,97.00,97.00,84.88,13.00
2024-04-20T02:08:00Z,98.00,95.00,96.00,97.00,97.00,80.00,13.00
2024-04-20T12:08:00Z,98.00,95.00,96.00,97.00,97.00,80.00,12.00
2024-04-20T12:09:00Z,98.00,95.00,96.00,97.00,97.00,80.00,12.00
2024-04-20T13:34:00Z,98.00,95.00,96.00,97.00,97.00,80.00,13.51
2024-04-20T14:35:00Z,98.00,95.00,96.00,97.00,97.00,84.50,13.51
2024-04-20T17:46:00Z,98.00,95.00,96.00,97.00,95.00,84.50,13.51
2024-04-20T19:03:00Z,98.00,95.00,96.00,97.00,95.00,80.00,13.51
2024-04-20T19:04:00Z,98.00,95.00,96.00,97.00,95.00,80.00,13.51
2024-04-20T19:07:00Z,98.00,95.00,96.00,97.00,95.00,78.00,13.51
2024-04-20T22:58:00Z,98.00,95.00,96.00,97.00,95.00,85.00,13.51
2024-04-21T16:04:00Z,98.00,95.00,96.00,97.00,95.00,85.00,14.00
2024-04-21T16:12:00Z,98.00,95.00,96.00,97.00,94.00,85.00,16.00
2024-04-21T17:18:00Z,98.00,95.00,96.00,97.00,94.00,73.45,16.00
2024-04-21T17:33:00Z,98.00,95.00,96.00,97.00,94.00,73.45,15.00
2024-04-21T17:36:00Z,98.00,95.00,96.00,97.00,94.00,79.38,15.00
2024-04-21T17:37:00Z,98.00,95.00,96.00,97.00,94.00,79.38,15.00
2024-04-21T18:28:00Z,98.00,95.00,96.00,97.00,94.00,79.38,15.00
2024-04-21T18:56:00Z,98.00,95.00,96.00,97.00,94.00,81.95,15.00
2024-04-21T19:00:00Z,98.00,95.00,96.00,97.00,94.00,82.00,15.00
2024-04-21T21:56:00Z,98.00,95.00,96.00,97.00,94.00,82.00,18.37
2024-04-21T22:06:00Z,98.00,95.00,96.00,97.00,96.00,83.00,18.37
2024-04-21T22:18:00Z,98.00,95.00,96.00,97.00,96.00,85.00,18.37
2024-04-21T22:58:00Z,98.00,95.00,96.00,97.00,96.00,85.00,18.37
2024-04-21T23:55:00Z,98.00,95.00,96.00,97.00,96.00,85.34,18.37
2024-04-21T23:57:00Z,98.00,95.00,96.00,97.00,96.00,85.34,20.00
2024-04-21T23:59:00Z,98.00,95.00,96.00,97.00,96.00,85.34,20.00
2024-04-22T01:54:00Z,98.00,95.00,96.00,97.00,96.00,81.00,20.00
2024-04-22T14:35:00Z,98.00,95.00,96.00,97.00,95.00,81.00,20.00
2024-04-22T15:02:00Z,98.00,95.00,96.00,97.00,95.00,81.00,20.00
2024-04-22T15:20:00Z,98.00,95.00,96.00,97.00,95.00,81.00,22.50
2024-04-22T15:21:00Z,98.00,95.00,96.00,97.00,95.00,81.00,27.60
2024-04-22T15:42:00Z,98.00,95.00,96.00,99.00,95.00,81.00,27.60
2024-04-22T15:51:00Z,98.00,95.00,96.00,96.00,95.00,84.00,32.89
2024-04-22T15:59:00Z,98.00,95.00,96.00,96.00,95.00,84.00,34.00
2024-04-22T16:29:00Z,98.00,95.00,96.00,96.00,95.00,88.00,34.00
2024-04-22T16:30:00Z,98.00,95.00,96.00,96.00,95.00,88.00,34.00
2024-04-22T16:50:00Z,98.00,95.00,96.00,96.00,95.00,88.00,34.00
2024-04-22T16:56:00Z,98.00,95.00,96.00,96.00,95.00,88.00,33.25
2024-04-22T17:03:00Z,98.00,95.00,96.00,96.00,95.00,88.00,31.58
2024-04-22T17:05:00Z,98.00,95.00,96.00,96.00,95.00,88.00,27.00
2024-04-22T17:30:00Z,98.00,95.00,96.00,99.00,95.00,88.00,27.00
2024-04-22T18:09:00Z,98.00,95.00,96.00,99.00,95.00,88.00,27.00
2024-04-22T18:19:00Z,98.00,95.00,96.00,99.00,95.00,88.00,33.12
2024-04-22T18:20:00Z,98.00,95.00,96.00,99.00,95.00,88.00,34.00
2024-04-22T18:42:00Z,98.00,95.00,96.00,99.00,95.00,88.00,32.00
2024-04-22T18:58:00Z,98.00,95.00,96.00,99.00,95.00,85.07,32.00
2024-04-22T19:26:00Z,98.00,95.00,96.00,99.00,95.00,85.07,28.58
2024-04-22T19:27:00Z,98.00,95.00,96.00,99.00,95.00,85.07,32.57
2024-04-22T20:02:00Z,98.00,95.00,96.00,99.00,95.00,85.07,26.00
2024-04-22T20:13:00Z,98.00,95.00,96.00,98.00,95.00,85.07,26.00
2024-04-22T20:38:00Z,98.00,95.00,96.00,98.00,95.00,85.07,26.00
2024-04-22T20:59:00Z,98.00,95.00,96.00,98.00,95.00,85.07,20.00
2024-04-22T21:07:00Z,98.00,95.00,96.00,98.00,95.00,85.07,20.00
2024-04-22T21:10:00Z,98.00,95.00,96.00,98.00,95.00,85.07,20.00
2024-04-22T21:26:00Z,98.00,95.00,96.00,98.00,95.00,86.00,20.00
2024-04-22T21:33:00Z,98.00,95.00,96.00,98.00,95.00,86.00,20.00
2024-04-22T21:40:00Z,98.00,95.00,96.00,97.00,95.00,86.00,20.00
2024-04-22T21:52:00Z,98.00,95.00,96.00,97.00,95.33,86.00,20.00
2024-04-22T22:46:00Z,98.00,95.00,96.00,97.00,94.00,86.00,20.00
2024-04-22T22:47:00Z,98.00,95.00,96.00,97.00,94.00,86.00,17.00
2024-04-22T22:48:00Z,98.00,95.00,96.00,97.00,94.00,85.00,17.00
2024-04-22T22:57:00Z,98.00,95.00,96.00,97.00,94.00,85.00,17.00
2024-04-22T22:58:00Z,98.00,95.00,96.00,97.00,94.00,82.00,17.00
2024-04-22T23:04:00Z,98.00,95.00,96.00,97.00,94.00,80.04,17.00
2024-04-22T23:05:00Z,98.00,95.00,96.00,97.00,94.00,80.04,21.50
2024-04-22T23:07:00Z,98.00,95.00,96.00,97.00,94.00,79.00,21.50
2024-04-22T23:13:00Z,98.00,95.00,96.00,97.00,94.00,82.00,21.50
2024-04-22T23:23:00Z,98.00,95.00,96.00,97.00,94.00,82.00,17.00
2024-04-22T23:24:00Z,98.00,95.00,96.00,97.00,94.00,79.50,17.00
2024-04-22T23:27:00Z,98.00,95.00,96.00,97.00,94.00,80.72,17.00
2024-04-22T23:49:00Z,98.00,95.00,96.00,97.00,94.00,74.00,17.00
2024-04-22T23:50:00Z,98.00,95.00,96.00,97.00,92.50,74.00,17.00
2024-04-23T00:07:00Z,98.00,95.00,96.00,97.00,91.00,74.00,17.00
2024-04-23T00:47:00Z,98.00,95.00,96.00,97.00,91.00,77.00,17.00
2024-04-23T00:57:00Z,98.00,95.00,96.00,97.00,91.00,81.00,17.00
2024-04-23T01:18:00Z,98.00,95.00,96.00,97.00,91.00,81.00,23.00
2024-04-23T01:27:00Z,98.00,95.00,96.00,97.00,91.00,81.00,24.00
2024-04-23T01:45:00Z,98.00,95.00,96.00,97.00,92.00,81.00,24.00
2024-04-23T01:46:00Z,98.00,95.00,96.00,97.00,92.00,81.00,24.00
2024-04-23T01:51:00Z,98.00,95.00,96.00,97.00,92.00,81.00,24.00
2024-04-23T02:00:00Z,98.00,95.00,96.00,97.00,92.00,81.00,24.00
2024-04-23T02:06:00Z,98.00,95.00,96.00,97.00,92.00,81.00,24.00
2024-04-23T03:06:00Z,98.00,95.00,96.00,97.00,92.00,82.00,24.00
2024-04-23T03:35:00Z,98.00,95.00,96.00,97.00,94.00,82.00,24.00
2024-04-23T03:50:00Z,98.00,95.00,96.00,97.00,94.00,82.00,24.00
2024-04-23T12:30:00Z,98.00,95.00,96.00,97.00,94.00,82.00,24.00
2024-04-23T13:18:00Z,98.00,95.00,96.00,97.00,96.00,82.00,24.00
2024-04-23T14:04:00Z,98.00,95.00,96.00,97.00,96.00,84.00,24.00
2024-04-23T14:05:00Z,98.00,95.00,96.00,97.00,96.00,84.00,24.00
2024-04-23T14:31:00Z,98.00,95.00,96.00,98.00,96.00,84.00,24.00
2024-04-23T15:00:00Z,98.00,95.00,96.00,98.00,96.00,84.00,23.00
2024-04-23T15:21:00Z,98.00,95.00,96.00,98.00,96.00,81.40,23.00
2024-04-23T15:36:00Z,98.00,95.00,96.00,98.00,93.00,81.40,23.00
2024-04-23T15:49:00Z,98.00,95.00,96.00,98.00,93.00,84.00,23.00
2024-04-23T15:59:00Z,98.00,95.00,96.00,98.00,96.00,84.00,23.00
2024-04-23T16:43:00Z,98.00,95.00,96.00,98.00,96.00,84.00,23.00
2024-04-23T16:46:00Z,98.00,95.00,96.00,98.00,96.00,84.00,20.00
2024-04-23T16:59:00Z,98.00,95.00,96.00,98.00,96.10,84.00,20.00
2024-04-23T17:11:00Z,98.00,95.00,96.00,98.00,96.10,84.00,24.54
2024-04-23T18:34:00Z,98.00,95.00,96.00,98.00,96.10,84.00,26.00
2024-04-23T18:47:00Z,98.00,95.00,96.00,98.00,96.10,83.00,26.00
2024-04-23T19:19:00Z,98.00,95.00,96.00,98.00,96.10,83.00,31.00
2024-04-23T19:44:00Z,98.00,95.00,96.00,98.00,94.58,83.00,31.00
2024-04-23T20:01:00Z,98.00,95.00,96.00,98.00,94.58,83.00,29.33
2024-04-23T20:03:00Z,98.00,95.00,96.00,98.00,96.00,83.00,29.33
2024-04-23T20:28:00Z,98.00,95.00,96.00,98.00,97.00,83.00,29.33
2024-04-23T20:31:00Z,98.00,95.00,96.00,98.00,97.00,83.00,26.00
2024-04-23T20:37:00Z,98.00,95.00,96.00,98.00,94.25,83.00,26.00
2024-04-23T21:54:00Z,98.00,95.00,96.00,98.00,94.25,83.00,28.00
2024-04-23T21:57:00Z,98.00,95.00,96.00,98.00,94.25,83.00,30.60
2024-04-23T23:12:00Z,98.00,95.00,96.00,98.00,94.25,83.00,27.00
2024-04-23T23:35:00Z,98.00,95.00,96.00,98.00,94.25,83.00,30.75
2024-04-23T23:37:00Z,98.00,95.00,96.00,98.00,94.25,83.00,31.00
2024-04-23T23:47:00Z,98.00,95.00,96.00,98.00,94.25,83.00,31.00
2024-04-23T23:51:00Z,98.00,95.00,96.00,98.00,94.25,83.00,31.00
2024-04-23T23:52:00Z,98.00,95.00,96.00,98.00,94.25,83.00,31.00
2024-04-23T23:53:00Z,98.00,95.00,96.00,98.00,94.25,83.00,31.00
2024-04-23T23:59:00Z,98.00,95.00,96.00,98.00,94.25,86.00,31.00
2024-04-24T00:04:00Z,98.00,95.00,96.00,98.00,94.25,87.97,31.00
2024-04-24T00:53:00Z,98.00,95.00,96.00,98.00,94.25,87.97,31.00
2024-04-24T01:31:00Z,98.00,95.00,96.00,98.00,97.00,87.97,31.00
2024-04-24T01:32:00Z,98.00,95.00,96.00,98.00,97.00,87.97,31.00
2024-04-24T02:02:00Z,98.00,95.00,96.00,98.00,97.00,87.97,31.00
2024-04-24T02:47:00Z,98.00,95.00,99.00,98.00,97.00,87.97,31.00
2024-04-24T02:48:00Z,98.00,95.00,99.00,98.00,97.00,89.20,31.00
2024-04-24T02:49:00Z,98.00,95.00,99.00,98.00,97.00,89.20,27.50
2024-04-24T02:51:00Z,98.00,95.00,99.00,98.00,97.00,89.00,27.50
2024-04-24T02:54:00Z,98.00,95.00,99.00,98.00,98.00,89.00,27.50
2024-04-24T02:59:00Z,98.00,95.00,99.00,98.00,98.00,91.00,27.50
2024-04-24T03:50:00Z,98.00,95.00,99.00,98.00,98.00,91.00,28.00
2024-04-24T12:27:00Z,98.00,95.00,99.00,98.00,98.00,91.00,21.50
2024-04-24T12:35:00Z,98.00,95.00,99.00,98.00,98.00,91.00,15.66
2024-04-24T12:36:00Z,98.00,95.00,99.00,98.00,98.00,91.00,14.60
2024-04-24T12:37:00Z,98.00,95.00,99.00,98.00,98.00,91.00,13.00
2024-04-24T12:39:00Z,98.00,95.00,99.00,98.00,98.00,91.00,15.00
2024-04-24T12:45:00Z,98.00,95.00,99.00,98.00,98.00,91.00,15.46
2024-04-24T12:46:00Z,98.00,95.00,99.00,98.00,98.00,90.00,15.46
2024-04-24T13:12:00Z,98.00,95.00,99.00,98.00,98.00,93.36,15.46
2024-04-24T13:21:00Z,98.00,95.00,99.00,98.00,98.00,92.00,15.46
2024-04-24T14:02:00Z,98.00,95.00,99.00,98.00,98.00,92.00,17.00
2024-04-24T14:07:00Z,98.00,95.00,99.00,98.00,98.00,92.00,18.90
2024-04-24T14:10:00Z,98.00,95.00,99.00,98.00,98.00,92.00,21.00
2024-04-24T15:09:00Z,98.00,95.00,99.00,98.00,98.00,96.00,21.00
2024-04-24T15:26:00Z,98.00,95.00,99.00,98.00,98.00,95.00,21.00
2024-04-24T15:32:00Z,98.00,95.00,99.00,98.00,98.00,96.00,21.00
2024-04-24T15:54:00Z,98.00,95.00,99.00,98.00,98.00,94.00,17.00
2024-04-24T16:41:00Z,98.00,95.00,99.00,98.00,98.00,94.00,13.57
2024-04-24T17:11:00Z,98.00,95.00,99.00,98.00,98.00,94.00,17.00
2024-04-24T17:13:00Z,98.00,95.00,99.00,98.00,98.00,94.00,17.00
2024-04-24T17:52:00Z,98.00,95.00,99.00,98.00,98.00,94.00,17.00
2024-04-24T17:58:00Z,98.00,95.00,99.00,98.00,98.00,95.00,17.00
2024-04-24T18:19:00Z,98.00,95.00,99.00,98.00,98.00,95.00,14.66
2024-04-24T18:21:00Z,98.00,95.00,99.00,98.00,98.00,95.00,14.66
2024-04-24T18:23:00Z,98.00,95.00,99.00,98.00,98.00,95.00,15.00
2024-04-24T18:29:00Z,98.00,95.00,99.00,98.00,99.00,95.00,15.00
2024-04-24T18:33:00Z,98.00,95.00,99.00,98.00,99.00,93.00,13.00
2024-04-24T18:37:00Z,98.00,95.00,99.00,98.00,99.00,93.00,13.00
2024-04-24T20:56:00Z,98.00,95.00,99.00,98.00,99.00,93.00,18.00
2024-04-24T20:57:00Z,98.00,95.00,99.00,98.00,99.00,90.00,18.00
2024-04-24T20:59:00Z,98.00,95.00,99.00,98.00,99.00,90.00,22.00
2024-04-24T21:01:00Z,98.00,95.00,99.00,98.00,99.00,90.00,15.23
2024-04-24T21:02:00Z,98.00,95.00,99.00,98.00,99.00,88.84,14.00
2024-04-24T21:03:00Z,98.00,95.00,99.00,98.00,99.00,88.30,14.00
2024-04-24T21:06:00Z,98.00,95.00,99.00,98.00,99.00,88.30,10.00
2024-04-24T21:08:00Z,98.00,95.00,99.00,98.00,99.00,88.30,10.00
2024-04-24T21:10:00Z,98.00,95.00,99.00,98.00,99.00,89.50,10.00
2024-04-24T21:12:00Z,98.00,95.00,99.00,98.00,99.00,88.00,10.00
2024-04-24T21:15:00Z,98.00,95.00,99.00,98.00,99.00,87.00,10.00
2024-04-24T21:16:00Z,98.00,95.00,99.00,98.00,99.00,91.70,10.00
2024-04-24T21:17:00Z,98.00,95.00,99.00,98.00,99.00,91.70,11.60
2024-04-24T22:23:00Z,98.00,95.00,99.00,98.00,99.00,92.00,11.60
2024-04-24T23:06:00Z,98.00,95.00,99.00,98.00,99.00,92.00,11.60
2024-04-24T23:19:00Z,98.00,95.00,99.00,98.00,99.00,93.34,11.60
2024-04-24T23:23:00Z,98.00,95.00,99.00,98.00,99.00,93.34,8.00
2024-04-24T23:30:00Z,98.00,95.00,99.00,98.00,99.00,92.00,8.00
2024-04-25T01:51:00Z,98.00,95.00,99.00,98.00,99.00,92.00,9.00
2024-04-25T01:59:00Z,98.00,95.00,99.00,98.00,99.00,92.00,9.96
2024-04-25T02:05:00Z,98.00,95.00,99.00,98.00,99.00,93.00,9.96
2024-04-25T02:07:00Z,98.00,95.00,99.00,98.00,99.00,93.00,11.00
2024-04-25T02:08:00Z,98.00,95.00,99.00,98.00,99.00,93.00,8.00
2024-04-25T02:20:00Z,98.00,95.00,99.00,98.00,99.00,93.00,11.00
2024-04-25T02:24:00Z,98.00,95.00,99.00,98.00,99.00,93.00,11.00
2024-04-25T02:32:00Z,98.00,95.00,99.00,98.00,99.00,93.00,11.00
2024-04-25T02:36:00Z,98.00,95.00,99.00,98.00,99.00,93.00,7.00
2024-04-25T02:37:00Z,98.00,95.00,99.00,98.00,99.00,93.00,7.00
2024-04-25T03:08:00Z,98.00,95.00,99.00,98.00,99.00,93.00,8.00
2024-04-25T03:23:00Z,98.00,95.00,99.00,98.00,99.00,93.00,10.34
2024-04-25T03:28:00Z,98.00,95.00,99.00,98.00,99.00,93.00,12.00
2024-04-25T03:38:00Z,98.00,95.00,99.00,98.00,99.00,93.00,12.00
2024-04-25T03:43:00Z,98.00,95.00,99.00,98.00,99.00,93.00,12.00
2024-04-25T12:01:00Z,98.00,95.00,99.00,97.98,99.00,90.31,12.00
2024-04-25T12:09:00Z,98.00,95.00,99.00,97.98,99.00,90.31,3.00
2024-04-25T12:11:00Z,98.00,95.00,99.00,97.98,99.00,88.84,3.00
2024-04-25T12:13:00Z,98.00,95.00,99.00,97.98,99.00,86.00,3.00
2024-04-25T12:18:00Z,98.00,95.00,99.00,97.98,99.00,85.00,3.00
2024-04-25T12:19:00Z,98.00,95.00,99.00,97.98,99.00,85.00,3.20
2024-04-25T12:42:00Z,98.00,95.00,99.00,97.98,98.00,80.00,3.20
2024-04-25T12:52:00Z,98.00,95.00,99.00,97.98,98.00,84.00,3.20
2024-04-25T13:07:00Z,98.00,95.00,99.00,97.98,98.00,80.57,3.20
2024-04-25T13:13:00Z,98.00,95.00,99.00,97.98,98.00,80.00,3.20
2024-04-25T13:21:00Z,98.00,95.00,99.00,97.98,98.00,80.00,3.20
2024-04-25T13:22:00Z,98.00,95.00,99.00,97.98,98.00,80.00,2.00
2024-04-25T13:29:00Z,98.00,95.00,99.00,97.98,98.00,80.00,1.00
2024-04-25T13:30:00Z,98.00,95.00,99.00,97.98,98.00,79.00,1.00
2024-04-25T13:39:00Z,98.00,95.00,99.00,97.98,98.00,79.00,1.00
2024-04-25T13:48:00Z,98.00,95.00,99.00,97.98,98.00,78.00,1.00
2024-04-25T13:49:00Z,98.00,95.00,99.00,97.98,98.00,78.00,1.00
2024-04-25T13:50:00Z,98.00,95.00,99.00,97.98,98.00,78.00,1.00
2024-04-25T13:56:00Z,98.00,95.00,99.00,97.98,98.00,78.00,1.00
2024-04-25T13:58:00Z,98.00,95.00,99.00,97.98,98.00,76.00,1.00
2024-04-25T14:01:00Z,98.00,95.00,99.00,97.98,98.00,80.00,1.00
2024-04-25T14:04:00Z,98.00,95.00,99.00,97.98,98.00,75.26,1.00
2024-04-25T14:06:00Z,98.00,95.00,99.00,97.98,98.00,79.80,1.00
2024-04-25T14:23:00Z,98.00,95.00,99.00,96.00,98.00,79.80,1.00
2024-04-25T14:40:00Z,98.00,95.00,99.00,96.00,98.00,80.00,1.00
2024-04-25T14:41:00Z,98.00,95.00,99.00,96.00,98.00,80.00,1.00
2024-04-25T14:52:00Z,98.00,95.00,99.00,96.00,98.00,81.00,1.00
2024-04-25T14:54:00Z,98.00,95.00,99.00,96.00,98.00,81.00,3.00
2024-04-25T14:57:00Z,98.00,95.00,99.00,96.00,98.00,81.00,3.00
2024-04-25T15:33:00Z,98.00,95.00,99.00,96.00,98.00,78.00,3.00
2024-04-25T15:34:00Z,98.00,95.00,99.00,96.00,98.00,77.00,3.00
2024-04-25T15:47:00Z,98.00,95.00,99.00,96.00,98.00,77.00,3.00
2024-04-25T16:03:00Z,98.00,95.00,99.00,96.00,98.00,76.00,3.00
2024-04-25T16:06:00Z,98.00,95.00,99.00,96.00,98.00,76.00,3.29
2024-04-25T16:07:00Z,98.00,95.00,99.00,96.00,97.00,75.00,3.29
2024-04-25T16:32:00Z,98.00,95.00,99.00,96.00,97.00,76.00,3.29
2024-04-25T16:37:00Z,98.00,95.00,99.00,96.00,97.00,73.00,3.29
2024-04-25T16:43:00Z,98.00,95.00,99.00,96.00,96.00,73.00,3.29
2024-04-25T17:18:00Z,98.00,95.00,99.00,96.00,96.00,73.00,3.00
2024-04-25T17:36:00Z,98.00,95.00,99.00,96.00,96.00,73.00,1.00
2024-04-25T17:37:00Z,98.00,95.00,99.00,96.00,96.00,70.00,1.00
2024-04-25T17:42:00Z,98.00,95.00,99.00,96.00,96.00,65.27,1.00
2024-04-25T17:44:00Z,98.00,95.00,99.00,96.00,96.00,59.86,1.00
2024-04-25T17:46:00Z,98.00,95.00,99.00,96.00,96.00,55.82,1.00
2024-04-25T17:48:00Z,98.00,95.00,99.00,96.00,96.00,55.82,1.00
2024-04-25T17:50:00Z,98.00,95.00,99.00,96.00,96.00,59.00,1.00
2024-04-25T17:53:00Z,98.00,95.00,99.00,96.00,97.00,59.00,1.00
2024-04-25T17:54:00Z,98.00,95.00,99.00,96.00,97.00,57.00,1.00
2024-04-25T17:56:00Z,98.00,95.00,99.00,96.00,97.00,55.03,1.00
2024-04-25T17:59:00Z,98.00,95.00,99.00,96.00,94.00,54.00,1.00
2024-04-25T18:04:00Z,98.00,95.00,99.00,96.00,94.00,55.00,1.00
2024-04-25T18:06:00Z,98.00,95.00,99.00,96.00,94.00,55.00,3.00
2024-04-25T18:07:00Z,98.00,95.00,99.00,96.00,94.00,55.00,3.00
2024-04-25T18:10:00Z,98.00,95.00,99.00,96.00,94.00,57.00,3.00
2024-04-25T18:13:00Z,98.00,95.00,99.00,96.00,93.08,51.05,3.00
2024-04-25T18:15:00Z,98.00,95.00,99.00,96.00,93.08,51.00,3.00
2024-04-25T18:16:00Z,98.00,95.00,99.00,96.00,93.08,50.37,3.00
2024-04-25T18:18:00Z,98.00,95.00,99.00,96.00,93.08,52.00,3.00
2024-04-25T18:22:00Z,98.00,95.00,99.00,96.00,93.08,48.00,3.00
2024-04-25T18:23:00Z,98.00,95.00,99.00,96.00,93.08,47.00,3.00
2024-04-25T18:25:00Z,98.00,95.00,99.00,96.00,94.00,47.00,3.00
2024-04-25T18:28:00Z,98.00,95.00,99.00,96.00,94.00,47.00,1.00
2024-04-25T18:39:00Z,98.00,95.00,99.00,96.00,94.00,49.66,1.00
2024-04-25T18:42:00Z,98.00,95.00,99.00,96.00,96.98,49.66,1.00
2024-04-25T19:16:00Z,98.00,95.00,99.00,96.00,96.98,52.60,1.00
2024-04-25T19:18:00Z,98.00,95.00,99.00,96.00,96.98,54.72,1.00
2024-04-25T19:20:00Z,98.00,95.00,99.00,96.00,96.98,52.29,1.00
2024-04-25T19:21:00Z,98.00,95.00,99.00,96.00,96.98,53.00,1.00
2024-04-25T19:30:00Z,98.00,95.00,99.00,96.00,96.98,57.40,1.00
2024-04-25T19:43:00Z,98.00,95.00,99.00,96.00,96.98,60.00,1.00
2024-04-25T19:50:00Z,98.00,95.00,99.00,96.00,96.98,60.98,1.00
2024-04-25T19:56:00Z,98.00,95.00,99.00,96.00,96.98,63.00,1.00
2024-04-25T19:58:00Z,98.00,95.00,99.00,96.00,96.98,63.00,2.00
2024-04-25T19:59:00Z,98.00,95.00,99.00,96.00,96.98,63.00,2.00
2024-04-25T20:02:00Z,98.00,95.00,99.00,96.00,96.98,63.00,3.00
2024-04-25T20:05:00Z,98.00,95.00,99.00,96.00,96.98,63.00,3.00
2024-04-25T20:07:00Z,98.00,95.00,99.00,96.00,96.98,63.00,3.00
2024-04-25T20:21:00Z,98.00,95.00,99.00,96.00,96.98,57.00,3.00
2024-04-25T20:24:00Z,98.00,95.00,99.00,96.00,96.98,50.05,3.00
2024-04-25T20:26:00Z,98.00,95.00,99.00,96.00,96.98,50.05,1.00
2024-04-25T20:27:00Z,98.00,95.00,99.00,96.00,96.98,51.00,1.00
2024-04-25T20:28:00Z,98.00,95.00,99.00,96.00,96.98,53.00,1.00
2024-04-25T20:30:00Z,98.00,95.00,99.00,96.00,96.98,49.33,1.00
2024-04-25T20:32:00Z,98.00,95.00,99.00,96.00,96.98,47.00,1.00
2024-04-25T20:41:00Z,98.00,95.00,99.00,96.00,93.04,47.00,1.00
2024-04-25T20:42:00Z,98.00,95.00,99.00,96.00,93.04,50.00,1.00
2024-04-25T20:46:00Z,98.00,95.00,99.00,96.00,93.04,45.76,1.00
2024-04-25T20:47:00Z,98.00,95.00,99.00,96.00,93.04,45.00,1.00
2024-04-25T20:48:00Z,98.00,95.00,99.00,96.00,93.04,47.00,1.00
2024-04-25T20:59:00Z,98.00,95.00,99.00,96.00,93.04,43.00,1.00
2024-04-25T21:04:00Z,98.00,95.00,99.00,96.00,93.04,43.00,1.00
2024-04-25T21:05:00Z,98.00,95.00,99.00,96.00,93.04,43.00,1.00
2024-04-25T21:12:00Z,98.00,95.00,99.00,96.00,93.04,40.00,1.00
2024-04-25T21:27:00Z,98.00,95.00,99.00,96.00,93.04,38.00,1.00
2024-04-25T21:28:00Z,98.00,95.00,99.00,96.00,93.04,37.00,1.00
2024-04-25T21:30:00Z,98.00,95.00,99.00,96.00,93.04,37.00,1.00
2024-04-25T21:35:00Z,98.00,95.00,99.00,96.00,93.04,44.54,1.00
2024-04-25T21:41:00Z,98.00,95.00,99.00,96.00,95.00,45.00,1.00
2024-04-25T21:48:00Z,98.00,95.00,99.00,96.00,95.00,45.00,1.00
2024-04-25T22:08:00Z,98.00,95.00,99.00,96.00,95.00,45.00,1.00
2024-04-25T22:10:00Z,98.00,95.00,99.00,96.00,95.00,48.00,1.00
2024-04-25T22:52:00Z,98.00,95.00,99.00,96.00,95.00,47.00,1.00
2024-04-25T23:27:00Z,98.00,95.00,99.00,96.00,95.00,48.00,1.00
2024-04-25T23:28:00Z,98.00,95.00,99.00,96.00,95.00,48.00,1.00
2024-04-25T23:41:00Z,98.00,95.00,99.00,96.00,95.00,48.00,1.00
2024-04-25T23:42:00Z,98.00,95.00,99.00,96.00,96.00,48.00,1.00
2024-04-26T00:07:00Z,98.00,95.00,99.00,96.00,96.00,48.00,1.09
2024-04-26T00:14:00Z,98.00,95.00,99.00,96.00,96.00,47.21,1.09
2024-04-26T00:24:00Z,98.00,95.00,99.00,96.00,96.00,51.00,1.09
2024-04-26T00:33:00Z,98.00,95.00,99.00,96.00,96.00,51.00,1.09
2024-04-26T00:49:00Z,98.00,95.00,99.00,96.00,96.00,55.93,1.09
2024-04-26T01:37:00Z,98.00,95.00,99.00,96.00,96.00,50.00,1.09
2024-04-26T01:44:00Z,98.00,95.00,99.00,96.00,96.00,48.00,1.09
2024-04-26T01:50:00Z,98.00,95.00,99.00,96.00,96.00,48.00,1.09
2024-04-26T01:51:00Z,98.00,95.00,99.00,96.00,96.00,47.00,1.09
2024-04-26T01:53:00Z,98.00,95.00,99.00,96.00,96.00,45.00,1.09
2024-04-26T01:55:00Z,98.00,95.00,99.00,96.00,96.00,45.00,1.09
2024-04-26T01:58:00Z,98.00,95.00,99.00,96.00,96.00,44.00,1.09
2024-04-26T12:01:00Z,98.00,95.00,99.00,96.00,96.00,31.64,1.09
2024-04-26T12:04:00Z,98.00,95.00,99.00,96.00,96.00,31.64,31.00
2024-04-26T12:10:00Z,98.00,95.00,99.00,96.00,95.00,31.64,31.00
2024-04-26T12:17:00Z,98.00,95.00,99.00,96.00,95.00,28.50,31.00
2024-04-26T12:20:00Z,98.00,95.00,99.00,96.00,95.00,23.00,31.00
2024-04-26T12:22:00Z,98.00,95.00,99.00,96.00,94.00,23.00,31.00
2024-04-26T12:25:00Z,98.00,95.00,99.00,96.00,93.00,23.00,31.00
2024-04-26T12:26:00Z,98.00,95.00,99.00,96.00,93.00,23.00,31.00
2024-04-26T12:44:00Z,98.00,95.00,99.00,96.00,93.00,25.00,31.00
2024-04-26T12:55:00Z,98.00,95.00,99.00,96.00,93.00,25.00,31.00
2024-04-26T13:02:00Z,98.00,95.00,99.00,96.00,93.00,25.00,2.00
2024-04-26T13:03:00Z,98.00,95.00,99.00,96.00,93.00,25.00,2.00
2024-04-26T13:15:00Z,98.00,95.00,99.00,96.00,93.00,28.00,2.00
2024-04-26T13:18:00Z,98.00,95.00,99.00,96.00,94.00,28.00,2.00
2024-04-26T13:20:00Z,98.00,95.00,99.00,96.00,94.00,26.00,2.00
2024-04-26T13:24:00Z,98.00,95.00,99.00,96.00,94.00,28.27,2.00
2024-04-26T13:27:00Z,98.00,95.00,99.00,96.00,94.00,31.75,2.00
2024-04-26T13:40:00Z,98.00,95.00,99.00,96.00,95.00,31.75,2.00
2024-04-26T13:57:00Z,98.00,95.00,99.00,96.00,96.00,31.75,2.00
2024-04-26T13:58:00Z,98.00,95.00,99.00,96.00,96.00,28.00,2.00
2024-04-26T13:59:00Z,98.00,95.00,99.00,96.00,97.00,28.00,2.00
2024-04-26T14:01:00Z,98.00,95.00,99.00,96.00,97.00,32.00,2.00
2024-04-26T14:07:00Z,98.00,95.00,99.00,96.00,97.00,32.00,2.00
2024-04-26T14:32:00Z,98.00,95.00,99.00,96.00,97.00,37.93,2.00
2024-04-26T15:03:00Z,98.00,95.00,99.00,96.00,97.00,40.00,2.00
2024-04-26T15:04:00Z,98.00,95.00,99.00,96.00,97.00,41.00,2.00
2024-04-26T15:16:00Z,98.00,95.00,99.00,96.00,97.00,35.00,2.00
2024-04-26T15:20:00Z,98.00,95.00,99.00,96.00,97.00,35.00,1.00
2024-04-26T15:26:00Z,98.00,95.00,99.00,96.00,97.00,27.00,1.00
2024-04-26T15:44:00Z,98.00,95.00,99.00,96.00,97.00,27.27,1.00
2024-04-26T15:47:00Z,98.00,95.00,99.00,96.00,97.00,25.00,1.00
2024-04-26T16:10:00Z,98.00,95.00,99.00,96.00,97.00,29.00,1.00
2024-04-26T16:14:00Z,98.00,95.00,99.00,96.00,97.00,25.00,1.00
2024-04-26T16:20:00Z,98.00,95.00,99.00,96.00,97.00,23.00,1.00
2024-04-26T16:21:00Z,98.00,95.00,99.00,96.00,97.00,22.00,1.00
2024-04-26T16:23:00Z,98.00,95.00,99.00,96.00,96.00,22.00,1.00
2024-04-26T16:30:00Z,98.00,95.00,99.00,96.00,96.00,23.00,1.00
2024-04-26T16:57:00Z,98.00,95.00,99.00,96.00,95.00,23.00,1.00
2024-04-26T17:16:00Z,98.00,95.00,99.00,96.00,95.00,21.00,1.00
2024-04-26T17:22:00Z,98.00,95.00,99.00,96.00,95.00,25.00,1.00
2024-04-26T17:23:00Z,98.00,95.00,99.00,96.00,95.00,25.00,1.00
2024-04-26T17:30:00Z,98.00,95.00,99.00,96.00,95.00,25.00,1.00
2024-04-26T17:49:00Z,98.00,95.00,99.00,96.00,95.00,25.00,1.00
2024-04-26T17:53:00Z,98.00,95.00,99.00,96.00,96.00,23.00,1.00
2024-04-26T17:58:00Z,98.00,95.00,99.00,96.00,96.10,23.00,1.00
2024-04-26T18:05:00Z,98.00,95.00,99.00,96.00,96.10,25.00,1.00
2024-04-26T18:26:00Z,98.00,95.00,99.00,96.00,96.10,25.00,1.00
2024-04-26T18:42:00Z,98.00,95.00,99.00,96.00,96.10,24.00,1.00
2024-04-26T18:45:00Z,98.00,95.00,99.00,96.00,96.10,25.00,1.00
2024-04-26T18:50:00Z,98.00,95.00,99.00,96.00,96.10,25.00,1.00
2024-04-26T18:51:00Z,98.00,95.00,99.00,96.00,96.10,25.00,1.00
2024-04-26T19:09:00Z,98.00,95.00,99.00,96.00,96.10,25.00,1.00
2024-04-26T19:12:00Z,98.00,95.00,99.00,96.00,96.10,25.00,1.00
2024-04-26T19:36:00Z,98.00,95.00,99.00,96.00,96.10,25.00,1.00
2024-04-26T19:46:00Z,98.00,95.00,99.00,96.00,96.10,25.00,1.00
2024-04-26T19:52:00Z,98.00,95.00,99.00,96.00,96.10,21.12,1.00
2024-04-26T19:53:00Z,98.00,95.00,99.00,96.00,96.10,20.00,1.00
2024-04-26T19:58:00Z,98.00,95.00,99.00,96.00,94.80,20.00,1.00
2024-04-26T20:00:00Z,98.00,95.00,99.00,96.00,93.03,20.00,1.00
2024-04-26T20:01:00Z,98.00,95.00,99.00,96.00,93.03,16.07,1.00
2024-04-26T20:02:00Z,98.00,95.00,99.00,96.00,93.03,12.86,1.00
2024-04-26T20:03:00Z,98.00,95.00,99.00,96.00,93.00,12.86,1.00
2024-04-26T20:04:00Z,98.00,95.00,99.00,96.00,93.00,12.86,1.00
2024-04-26T20:05:00Z,98.00,95.00,99.00,96.00,92.00,12.86,1.00
2024-04-26T20:08:00Z,98.00,95.00,99.00,96.00,92.00,9.00,1.00
2024-04-26T20:09:00Z,98.00,95.00,99.00,96.00,92.00,8.40,1.00
2024-04-26T20:11:00Z,98.00,95.00,99.00,96.00,92.00,5.00,1.00
2024-04-26T20:12:00Z,98.00,95.00,99.00,96.00,92.00,9.00,1.00
2024-04-26T20:13:00Z,98.00,95.00,99.00,96.00,90.40,9.00,1.00
2024-04-26T20:14:00Z,98.00,95.00,99.00,96.00,90.40,4.02,1.00
2024-04-26T20:26:00Z,98.00,95.00,99.00,96.00,89.04,5.00,1.00
2024-04-26T20:28:00Z,98.00,95.00,99.00,96.00,87.66,5.00,1.00
2024-04-26T20:30:00Z,98.00,95.00,99.00,96.00,87.66,8.70,1.00
2024-04-26T20:31:00Z,98.00,95.00,99.00,96.00,87.66,10.00,1.00
2024-04-26T20:33:00Z,98.00,95.00,99.00,96.00,87.66,11.52,1.00
2024-04-26T20:34:00Z,98.00,95.00,99.00,96.00,87.66,11.52,1.00
2024-04-26T20:40:00Z,98.00,95.00,99.00,96.00,90.00,11.52,1.00
2024-04-26T20:41:00Z,98.00,95.00,99.00,96.00,90.00,8.00,1.00
2024-04-26T20:42:00Z,98.00,95.00,99.00,96.00,90.00,10.00,1.00
2024-04-26T20:44:00Z,98.00,95.00,99.00,96.00,90.00,11.00,1.00
2024-04-26T21:07:00Z,98.00,95.00,99.00,96.00,90.00,11.00,1.00
2024-04-26T21:15:00Z,98.00,95.00,99.00,96.00,90.00,23.00,1.00
2024-04-26T21:19:00Z,98.00,95.00,99.00,96.00,90.00,13.00,1.00
2024-04-26T21:22:00Z,98.00,95.00,99.00,96.00,90.00,15.00,1.00
2024-04-26T21:23:00Z,98.00,95.00,99.00,96.00,92.54,15.00,1.00
2024-04-26T21:24:00Z,98.00,95.00,99.00,96.00,92.54,15.04,1.00
2024-04-26T21:30:00Z,98.00,95.00,99.00,96.00,91.00,15.04,1.00
2024-04-26T21:40:00Z,98.00,95.00,99.00,96.00,91.00,11.82,1.00
2024-04-26T21:50:00Z,98.00,95.00,99.00,96.00,91.00,14.84,1.00
2024-04-26T21:56:00Z,98.00,95.00,99.00,96.00,91.00,15.00,1.00
2024-04-26T22:02:00Z,98.00,95.00,99.00,97.00,91.00,15.00,1.00
2024-04-26T22:04:00Z,98.00,95.00,99.00,97.00,91.00,15.79,1.00
2024-04-26T22:06:00Z,98.00,95.00,99.00,97.00,91.00,15.00,1.00
2024-04-26T22:08:00Z,98.00,95.00,99.00,97.00,91.00,15.00,1.00
2024-04-26T22:22:00Z,98.00,95.00,99.00,97.00,91.00,12.41,1.00
2024-04-26T22:27:00Z,98.00,95.00,99.00,97.00,91.00,12.41,1.00
2024-04-26T22:28:00Z,98.00,95.00,99.00,97.00,91.00,9.00,1.00
2024-04-26T22:30:00Z,98.00,95.00,99.00,97.00,91.00,8.00,1.00
2024-04-26T22:33:00Z,98.00,95.00,99.00,97.00,91.00,6.28,1.00
2024-04-26T22:40:00Z,98.00,95.00,99.00,97.00,90.00,5.00,1.00
2024-04-26T22:45:00Z,98.00,95.00,99.00,97.00,85.53,5.00,1.00
2024-04-26T22:53:00Z,98.00,95.00,99.00,97.00,85.00,5.00,1.00
2024-04-26T23:09:00Z,98.00,95.00,99.00,97.00,88.66,5.00,1.00
2024-04-26T23:14:00Z,98.00,95.00,99.00,97.00,89.00,5.00,1.00
2024-04-26T23:44:00Z,98.00,95.00,99.00,97.00,89.00,5.00,1.00
2024-04-26T23:47:00Z,98.00,95.00,99.00,97.00,89.00,4.00,1.00
2024-04-26T23:50:00Z,98.00,95.00,99.00,97.00,83.00,4.00,1.00
2024-04-26T23:59:00Z,98.00,95.00,99.00,97.00,88.50,4.00,1.00
2024-04-27T00:02:00Z,98.00,95.00,99.00,97.00,89.00,4.00,1.00
2024-04-27T00:05:00Z,98.00,95.00,99.00,97.00,89.00,11.45,1.00
2024-04-27T00:07:00Z,98.00,95.00,99.00,97.00,89.00,5.00,1.00
2024-04-27T00:08:00Z,98.00,95.00,99.00,97.00,86.00,4.00,1.00
2024-04-27T00:17:00Z,98.00,95.00,99.00,97.00,86.00,3.00,1.00
2024-04-27T00:27:00Z,98.00,95.00,99.00,97.00,86.00,3.00,1.00
2024-04-27T00:28:00Z,98.00,95.00,99.00,97.00,88.00,3.00,1.00
2024-04-27T00:29:00Z,98.00,95.00,99.00,97.00,88.54,3.00,1.00
2024-04-27T00:32:00Z,98.00,95.00,99.00,97.00,83.00,3.00,1.00
2024-04-27T00:33:00Z,98.00,95.00,99.00,97.00,83.00,4.74,1.00
2024-04-27T00:34:00Z,98.00,95.00,99.00,97.00,83.00,3.25,1.00
2024-04-27T00:43:00Z,98.00,95.00,99.00,97.00,83.00,3.00,1.00
2024-04-27T00:51:00Z,98.00,95.00,99.00,97.00,77.00,3.00,1.00
2024-04-27T00:52:00Z,98.00,95.00,99.00,97.00,77.00,3.00,1.00
2024-04-27T00:54:00Z,98.00,95.00,99.00,97.00,77.00,2.00,1.00
2024-04-27T00:55:00Z,98.00,95.00,99.00,97.00,77.00,1.00,1.00
2024-04-27T01:01:00Z,98.00,95.00,99.00,97.00,77.00,10.00,1.00
2024-04-27T01:12:00Z,98.00,95.00,99.00,97.00,77.00,3.00,1.00
2024-04-27T01:17:00Z,98.00,95.00,99.00,97.00,70.00,3.00,1.00
2024-04-27T01:18:00Z,98.00,95.00,99.00,97.00,69.00,3.00,1.00
2024-04-27T01:39:00Z,98.00,95.00,99.00,97.00,76.46,3.00,1.00
2024-04-27T01:42:00Z,98.00,95.00,99.00,97.00,76.00,3.00,1.00
2024-04-27T01:43:00Z,98.00,95.00,99.00,97.00,81.92,3.00,1.00
2024-04-27T01:48:00Z,98.00,95.00,99.00,97.00,79.57,3.00,1.00
2024-04-27T01:49:00Z,98.00,95.00,99.00,97.00,81.00,3.00,1.00
2024-04-27T01:50:00Z,98.00,95.00,99.00,97.00,86.42,3.00,1.00
2024-04-27T02:02:00Z,98.00,95.00,99.00,97.00,84.00,3.00,1.00
2024-04-27T02:03:00Z,98.00,95.00,99.00,97.00,88.00,3.00,1.00
2024-04-27T02:04:00Z,98.00,95.00,99.00,97.00,88.00,3.00,1.00
2024-04-27T02:07:00Z,98.00,95.00,99.00,97.00,88.00,3.00,1.00
2024-04-27T02:21:00Z,98.00,95.00,99.00,97.00,83.00,3.00,1.00
2024-04-27T02:34:00Z,98.00,95.00,99.00,97.00,83.00,3.00,1.00
2024-04-27T03:05:00Z,98.00,95.00,99.00,97.00,89.66,3.00,1.00
2024-04-27T03:06:00Z,98.00,95.00,99.00,97.00,89.66,2.88,1.00
2024-04-27T14:29:00Z,98.00,95.00,99.00,97.00,89.66,3.00,1.00
2024-04-27T14:40:00Z,98.00,95.00,99.00,97.00,89.66,3.00,1.00
2024-04-27T14:47:00Z,98.00,95.00,99.00,97.00,89.66,1.00,1.00
2024-04-27T16:03:00Z,98.00,95.00,99.00,97.00,89.66,3.00,1.00
2024-04-27T16:12:00Z,98.00,95.00,99.00,97.00,89.66,3.00,1.00
2024-04-27T16:15:00Z,98.00,95.00,99.00,97.00,95.00,3.00,1.00
2024-04-27T16:24:00Z,98.00,95.00,99.00,97.00,96.00,3.00,1.00
2024-04-27T16:39:00Z,98.00,95.00,99.00,97.00,92.00,3.00,1.00
2024-04-27T17:32:00Z,98.00,95.00,99.00,97.00,95.95,3.00,1.00
2024-04-27T17:37:00Z,98.00,95.00,99.00,97.00,96.00,3.00,1.00
2024-04-27T18:05:00Z,98.00,99.00,99.00,97.00,96.00,3.00,1.00
2024-04-27T19:07:00Z,98.00,99.00,99.00,97.00,96.00,2.00,1.00
2024-04-27T19:13:00Z,98.00,99.00,99.00,97.00,96.00,1.00,1.00
2024-04-27T19:26:00Z,98.00,99.00,99.00,97.00,97.00,1.00,1.00
2024-04-27T19:54:00Z,98.00,99.00,99.00,97.00,97.00,2.00,1.00
2024-04-27T21:38:00Z,98.00,99.00,99.00,97.00,97.00,2.00,1.00
2024-04-27T21:41:00Z,98.00,99.00,99.00,97.00,98.50,2.00,1.00
2024-04-27T21:46:00Z,98.00,99.00,99.00,97.00,98.50,1.00,1.00
2024-04-28T00:11:00Z,98.00,99.00,99.00,97.00,98.50,1.00,1.00
2024-04-28T00:55:00Z,98.00,99.00,99.00,97.00,98.50,1.00,1.00
2024-04-28T12:33:00Z,99.00,98.00,99.00,97.00,98.50,1.00,1.00
2024-04-28T15:52:00Z,99.00,98.00,97.32,97.00,98.50,1.00,1.00
2024-04-28T16:13:00Z,99.00,98.00,97.32,97.00,98.50,3.00,1.00
2024-04-28T16:17:00Z,99.00,98.00,97.32,97.00,98.50,3.00,1.00
2024-04-28T16:58:00Z,99.00,98.00,97.32,97.00,98.50,1.00,1.00
2024-04-28T17:02:00Z,99.00,98.00,97.32,97.00,98.50,1.00,1.00
2024-04-28T17:03:00Z,99.00,98.00,97.32,97.00,98.50,1.00,1.00
2024-04-28T17:06:00Z,99.00,98.00,97.32,97.00,98.50,1.00,1.00
2024-04-28T19:13:00Z,99.00,98.00,97.32,97.00,98.50,1.83,1.00
2024-04-28T19:19:00Z,99.00,98.00,97.32,97.00,98.50,2.00,1.00
2024-04-28T19:39:00Z,99.00,98.00,97.32,97.00,98.50,2.00,1.00
2024-04-28T19:40:00Z,99.00,98.00,97.32,97.00,98.50,2.00,1.00
2024-04-28T20:02:00Z,99.00,98.00,98.00,97.00,98.50,2.00,1.00
2024-04-28T23:04:00Z,99.00,98.00,98.00,97.00,98.50,2.00,2.15
2024-04-28T23:05:00Z,99.00,98.00,98.00,97.00,96.70,2.00,2.15
2024-04-29T02:33:00Z,99.00,98.00,98.00,97.00,97.00,2.00,2.15
2024-04-29T13:34:00Z,99.00,98.00,98.00,97.00,97.00,2.00,2.15
2024-04-29T13:35:00Z,99.00,98.00,98.00,97.00,99.00,2.00,1.00