timestamp,Above 45,Above 50,Above 55,Above 60,Above 63,Above 65,Above 67,Above 70,Above 72,Above 75,Above 80,Above 85,Above 90
2025-07-31T15:00:00Z,,,,,,,,,,48.08,,,
2025-07-31T16:00:00Z,,,,80.00,,,,,,49.00,,,19.50
2025-07-31T17:00:00Z,,,,80.00,,,,,,49.07,,,19.50
2025-07-31T18:00:00Z,97.65,,,80.00,,,,,,49.07,,,19.50
2025-07-31T19:00:00Z,97.65,,,81.00,,,,,,52.22,,,19.50
2025-07-31T21:00:00Z,97.65,,,83.00,,,,,,52.22,,,19.50
2025-07-31T23:00:00Z,97.65,,,83.00,,,,,,53.00,,,19.50
2025-08-01T00:00:00Z,97.65,,,83.00,,,,,,53.00,,,11.00
2025-08-01T02:00:00Z,97.65,,,83.00,,,,,,53.00,,,11.00
2025-08-01T04:00:00Z,97.65,,,83.00,,,,,,47.00,,,11.00
2025-08-01T05:00:00Z,97.65,,,83.00,,,,,,53.00,,,11.00
2025-08-01T13:00:00Z,97.65,,,84.00,,,,,,53.22,,,11.00
2025-08-01T14:00:00Z,97.65,,,83.00,,,,,,54.17,,,19.00
2025-08-01T15:00:00Z,97.65,,,85.16,,,,,,47.30,,,19.00
2025-08-01T16:00:00Z,97.65,,,85.16,,,,,,52.82,,,19.00
2025-08-01T17:00:00Z,99.00,,,85.16,,,,,,52.82,,,19.00
2025-08-01T19:00:00Z,99.00,,,85.16,,,,,,55.00,,,19.00
2025-08-01T20:00:00Z,99.00,,,85.16,,,,,,57.00,,,19.00
2025-08-01T21:00:00Z,99.00,,,85.00,,,,,,57.00,,,19.00
2025-08-02T00:00:00Z,99.00,,,85.00,,,,,,58.00,,,19.00
2025-08-02T01:00:00Z,99.00,,,86.00,,,,,,58.00,,,19.00
2025-08-02T03:00:00Z,99.00,,,86.00,,,,,,58.00,,,19.00
2025-08-02T07:00:00Z,99.00,,,86.00,,,,,,57.00,,,19.00
2025-08-02T13:00:00Z,99.00,,,86.00,,,,,,53.00,,,19.00
2025-08-02T14:00:00Z,99.00,,,86.00,,,,,,57.50,,,17.00
2025-08-02T17:00:00Z,89.85,,,86.00,,,,,,57.50,,,11.00
2025-08-02T20:00:00Z,89.85,,,86.00,,,,,,57.50,,,11.00
2025-08-02T22:00:00Z,89.85,,,86.00,,,,,,56.67,,,11.00
2025-08-02T23:00:00Z,89.85,,,86.00,,,,,,58.00,,,11.00
2025-08-03T00:00:00Z,89.85,,,87.00,,,,,,53.00,,,11.00
2025-08-03T02:00:00Z,89.85,,,87.00,,,,,,58.00,,,11.00
2025-08-03T03:00:00Z,89.85,,,87.00,,,,,,59.16,,,11.00
2025-08-03T18:00:00Z,89.85,,,87.00,,,,,,58.36,,,11.00
2025-08-04T17:00:00Z,89.85,,,87.00,,,,,,58.36,,,16.00
2025-08-04T18:00:00Z,89.85,,,87.00,,,,,,58.36,,,16.00
2025-08-04T19:00:00Z,89.85,,,87.00,,,,,,58.36,,,16.00
2025-08-04T20:00:00Z,89.85,,,87.00,,,,,,58.36,,,16.00
2025-08-05T00:00:00Z,89.85,,,87.00,,,,,,58.36,,,16.00
2025-08-05T02:00:00Z,89.85,,,87.00,,,,,,52.00,,,16.00
2025-08-05T14:00:00Z,89.85,,,87.00,,,,,,56.00,,,16.00
2025-08-05T16:00:00Z,89.85,,,87.00,,,,,,59.00,,,16.00
2025-08-05T17:00:00Z,89.85,,,86.00,,,,,,59.00,,,16.00
2025-08-05T18:00:00Z,89.85,,,86.00,,,,,,59.00,,,16.00
2025-08-05T23:00:00Z,89.85,,,86.00,,,,,,59.00,,,16.00
2025-08-06T01:00:00Z,89.85,,,86.00,,,,,,59.00,,,16.00
2025-08-06T13:00:00Z,89.85,,,86.00,,,,,,59.00,,,16.00
2025-08-06T19:00:00Z,89.85,,,87.55,,,,,,59.00,,,16.00
2025-08-06T20:00:00Z,89.85,,,88.00,,,,,,59.00,,,16.00
2025-08-06T23:00:00Z,89.85,,,88.00,,,,,,59.00,,,16.00
2025-08-07T02:00:00Z,89.85,,,88.85,,,,,,59.00,,,16.00
2025-08-07T03:00:00Z,95.00,,,89.61,,,,,,60.80,,,16.00
2025-08-07T05:00:00Z,95.00,,,89.61,,,,,,60.80,,,12.00
2025-08-07T06:00:00Z,95.00,,,89.61,,,,,,60.80,,,14.00
2025-08-07T13:00:00Z,95.00,,,89.61,,,,,,63.00,,,14.68
2025-08-07T17:00:00Z,95.00,,,89.61,,,,,,62.00,,,14.68
2025-08-07T18:00:00Z,95.00,,,89.61,,,,,,62.00,,,15.00
2025-08-07T20:00:00Z,95.00,,,89.61,,,,,,58.00,,,15.00
2025-08-08T00:00:00Z,95.00,,,87.00,,,,,,58.00,,,15.00
2025-08-08T03:00:00Z,95.00,,,87.00,,,,,,60.00,,,15.00
2025-08-08T14:00:00Z,95.00,,,85.01,,,,,,60.00,,,15.00
2025-08-08T15:00:00Z,95.00,,,85.01,,,,,,56.00,,,15.00
2025-08-08T16:00:00Z,95.00,,,89.00,,,,,,56.00,,,15.00
2025-08-08T18:00:00Z,95.00,,,89.00,,,,,,59.00,,,15.00
2025-08-08T19:00:00Z,95.00,,,89.00,,,,,,59.00,,,15.00
2025-08-08T22:00:00Z,95.00,,,89.00,,,,,,60.02,,,15.00
2025-08-09T00:00:00Z,95.00,,,88.45,,,,,,60.02,,,15.00
2025-08-09T17:00:00Z,95.00,,,90.05,,,,,,60.02,,,15.00
2025-08-10T04:00:00Z,95.00,,,90.05,,,,,,60.00,,,15.00
2025-08-10T05:00:00Z,95.00,,,90.05,,,,,,60.00,,,15.00
2025-08-10T06:00:00Z,95.00,,,90.05,,,,,,60.00,,,15.00
2025-08-10T17:00:00Z,95.00,,,90.05,,,,,,61.00,,,17.00
2025-08-10T22:00:00Z,93.00,,,86.00,,,,,,56.00,,,17.00
2025-08-11T13:00:00Z,93.00,,,86.00,,,,,,62.00,,,17.00
2025-08-11T18:00:00Z,93.00,,,86.00,,,,,,63.00,,,17.00
2025-08-11T22:00:00Z,93.00,,,86.00,,,,,,63.00,49.00,38.00,16.00
2025-08-11T23:00:00Z,93.00,,,86.00,,,,,,63.00,48.00,37.00,16.00
2025-08-12T00:00:00Z,93.00,,,86.00,,,,,,63.33,40.00,29.28,16.00
2025-08-12T05:00:00Z,93.00,,,86.00,,,,,,64.14,49.00,29.00,16.00
2025-08-12T06:00:00Z,93.13,,,86.00,,,,,,64.14,49.00,29.00,16.00
2025-08-12T13:00:00Z,93.13,,,86.00,,,,,,63.53,49.00,29.00,16.00
2025-08-12T15:00:00Z,93.13,,,86.00,,,,,,63.53,49.00,29.00,16.00
2025-08-12T16:00:00Z,93.13,,,86.00,,,,,,62.00,49.00,28.00,16.00
2025-08-12T17:00:00Z,93.13,,,86.00,,,,,,62.78,49.00,28.00,16.00
2025-08-12T21:00:00Z,93.13,,,86.00,,,,,,62.78,52.13,28.00,16.00
2025-08-12T22:00:00Z,93.13,,,86.00,,,,,,64.00,52.13,28.00,16.00
2025-08-12T23:00:00Z,93.13,,,86.00,,,,,,64.00,52.13,28.00,15.00
2025-08-13T02:00:00Z,93.13,,,86.00,,,,,,61.00,52.13,28.00,15.00
2025-08-13T03:00:00Z,93.13,,,86.00,,,,,,61.00,52.13,28.00,15.00
2025-08-13T05:00:00Z,93.13,,,86.00,,,,,,61.00,50.00,28.00,15.00
2025-08-13T08:00:00Z,93.13,,,86.00,,,,,,57.27,50.00,28.00,15.00
2025-08-13T12:00:00Z,93.13,,,86.00,,,,,,63.00,50.00,28.00,15.00
2025-08-13T15:00:00Z,93.13,,,86.00,,,,,,63.68,50.00,28.00,15.00
2025-08-13T21:00:00Z,93.13,,,83.14,,,,,,63.68,50.00,28.00,15.00
2025-08-13T23:00:00Z,93.13,,,83.14,,,,,,57.86,40.79,28.00,15.00
2025-08-14T00:00:00Z,93.13,,,83.14,,,,,,57.86,44.44,28.00,15.00
2025-08-14T01:00:00Z,93.13,,,83.14,,,,,,54.48,44.44,28.00,15.00
2025-08-14T02:00:00Z,93.13,,,83.14,,,,,,54.48,44.44,28.00,15.00
2025-08-14T03:00:00Z,93.13,,,83.14,,,,,,54.60,40.00,28.00,15.00
2025-08-14T04:00:00Z,93.13,,,83.14,,,,,,54.60,48.00,28.00,15.00
2025-08-14T06:00:00Z,93.13,,,83.14,,,,,,62.00,39.62,28.00,15.00
2025-08-14T07:00:00Z,93.13,,,83.14,,,,,,62.00,39.62,28.00,15.00
2025-08-14T13:00:00Z,93.13,,,83.14,,,,,,54.00,39.62,28.00,15.00
2025-08-14T16:00:00Z,93.13,,,83.14,,,,,,54.00,39.62,28.00,15.00
2025-08-14T19:00:00Z,93.13,,,83.14,,,,,,54.00,48.32,28.00,15.00
2025-08-14T20:00:00Z,93.13,,,83.14,,,,,,54.00,48.32,28.00,15.00
2025-08-14T22:00:00Z,93.13,,,82.22,,,,,,53.93,48.32,28.00,16.00
2025-08-14T23:00:00Z,93.13,,,82.22,,,,,,53.23,48.32,28.00,16.00
2025-08-15T01:00:00Z,93.13,,,78.40,,,,,,53.23,48.32,28.00,16.00
2025-08-15T02:00:00Z,92.80,,,78.40,,,,,,53.23,48.32,28.00,16.00
2025-08-15T03:00:00Z,92.80,,,78.40,,,,,,53.23,48.32,28.00,15.00
2025-08-15T06:00:00Z,92.80,,,78.40,,,,,,60.96,48.32,28.00,15.00
2025-08-15T15:00:00Z,92.80,,,78.40,,,,,,60.96,48.32,28.00,25.81
2025-08-15T16:00:00Z,92.80,,,78.40,,,,,,60.96,46.30,31.00,27.00
2025-08-15T18:00:00Z,92.80,,,88.00,,,,,,62.00,46.30,31.00,18.00
2025-08-15T19:00:00Z,92.80,,,88.00,,,,,,62.07,46.30,31.00,18.00
2025-08-15T20:00:00Z,92.80,,,88.00,,,,,,62.07,46.30,31.00,18.00
2025-08-15T22:00:00Z,92.80,,,88.00,,,,,,66.79,46.30,31.00,17.41
2025-08-15T23:00:00Z,92.80,,,88.00,,,,,,67.42,46.30,31.00,17.41
2025-08-16T01:00:00Z,92.80,,,88.00,,,,,,67.75,46.30,31.00,17.41
2025-08-16T03:00:00Z,92.80,,,88.00,,,,,,67.00,53.00,31.00,17.00
2025-08-16T06:00:00Z,92.80,,,88.00,,,,,,67.00,53.00,31.00,17.00
2025-08-16T08:00:00Z,92.80,,,88.00,,,,,,67.00,53.00,31.00,15.71
2025-08-16T14:00:00Z,92.80,,,88.00,,,,,,67.00,53.00,31.00,15.00
2025-08-16T16:00:00Z,92.80,,,88.00,,,,,,66.00,53.00,31.00,15.00
2025-08-16T18:00:00Z,92.80,,,88.00,,,,,,66.00,51.00,31.00,15.00
2025-08-16T20:00:00Z,92.80,,,88.00,,,,,,58.32,51.00,29.00,15.00
2025-08-16T21:00:00Z,92.80,,,88.00,,,,,,59.00,51.00,29.00,15.00
2025-08-16T22:00:00Z,92.80,,,88.00,,,,,,59.43,51.00,28.33,14.00
2025-08-16T23:00:00Z,92.80,,,88.00,,,,,,64.64,51.00,28.33,14.00
2025-08-17T01:00:00Z,92.80,,,88.00,,,,,,64.64,50.00,28.33,14.00
2025-08-17T06:00:00Z,92.80,,,88.00,,,,,,64.64,50.00,28.33,14.00
2025-08-17T07:00:00Z,92.80,,,88.00,,,,,,59.72,50.00,28.33,14.00
2025-08-17T10:00:00Z,92.80,,,88.00,,,,,,65.68,50.00,28.33,14.00
2025-08-17T14:00:00Z,92.80,,,88.00,,,,,,65.00,50.00,28.33,14.00
2025-08-17T15:00:00Z,92.80,,,88.00,,,,,,65.75,50.00,28.33,14.00
2025-08-17T16:00:00Z,92.80,,,88.00,,,,,,65.25,50.00,28.00,14.00
2025-08-17T17:00:00Z,92.80,,,88.00,,,,,,65.72,50.00,28.00,14.00
2025-08-17T18:00:00Z,92.80,,,88.00,,,,,,65.00,44.00,28.00,14.00
2025-08-17T21:00:00Z,92.80,,,88.00,,,,,,65.00,44.00,28.00,14.00
2025-08-17T22:00:00Z,92.80,,,88.00,,,,,,65.00,44.00,28.00,12.86
2025-08-17T23:00:00Z,92.80,,,86.00,,,,,,65.00,44.00,28.00,12.00
2025-08-18T00:00:00Z,92.80,,,86.00,,,,,,65.99,51.83,28.00,12.00
2025-08-18T01:00:00Z,92.80,,,89.20,,,,,,66.60,51.83,28.00,12.00
2025-08-18T02:00:00Z,92.80,,,89.20,,,,,,66.33,51.83,28.00,12.00
2025-08-18T03:00:00Z,92.80,,,89.20,,,,,,66.33,51.00,28.00,12.43
2025-08-18T05:00:00Z,92.80,,,90.00,,,,,,66.33,51.00,28.00,12.43
2025-08-18T06:00:00Z,92.80,,,90.00,,,,,,66.33,51.00,28.00,12.43
2025-08-18T07:00:00Z,92.80,,,90.00,,,,,,66.33,50.55,28.00,12.43
2025-08-18T09:00:00Z,92.80,,,90.00,,,,,,66.33,50.00,28.00,12.43
2025-08-18T13:00:00Z,92.80,,,90.00,,,,,,64.00,50.00,29.00,12.43
2025-08-18T15:00:00Z,92.80,,,90.00,,,,,,64.00,41.03,29.00,12.43
2025-08-18T16:00:00Z,92.80,,,91.90,,,,,,66.89,41.03,29.00,12.43
2025-08-18T17:00:00Z,92.80,,,91.84,,,,,,58.20,41.03,29.03,12.43
2025-08-18T19:00:00Z,92.80,,,91.84,,,,,,58.20,41.03,29.00,11.23
2025-08-18T21:00:00Z,92.80,,,91.84,,,,,,63.00,41.03,29.00,11.23
2025-08-18T22:00:00Z,92.80,,,91.84,,,,,,64.00,41.03,28.00,11.23
2025-08-18T23:00:00Z,92.80,,,92.00,,,,,,64.00,41.03,28.00,11.00
2025-08-19T00:00:00Z,92.80,,,92.00,,,,,,62.00,41.03,32.96,8.00
2025-08-19T01:00:00Z,92.80,,,92.00,,,,,,62.00,41.03,25.36,9.75
2025-08-19T02:00:00Z,92.80,,,92.00,,,,,,62.00,41.03,23.78,9.75
2025-08-19T03:00:00Z,92.80,,,92.00,,,,,,59.32,43.00,19.00,9.75
2025-08-19T04:00:00Z,92.80,,,92.00,,,,,,59.00,43.00,19.00,9.75
2025-08-19T11:00:00Z,92.80,,,92.00,,,,,,59.00,43.00,19.00,9.75
2025-08-19T12:00:00Z,92.80,,,92.00,,,,,,59.00,43.00,22.00,9.75
2025-08-19T13:00:00Z,92.80,,,92.00,,,,,,59.00,43.00,22.00,8.00
2025-08-19T14:00:00Z,92.80,,,92.00,,,,,,59.00,43.00,22.00,8.00
2025-08-19T15:00:00Z,92.80,,,91.84,,,,,,59.00,43.00,22.03,8.00
2025-08-19T16:00:00Z,92.80,,,91.84,,,,,,59.00,43.00,22.03,8.00
2025-08-19T17:00:00Z,92.80,,,91.84,,,,,,59.00,43.00,22.60,8.00
2025-08-19T18:00:00Z,92.80,,,91.84,,,,,,61.88,43.00,22.60,8.00
2025-08-19T20:00:00Z,92.80,,,91.84,,,,,,61.88,43.00,22.00,7.00
2025-08-19T21:00:00Z,92.80,,,92.00,,,,,,63.00,38.00,22.00,7.00
2025-08-19T22:00:00Z,92.80,,,92.00,,,,,,63.00,38.00,22.00,7.00
2025-08-19T23:00:00Z,92.80,,,92.00,,,,,,61.00,44.00,22.00,7.00
2025-08-20T00:00:00Z,92.80,,,92.00,,,,,,63.00,44.00,22.00,7.00
2025-08-20T02:00:00Z,92.80,,,91.00,,,,,,63.00,43.09,22.00,7.00
2025-08-20T03:00:00Z,92.80,,,91.00,,,,,,61.00,42.81,22.00,7.00
2025-08-20T04:00:00Z,92.80,,,91.00,,,,,,63.00,41.33,24.62,6.87
2025-08-20T06:00:00Z,92.80,,,91.00,,,,,,63.00,42.00,24.62,6.87
2025-08-20T07:00:00Z,97.00,,,92.00,,,,,,62.95,42.00,24.62,6.87
2025-08-20T12:00:00Z,97.00,,,92.00,,,,,,61.00,42.00,24.62,6.87
2025-08-20T13:00:00Z,97.00,,,92.00,,,,,,63.00,45.48,22.00,7.00
2025-08-20T14:00:00Z,97.00,,,92.00,,,,,,63.00,46.00,22.00,7.00
2025-08-20T20:00:00Z,97.00,,,92.00,,,,,,58.95,46.00,22.00,7.00
2025-08-20T21:00:00Z,97.00,,,92.00,,,,,,58.95,46.00,22.00,7.00
2025-08-20T22:00:00Z,97.00,,,88.00,,,,,,59.00,46.00,22.00,7.00
2025-08-21T00:00:00Z,97.00,,,88.00,,,,,,63.40,46.00,22.00,7.00
2025-08-21T01:00:00Z,97.00,,,92.00,,,,,,63.40,46.00,22.00,7.00
2025-08-21T02:00:00Z,97.00,,,92.00,,,,,,65.00,46.00,22.00,7.00
2025-08-21T03:00:00Z,97.00,,,92.00,,,,,,64.96,46.00,22.00,7.00
2025-08-21T05:00:00Z,97.00,,,92.00,,,,,,64.96,46.45,22.00,6.62
2025-08-21T06:00:00Z,97.00,,,92.00,,,,,,64.96,46.00,23.00,6.62
2025-08-21T07:00:00Z,97.00,,,92.00,,,,,,64.96,46.00,22.00,6.62
2025-08-21T10:00:00Z,97.00,,,92.00,,,,,,64.96,46.00,22.00,6.62
2025-08-21T11:00:00Z,97.00,,,92.00,,,,,,60.00,46.00,22.00,6.62
2025-08-21T14:00:00Z,97.00,,,92.00,,,,,,64.58,46.00,22.00,6.62
2025-08-21T15:00:00Z,97.00,,,92.00,,,,,,65.94,46.00,22.00,6.62
2025-08-21T16:00:00Z,97.00,,,92.00,,,,,,66.38,46.00,21.98,6.62
2025-08-21T17:00:00Z,97.00,,,92.00,,,,,,66.71,46.00,21.00,6.62
2025-08-21T18:00:00Z,97.00,,,92.00,,,,,,66.71,46.00,21.00,6.62
2025-08-21T19:00:00Z,97.00,,,92.00,,,,,,67.63,47.84,22.00,6.62
2025-08-21T20:00:00Z,97.00,,,92.00,,,,,,69.00,47.84,22.00,6.62
2025-08-21T21:00:00Z,97.00,,,92.00,,,,,,65.00,47.84,22.00,6.62
2025-08-21T23:00:00Z,97.00,,,92.00,,,,,,68.86,44.00,22.00,6.62
2025-08-22T00:00:00Z,97.00,,,92.00,,,,,,68.86,44.00,22.00,7.00
2025-08-22T01:00:00Z,97.00,,,92.00,,,,,,68.86,44.00,22.00,7.00
2025-08-22T02:00:00Z,97.00,,,92.00,,,,,,68.86,48.99,21.00,7.00
2025-08-22T04:00:00Z,97.00,,,92.00,,,,,,68.86,48.99,21.00,8.74
2025-08-22T05:00:00Z,97.00,,,92.00,,,,,,71.19,49.00,21.00,8.74
2025-08-22T07:00:00Z,97.00,,,94.00,,,,,,71.00,49.00,20.00,4.00
2025-08-22T08:00:00Z,97.00,,,93.50,,,,,,71.00,49.00,20.00,3.00
2025-08-22T12:00:00Z,97.00,,,93.50,,,,,,70.20,49.00,18.45,2.00
2025-08-22T13:00:00Z,97.00,,,93.50,,,,,,70.00,49.00,18.45,2.00
2025-08-22T14:00:00Z,97.00,,,93.50,,,,,,71.00,48.66,18.45,2.00
2025-08-22T15:00:00Z,97.00,,,93.50,,,,,,70.00,47.32,18.45,2.00
2025-08-22T16:00:00Z,97.00,,,93.50,,,,,,65.14,47.32,18.45,2.00
2025-08-22T17:00:00Z,97.00,,,93.50,,,,,,66.04,47.32,18.45,2.00
2025-08-22T18:00:00Z,97.00,,,93.50,,,,,,66.04,43.02,18.45,2.00
2025-08-22T19:00:00Z,97.00,,,93.50,,,,,,66.04,41.00,15.60,2.00
2025-08-22T20:00:00Z,97.00,,,93.50,,,,,,68.35,41.00,15.60,2.00
2025-08-22T21:00:00Z,97.00,,,93.50,,,,,,68.35,41.00,16.27,2.00
2025-08-22T22:00:00Z,97.00,,,93.50,,,,,,72.51,41.00,12.82,2.00
2025-08-22T23:00:00Z,97.00,,,93.50,,,,,,77.95,41.00,14.00,2.00
2025-08-23T00:00:00Z,97.00,,,93.50,,,,,,77.95,41.00,12.54,2.00
2025-08-23T01:00:00Z,97.00,,,93.50,,,,,,77.95,41.00,13.00,2.00
2025-08-23T04:00:00Z,97.00,,,93.50,,,,,,77.95,41.00,14.00,2.00
2025-08-23T05:00:00Z,99.00,,,93.50,,,,,,77.95,46.00,12.63,2.00
2025-08-23T08:00:00Z,99.00,,,93.50,,,,,,72.86,46.00,12.63,2.00
2025-08-23T09:00:00Z,99.00,,,93.50,,,,,,72.86,46.00,12.63,2.00
2025-08-23T12:00:00Z,99.00,,,93.50,,,,,,69.19,41.67,12.63,2.00
2025-08-23T13:00:00Z,99.00,,,93.50,,,,,,69.19,46.00,11.00,2.00
2025-08-23T15:00:00Z,99.00,,,93.50,,,,,,77.00,46.00,11.00,2.00
2025-08-23T16:00:00Z,99.00,,,92.00,,,,,,77.00,46.00,11.00,2.00
2025-08-23T18:00:00Z,99.00,,,92.00,,,,,,77.23,46.72,13.00,2.00
2025-08-23T19:00:00Z,99.00,,,92.00,,,,,,77.23,49.63,13.00,2.00
2025-08-23T20:00:00Z,99.00,,,92.00,,,,,,65.33,34.41,13.00,2.00
2025-08-23T21:00:00Z,99.00,,,92.00,,,,,,65.57,34.41,13.00,2.00
2025-08-23T22:00:00Z,99.00,,,92.00,,,,,,65.57,33.00,14.00,2.00
2025-08-24T00:00:00Z,99.00,,,92.00,,,,,,66.94,33.00,14.00,2.00
2025-08-24T01:00:00Z,99.00,,,92.00,,,,,,66.94,33.00,13.06,2.00
2025-08-24T02:00:00Z,99.00,,,92.00,,,,,,66.94,33.00,14.00,2.00
2025-08-24T05:00:00Z,99.00,,,92.00,,,,,,66.94,33.00,13.96,2.00
2025-08-24T13:00:00Z,99.00,,,92.00,,,,,,65.93,33.00,13.96,2.00
2025-08-24T15:00:00Z,99.00,,,92.00,,,,,,65.93,33.00,14.31,2.00
2025-08-24T17:00:00Z,99.00,,,92.00,,,,,,66.00,33.00,14.31,2.00
2025-08-24T18:00:00Z,99.00,,,92.00,,,,,,66.00,40.00,14.31,2.00
2025-08-24T19:00:00Z,99.00,,,92.00,,,,,,66.00,40.00,13.76,2.00
2025-08-24T21:00:00Z,99.00,,,92.65,,,,,,66.00,40.00,13.76,2.00
2025-08-24T22:00:00Z,99.00,,,92.65,,,,,,66.00,42.00,13.76,2.00
2025-08-25T00:00:00Z,99.00,,,92.65,,,,,,63.07,42.00,13.76,2.00
2025-08-25T01:00:00Z,99.00,,,92.65,,,,,,64.50,41.52,13.76,3.00
2025-08-25T02:00:00Z,99.00,,,92.65,,,,,,66.77,41.00,12.64,3.00
2025-08-25T03:00:00Z,99.00,,,92.65,,,,,,64.00,37.50,12.64,3.00
2025-08-25T04:00:00Z,99.00,,,92.65,,,,,,64.00,41.00,13.78,3.00
2025-08-25T05:00:00Z,99.00,,,92.65,,,,,,64.00,41.00,13.78,3.00
2025-08-25T06:00:00Z,99.00,,,92.65,,,,,,64.00,43.35,13.87,3.00
2025-08-25T08:00:00Z,99.00,,,90.10,,,,,,62.89,33.81,13.87,3.00
2025-08-25T11:00:00Z,99.00,,,90.00,,,,,,62.89,33.81,13.87,3.00
2025-08-25T14:00:00Z,99.00,,,90.00,,,,,,68.34,38.98,13.87,3.00
2025-08-25T15:00:00Z,99.00,,,90.00,,,,,,68.34,38.98,13.87,3.00
2025-08-25T16:00:00Z,99.00,,,92.64,,,,,,72.26,41.66,13.82,3.00
2025-08-25T17:00:00Z,99.00,,,92.64,,,,,,72.32,41.66,14.05,3.19
2025-08-25T18:00:00Z,98.00,,,81.57,,15.00,52.00,,,12.10,11.52,1.05,1.00
2025-08-25T19:00:00Z,98.00,,,84.70,,48.67,35.18,17.63,17.79,4.58,1.00,1.05,1.00
2025-08-25T20:00:00Z,98.00,,,77.02,,50.00,32.00,9.85,3.00,1.92,1.00,1.05,1.00
2025-08-25T21:00:00Z,98.00,,,78.42,,53.51,33.74,10.50,6.57,1.92,1.00,1.00,1.00
2025-08-25T22:00:00Z,98.00,,92.00,73.80,,43.91,27.45,8.62,4.93,1.92,1.00,1.00,1.00
2025-08-25T23:00:00Z,98.00,,92.00,83.38,,52.62,37.60,14.23,5.73,2.00,1.00,1.00,1.00
2025-08-26T00:00:00Z,98.00,,92.00,85.00,,52.62,37.60,17.00,7.00,2.00,1.00,1.00,1.00
2025-08-26T01:00:00Z,98.00,,92.00,85.00,,52.00,35.69,15.30,4.02,2.00,1.00,1.00,1.00
2025-08-26T02:00:00Z,98.00,,92.00,86.19,,46.42,35.00,12.00,4.02,1.00,1.00,1.00,1.00
2025-08-26T03:00:00Z,98.00,,92.00,81.36,,46.07,25.06,12.00,4.02,1.00,1.00,1.00,1.00
2025-08-26T04:00:00Z,98.00,97.92,92.00,80.05,,44.33,25.06,12.00,4.02,1.00,1.00,1.00,1.00
2025-08-26T05:00:00Z,98.00,97.92,92.00,78.31,,44.33,25.06,12.00,4.02,1.00,1.00,1.00,1.00
2025-08-26T06:00:00Z,98.00,97.92,92.00,78.31,,38.34,19.87,5.87,4.02,1.04,1.00,1.00,1.00
2025-08-26T07:00:00Z,98.00,97.92,92.00,72.00,,47.90,19.87,5.87,4.02,1.00,1.00,1.00,1.00
2025-08-26T08:00:00Z,98.00,97.92,94.00,84.00,,47.90,26.94,11.70,4.00,1.00,1.00,1.00,1.00
2025-08-26T09:00:00Z,98.00,97.92,94.00,84.00,,47.90,26.94,11.70,4.00,1.00,1.00,1.00,1.00
2025-08-26T11:00:00Z,98.00,97.92,94.00,84.00,,48.00,26.94,11.70,4.00,1.00,1.00,1.00,1.00
2025-08-26T12:00:00Z,98.00,97.92,96.00,87.81,,48.00,28.83,12.98,5.80,2.00,1.00,1.00,1.00
2025-08-26T13:00:00Z,98.00,97.92,96.00,89.05,,49.00,34.18,12.98,5.80,2.00,1.00,1.00,1.00
2025-08-26T14:00:00Z,98.00,97.92,96.00,80.21,,49.54,34.18,12.98,8.00,2.00,1.00,1.00,1.00
2025-08-26T15:00:00Z,98.00,97.92,96.00,88.00,,46.00,29.00,12.98,6.06,2.00,1.00,1.00,1.00
2025-08-26T16:00:00Z,98.00,97.92,96.00,88.00,,44.72,22.12,12.98,6.06,1.00,1.00,1.00,1.00
2025-08-26T17:00:00Z,98.00,97.92,96.00,84.71,,47.00,28.59,6.25,5.00,1.00,1.00,1.00,1.00
2025-08-26T18:00:00Z,98.00,97.92,96.00,86.66,,50.27,21.89,12.02,5.00,2.15,1.00,1.00,1.00
2025-08-26T19:00:00Z,98.00,97.92,96.00,91.42,,54.86,35.03,12.71,5.00,3.00,1.00,1.00,1.00
2025-08-26T20:00:00Z,98.00,97.92,96.00,86.00,,52.15,29.00,11.24,5.00,1.00,1.00,1.00,1.00
2025-08-26T21:00:00Z,98.00,97.92,96.00,85.81,,49.16,24.00,8.00,5.00,1.00,1.00,1.00,1.00
2025-08-26T22:00:00Z,98.00,97.92,96.00,82.07,,36.08,17.04,8.00,5.00,1.00,1.00,1.00,1.00
2025-08-26T23:00:00Z,98.00,97.92,96.00,78.96,,34.98,17.04,8.00,5.00,2.00,1.00,1.00,1.00
2025-08-27T00:00:00Z,98.00,97.92,96.00,83.17,,37.61,16.63,8.00,5.00,1.00,1.00,1.00,1.00
2025-08-27T01:00:00Z,98.00,97.92,96.00,86.09,,40.71,16.63,8.00,5.00,1.00,1.00,1.00,1.00
2025-08-27T02:00:00Z,98.00,97.92,96.00,84.29,,41.90,16.63,6.00,5.00,2.00,1.00,1.00,1.00
2025-08-27T03:00:00Z,98.00,97.92,96.00,84.29,,41.00,16.99,6.00,5.00,2.00,1.00,1.00,1.00
2025-08-27T04:00:00Z,98.00,97.92,96.00,87.92,,40.00,18.00,6.00,5.00,1.00,1.00,1.00,1.00
2025-08-27T06:00:00Z,98.00,97.92,96.00,90.00,,40.00,18.00,5.00,5.00,1.00,1.00,1.00,1.00
2025-08-27T07:00:00Z,98.00,97.92,96.00,86.00,,40.00,18.00,5.00,5.00,1.00,1.00,1.00,1.00
2025-08-27T08:00:00Z,98.00,97.92,96.00,86.00,,41.00,18.00,5.00,5.00,1.00,1.00,1.00,1.00
2025-08-27T09:00:00Z,98.00,97.92,96.00,85.77,,41.00,18.00,5.00,5.00,1.00,1.00,1.00,1.00
2025-08-27T12:00:00Z,98.00,97.92,96.00,85.77,,39.09,19.21,5.00,5.00,1.00,1.00,1.00,1.00
2025-08-27T14:00:00Z,98.00,97.92,96.00,85.77,,40.64,18.00,5.00,5.00,1.00,1.00,1.00,1.00
2025-08-27T15:00:00Z,98.00,97.92,96.00,88.00,,32.44,16.00,5.00,5.00,1.00,1.00,1.00,1.00
2025-08-27T16:00:00Z,98.00,97.92,96.00,88.00,45.04,39.00,16.00,5.00,5.00,1.00,1.00,1.00,1.00
2025-08-27T17:00:00Z,98.00,97.92,97.06,85.26,57.00,26.66,16.00,5.00,5.00,1.00,1.00,1.00,1.00
2025-08-27T18:00:00Z,98.00,97.92,97.06,84.00,57.00,28.00,16.00,5.00,5.00,1.00,1.00,1.00,1.00
2025-08-27T19:00:00Z,98.00,97.92,97.06,83.86,43.13,27.76,16.00,5.00,5.00,1.00,1.00,1.00,1.00
2025-08-27T20:00:00Z,98.00,97.92,97.06,86.04,55.00,34.83,15.09,6.00,5.00,1.00,1.00,1.00,1.00
2025-08-27T21:00:00Z,98.00,97.92,97.06,86.04,55.00,41.18,20.15,6.00,5.00,1.00,1.00,1.00,1.00
2025-08-27T22:00:00Z,98.00,97.92,97.06,86.04,55.00,29.59,16.28,6.00,5.00,1.00,1.00,1.00,1.00
2025-08-27T23:00:00Z,98.00,97.92,97.06,85.00,55.00,27.87,15.00,6.00,5.00,1.00,1.00,1.00,1.00
2025-08-28T00:00:00Z,98.00,97.92,97.06,85.00,65.00,27.87,15.00,6.00,5.00,1.00,1.00,1.00,1.00
2025-08-28T01:00:00Z,99.00,97.92,97.06,91.29,65.00,27.87,14.00,4.00,5.00,1.00,1.00,1.00,1.00
2025-08-28T02:00:00Z,99.00,97.92,98.00,89.96,59.00,21.98,12.70,4.00,1.00,1.00,1.00,1.00,1.00
2025-08-28T03:00:00Z,99.00,97.92,98.00,89.96,60.39,27.84,12.98,4.77,2.00,1.00,1.00,1.00,1.00
2025-08-28T04:00:00Z,99.00,97.92,98.00,91.89,60.39,28.32,12.98,4.77,2.00,1.00,1.00,1.00,1.00
2025-08-28T05:00:00Z,99.00,97.92,98.00,91.89,50.81,28.32,12.98,4.77,2.00,1.00,1.00,1.00,1.00
2025-08-28T06:00:00Z,99.00,97.92,98.00,82.38,50.81,28.32,12.98,4.77,2.00,1.00,1.00,1.00,1.00
2025-08-28T10:00:00Z,99.00,97.92,98.00,82.38,50.00,28.32,12.98,4.77,2.00,1.00,1.00,1.00,1.00
2025-08-28T12:00:00Z,99.00,97.92,98.00,82.38,60.86,28.32,12.98,4.77,2.00,1.00,1.00,1.00,1.00
2025-08-28T13:00:00Z,99.00,97.92,98.00,82.38,61.00,28.99,12.98,4.77,2.00,1.00,1.00,1.00,1.00
2025-08-28T14:00:00Z,99.00,97.92,99.00,95.61,61.00,32.00,11.71,4.92,2.00,1.00,1.00,1.00,1.00
2025-08-28T15:00:00Z,99.00,97.92,99.00,96.00,60.86,31.20,11.71,4.92,2.00,1.00,1.00,1.00,1.00
2025-08-28T16:00:00Z,99.00,97.92,99.00,83.73,63.00,16.60,11.71,4.92,2.00,1.00,1.00,1.00,1.00
2025-08-28T17:00:00Z,99.00,97.92,99.00,83.73,50.62,16.22,11.71,1.00,1.00,1.00,1.00,1.00,1.00
2025-08-28T18:00:00Z,99.00,97.92,99.00,83.73,46.24,14.00,11.71,4.00,1.00,1.00,1.00,1.00,1.00
2025-08-28T19:00:00Z,99.00,97.92,99.00,85.97,45.26,16.94,11.71,4.00,1.00,1.00,1.00,1.00,1.00
2025-08-28T20:00:00Z,99.00,97.92,99.00,86.51,46.00,19.85,11.71,4.00,1.00,1.00,1.00,1.00,1.00
2025-08-28T21:00:00Z,99.00,97.92,99.00,86.16,51.97,21.35,5.81,1.00,1.00,1.00,1.00,1.00,1.00
2025-08-28T22:00:00Z,99.00,97.92,99.00,83.98,27.74,13.94,5.81,1.00,1.00,1.00,1.00,1.00,1.00
2025-08-28T23:00:00Z,99.00,97.92,99.00,89.72,20.22,11.00,5.81,1.00,1.00,1.00,1.00,1.00,1.00
2025-08-29T00:00:00Z,99.00,97.92,99.00,87.86,18.19,11.51,3.00,3.00,1.00,1.00,1.00,1.00,1.00
2025-08-29T01:00:00Z,99.00,97.92,99.00,80.38,34.40,13.00,3.00,2.03,1.00,1.00,1.00,1.00,1.00
2025-08-29T02:00:00Z,99.00,97.92,99.00,76.00,31.00,12.00,4.09,2.03,1.00,1.00,1.00,1.00,1.00
2025-08-29T03:00:00Z,99.00,97.92,99.00,84.15,30.44,11.91,4.09,1.00,1.00,1.00,1.00,1.00,1.00
2025-08-29T04:00:00Z,99.00,97.92,99.00,89.88,43.27,12.93,4.09,1.00,1.00,1.00,1.00,1.00,1.00
2025-08-29T05:00:00Z,99.00,97.92,99.00,90.62,46.21,13.00,4.09,1.00,1.00,1.00,1.00,1.00,1.00
2025-08-29T06:00:00Z,99.00,97.92,99.00,86.00,34.94,8.16,4.09,1.00,1.00,1.00,1.00,1.00,1.00
2025-08-29T07:00:00Z,99.00,97.92,99.00,85.98,34.94,9.00,4.09,1.00,1.00,1.00,1.00,1.00,1.00
2025-08-29T08:00:00Z,99.00,97.92,99.00,87.00,25.05,6.02,4.09,1.00,1.00,1.00,1.00,1.00,1.00
2025-08-29T09:00:00Z,99.00,97.92,99.00,87.00,18.00,6.02,4.09,1.00,1.00,1.00,1.00,1.00,1.00
2025-08-29T10:00:00Z,99.00,97.92,99.00,87.00,28.00,6.02,4.09,1.00,1.00,1.00,1.00,1.00,1.00
2025-08-29T12:00:00Z,99.00,97.92,99.00,87.00,29.29,6.02,4.09,1.00,1.00,1.00,1.00,1.00,1.00
2025-08-29T13:00:00Z,99.00,97.92,99.00,87.00,36.70,6.02,4.09,1.00,1.00,1.00,1.00,1.00,1.00
2025-08-29T14:00:00Z,99.00,97.92,99.00,87.00,36.70,8.71,4.09,1.00,1.00,1.00,1.00,1.00,1.00
2025-08-29T15:00:00Z,99.00,97.92,99.00,88.00,26.27,5.79,2.51,1.00,1.00,1.00,1.00,1.00,1.00
2025-08-29T16:00:00Z,99.00,97.92,99.00,88.00,36.49,10.61,2.51,1.00,1.00,1.00,1.00,1.00,1.00
2025-08-29T17:00:00Z,99.00,97.92,99.00,88.00,39.87,10.90,1.86,1.00,1.00,1.00,1.00,1.00,1.00
2025-08-29T18:00:00Z,99.00,97.92,99.00,90.86,42.47,7.83,1.86,1.00,1.00,1.00,1.00,1.00,1.00
2025-08-29T19:00:00Z,99.00,97.92,99.00,90.00,33.82,7.57,1.86,1.00,1.00,1.00,1.00,1.00,1.00
2025-08-29T20:00:00Z,99.00,97.92,99.00,90.00,25.36,10.00,5.00,1.00,1.00,1.00,1.00,1.00,1.00
2025-08-29T21:00:00Z,99.00,97.92,98.85,90.00,40.13,10.00,5.00,1.00,1.00,1.00,1.00,1.00,1.00
2025-08-29T22:00:00Z,99.00,97.92,98.85,90.00,36.87,12.74,5.00,1.00,1.00,1.00,1.00,1.00,1.00
2025-08-29T23:00:00Z,99.00,97.92,98.85,90.00,40.57,12.71,1.00,1.00,1.00,1.00,1.00,1.00,1.00
2025-08-30T00:00:00Z,99.00,97.92,98.85,90.00,31.06,12.71,1.00,1.00,1.00,1.00,1.00,1.00,1.00
2025-08-30T01:00:00Z,99.00,97.92,98.85,90.08,31.14,6.00,1.00,1.00,1.00,1.00,1.00,1.00,1.00
2025-08-30T02:00:00Z,99.00,97.92,98.85,94.00,25.68,4.00,1.00,1.00,1.00,1.00,1.00,1.00,1.00
2025-08-30T03:00:00Z,99.00,97.92,98.85,96.43,38.34,8.05,1.00,1.00,1.00,1.00,1.00,1.00,1.00
2025-08-30T04:00:00Z,99.00,97.92,98.85,98.00,44.95,8.23,1.00,1.00,1.00,1.00,1.00,1.00,1.00
2025-08-30T05:00:00Z,99.00,97.92,98.85,98.00,50.00,12.00,1.00,1.00,1.00,1.00,1.00,1.00,1.00
2025-08-30T06:00:00Z,99.00,97.92,98.85,98.00,53.96,11.86,1.00,1.00,1.00,1.00,1.00,1.00,1.00
2025-08-30T07:00:00Z,99.00,97.92,98.85,94.00,59.21,11.86,1.00,1.00,1.00,1.00,1.00,1.00,1.00
2025-08-30T08:00:00Z,99.00,97.92,98.85,94.00,61.94,11.86,1.00,1.00,1.00,1.00,1.00,1.00,1.00
2025-08-30T09:00:00Z,99.00,97.92,98.85,96.00,54.20,11.86,4.00,1.00,1.00,1.00,1.00,1.00,1.00
2025-08-30T10:00:00Z,99.00,97.92,98.85,95.73,54.20,11.86,4.00,1.00,1.00,1.00,1.00,1.00,1.00
2025-08-30T11:00:00Z,99.00,97.92,98.85,95.94,50.59,11.86,4.00,1.00,1.00,1.00,1.00,1.00,1.00
2025-08-30T13:00:00Z,99.00,97.92,98.85,95.94,50.59,11.86,4.00,1.00,1.00,1.00,1.00,1.00,1.00
2025-08-30T14:00:00Z,99.00,97.92,98.85,95.94,50.59,11.86,1.00,1.00,1.00,1.00,1.00,1.00,1.00
2025-08-30T15:00:00Z,99.00,97.92,98.85,95.94,50.59,11.86,1.00,1.00,1.00,1.00,1.00,1.00,1.00
2025-08-30T16:00:00Z,99.00,97.92,98.85,96.16,45.67,8.34,1.00,1.00,1.00,1.00,1.00,1.00,1.00
2025-08-30T17:00:00Z,99.00,97.92,98.85,94.74,40.33,23.09,1.00,1.00,1.00,1.00,1.00,1.00,1.00
2025-08-30T18:00:00Z,99.00,97.92,98.85,94.74,37.00,23.09,1.00,1.00,1.00,1.00,1.00,1.00,1.00
2025-08-30T19:00:00Z,99.00,97.92,98.85,94.74,44.37,4.00,1.00,1.00,1.00,1.00,1.00,1.00,1.00
2025-08-30T21:00:00Z,99.00,97.92,98.85,94.74,55.66,4.00,1.00,1.00,1.00,1.00,1.00,1.00,1.00
2025-08-30T22:00:00Z,99.00,97.92,98.85,94.74,66.74,4.00,1.00,1.00,1.00,1.00,1.00,1.00,1.00
2025-08-30T23:00:00Z,99.00,97.92,98.85,98.81,71.94,10.63,1.00,1.00,1.00,1.00,1.00,1.00,1.00
2025-08-31T00:00:00Z,99.00,97.92,98.85,98.81,71.94,13.00,1.00,1.00,1.00,1.00,1.00,1.00,1.00
2025-08-31T01:00:00Z,99.00,97.92,98.85,98.81,73.00,11.57,1.00,1.00,1.00,1.00,1.00,1.00,1.00
2025-08-31T02:00:00Z,99.00,97.92,98.85,98.81,75.00,11.57,1.00,1.00,1.00,1.00,1.00,1.00,1.00
2025-08-31T03:00:00Z,99.00,97.92,98.85,99.00,75.00,11.57,1.00,1.00,1.00,1.00,1.00,1.00,1.00
2025-08-31T04:00:00Z,99.00,97.92,98.85,99.00,74.00,12.16,1.00,1.00,1.00,1.00,1.00,1.00,1.00
2025-08-31T05:00:00Z,99.00,97.92,98.85,99.00,86.07,12.16,1.00,1.00,1.00,1.00,1.00,1.00,1.00
2025-08-31T06:00:00Z,99.00,97.92,98.85,99.00,88.12,12.16,1.00,1.00,1.00,1.00,1.00,1.00,1.00
2025-08-31T09:00:00Z,99.00,97.92,98.85,99.00,89.00,12.16,1.00,1.00,1.00,1.00,1.00,1.00,1.00
2025-08-31T12:00:00Z,99.00,97.92,98.85,99.00,89.00,15.00,1.00,1.00,1.00,1.00,1.00,1.00,1.00
2025-08-31T13:00:00Z,99.00,97.92,98.85,99.00,89.00,18.76,1.00,1.00,1.00,1.00,1.00,1.00,1.00
2025-08-31T14:00:00Z,99.00,97.92,98.85,99.00,89.00,29.00,1.00,1.00,1.00,1.00,1.00,1.00,1.00
2025-08-31T16:00:00Z,99.00,97.92,98.85,99.00,89.68,29.00,1.00,1.00,1.00,1.00,1.00,1.00,1.00
2025-08-31T17:00:00Z,99.00,97.92,98.85,99.00,97.58,23.80,1.00,1.00,1.00,1.00,1.00,1.00,1.00
2025-08-31T19:00:00Z,99.00,97.92,98.85,99.00,97.58,11.00,1.00,1.00,1.00,1.00,1.00,1.00,1.00
2025-08-31T20:00:00Z,99.00,97.92,98.85,99.00,97.58,14.00,1.00,1.00,1.00,1.00,1.00,1.00,1.00
2025-08-31T21:00:00Z,99.00,97.92,98.85,99.00,97.58,16.72,1.00,1.00,1.00,1.00,1.00,1.00,1.00
2025-08-31T22:00:00Z,99.00,97.92,98.85,99.00,98.00,16.72,1.00,1.00,1.00,1.00,1.00,1.00,1.00
2025-09-01T00:00:00Z,99.00,97.92,98.85,99.00,98.00,19.47,1.00,1.00,1.00,1.00,1.00,1.00,1.00
2025-09-01T01:00:00Z,99.00,97.92,98.85,99.00,90.94,19.47,1.00,1.00,1.00,1.00,1.00,1.00,1.00
2025-09-01T02:00:00Z,99.00,97.92,98.85,99.00,96.20,19.47,1.00,1.00,1.00,1.00,1.00,1.00,1.00
2025-09-01T03:00:00Z,99.00,97.92,98.85,99.00,98.00,15.68,1.00,1.00,1.00,1.00,1.00,1.00,1.00
2025-09-01T04:00:00Z,99.00,97.92,98.85,99.00,98.60,9.30,1.00,1.00,1.00,1.00,1.00,1.00,1.00
2025-09-01T05:00:00Z,99.00,97.92,98.85,99.00,98.00,9.30,1.00,1.00,1.00,1.00,1.00,1.00,1.00
2025-09-01T06:00:00Z,99.00,97.92,98.85,99.00,98.00,8.26,1.00,1.00,1.00,1.00,1.00,1.00,1.00
2025-09-01T09:00:00Z,99.00,97.92,98.85,99.00,98.00,8.00,1.00,1.00,1.00,1.00,1.00,1.00,1.00
2025-09-01T11:00:00Z,99.00,97.92,98.85,99.00,98.00,1.16,1.00,1.00,1.00,1.00,1.00,1.00,1.00
2025-09-01T12:00:00Z,99.00,97.92,98.85,99.00,98.00,1.00,1.00,1.00,1.00,1.00,1.00,1.00,1.00
2025-09-01T13:00:00Z,99.00,97.92,98.85,99.00,98.00,1.00,1.00,1.00,1.00,1.00,1.00,1.00,1.00
2025-09-01T14:00:00Z,99.00,97.92,98.85,99.00,98.00,1.00,1.00,1.00,1.00,1.00,1.00,1.00,1.00