timestamp,Above 40,Above 45,Above 50,Above 55,Above 60,Above 62,Above 65,Above 67,Above 70,Above 72,Above 75,Above 77,Above 80,Above 82,Above 85,Above 90
2025-12-03T23:00:00Z,,92.00,,,,,,,,,25.62,,,,,2.00
2025-12-04T00:00:00Z,,92.00,,,,,,,,,26.00,,,,,2.00
2025-12-04T02:00:00Z,,92.00,,,65.00,,,,,,26.00,,,,,5.00
2025-12-04T03:00:00Z,,92.00,,,65.00,,,,,,25.00,,,,,5.00
2025-12-04T06:00:00Z,,92.00,,,65.50,,,,,,27.00,,,,,5.00
2025-12-04T07:00:00Z,,92.00,,,65.50,,,,,,27.00,,,,,5.00
2025-12-04T12:00:00Z,,92.00,,,65.50,,,,,,21.00,,,,,5.00
2025-12-04T13:00:00Z,,92.00,,,65.50,,,,,,20.00,,,,,5.00
2025-12-04T14:00:00Z,,92.00,,,60.81,,,,,,20.00,,,,,5.00
2025-12-04T15:00:00Z,,89.00,,,60.81,,,,,,20.00,,,,,2.00
2025-12-04T16:00:00Z,,89.00,,,63.00,,,,,,20.00,,,,,2.00
2025-12-04T18:00:00Z,,89.00,,,63.00,,,,,,29.35,,,,,2.00
2025-12-04T19:00:00Z,,85.00,,,56.77,,,,,,29.35,,,,,2.00
2025-12-05T01:00:00Z,,79.00,,,56.77,,,,,,29.35,,,,,2.00
2025-12-05T02:00:00Z,,79.00,,,46.00,,,,,,18.00,,,,,2.00
2025-12-05T04:00:00Z,,86.00,,,46.00,,,,,,18.00,,,,,2.00
2025-12-05T15:00:00Z,,80.00,,,46.00,,,,,,18.00,,,,,2.00
2025-12-05T16:00:00Z,,80.00,,,47.00,,,,,,18.00,,,,,2.00
2025-12-05T18:00:00Z,,86.00,,,53.00,,,,,,18.00,,,,,2.00
2025-12-05T21:00:00Z,,86.00,,,50.00,,,,,,17.00,,,,,2.00
2025-12-05T23:00:00Z,,84.00,,,50.00,,,,,,17.00,,,,,2.00
2025-12-06T02:00:00Z,,84.00,,,50.00,,,,,,17.00,,,,,2.00
2025-12-06T03:00:00Z,,84.00,,,50.00,,,,,,17.00,,,,,2.00
2025-12-06T04:00:00Z,,84.00,,,43.14,,,,,,17.00,,,,,2.00
2025-12-06T15:00:00Z,,84.00,,,46.00,,,,,,17.00,,,,,2.00
2025-12-06T16:00:00Z,,84.00,,,46.00,,,,,,17.00,,,,,8.20
2025-12-06T17:00:00Z,,77.00,,,46.00,,,,,,17.00,,,,,8.20
2025-12-06T22:00:00Z,,77.00,,,46.00,,,,,,57.37,,,,,8.20
2025-12-06T23:00:00Z,,71.00,,,46.00,,,,,,57.37,,,,,8.20
2025-12-07T03:00:00Z,,70.00,,,46.00,,,,,,57.00,,,,,8.20
2025-12-07T05:00:00Z,,70.00,,,46.00,,,,,,57.00,,,,,9.00
2025-12-07T06:00:00Z,,70.00,,,43.40,,,,,,57.00,,,,,9.64
2025-12-07T07:00:00Z,,71.70,,,43.00,,,,,,57.00,,,,,9.64
2025-12-07T08:00:00Z,,71.70,,,44.00,,,,,,57.00,,,,,9.64
2025-12-07T09:00:00Z,,71.70,,,43.54,,,,,,57.00,,,,,9.64
2025-12-07T10:00:00Z,,76.00,,,43.54,,,,,,57.00,,,,,9.64
2025-12-07T15:00:00Z,,76.00,,,43.71,,,,,,57.00,,,,,9.64
2025-12-07T16:00:00Z,,60.00,,,43.00,,,,,,57.00,,,,,9.64
2025-12-07T17:00:00Z,,76.00,,,43.00,,,,,,57.00,,,,,9.64
2025-12-07T18:00:00Z,,75.00,,,39.00,,,,,,57.00,,,,,9.64
2025-12-07T22:00:00Z,,75.00,,,44.03,,,,,,57.00,,,,,9.64
2025-12-08T01:00:00Z,,72.00,,,44.03,,,,,,57.00,,,,,9.64
2025-12-08T03:00:00Z,,72.00,,,44.00,,,,,,57.00,,,,,9.64
2025-12-08T05:00:00Z,,72.00,,,44.99,,,,,,57.00,,,,,9.64
2025-12-08T06:00:00Z,,71.88,,,42.12,,,,,,57.00,,,,,9.64
2025-12-08T07:00:00Z,,71.88,,,43.33,,,,,,57.00,,,,,9.64
2025-12-08T08:00:00Z,,71.88,,,25.00,,,,,,57.00,,,,,9.64
2025-12-08T10:00:00Z,,71.88,,,33.00,,,,,,33.00,,,,,9.64
2025-12-08T11:00:00Z,,71.88,,,43.48,,,,,,33.00,,,,,9.64
2025-12-08T14:00:00Z,,71.88,,,43.00,,,,,,33.00,,,,,9.64
2025-12-08T16:00:00Z,,66.00,,,28.19,,,,,,33.00,,,,,9.64
2025-12-08T17:00:00Z,,72.96,,,36.00,,,,,,33.00,,,,,9.64
2025-12-08T18:00:00Z,,72.96,,,36.00,,,,,,33.00,,,,,9.64
2025-12-08T19:00:00Z,,72.96,,,36.00,,,,,,22.00,,,,,27.00
2025-12-08T20:00:00Z,,72.96,,,36.00,,,,,,22.00,,,,,21.00
2025-12-08T21:00:00Z,,72.96,,,25.04,,,,,,33.34,,,,,21.00
2025-12-08T22:00:00Z,,53.60,,,30.00,,,,,,34.00,,,,,24.00
2025-12-08T23:00:00Z,,55.58,,,35.11,,,,,,8.83,,,,,3.93
2025-12-09T00:00:00Z,,55.58,,,35.11,,,,,,11.43,,,,,3.93
2025-12-09T01:00:00Z,,63.00,,,31.71,,,,,,14.76,,,,,3.00
2025-12-09T02:00:00Z,,66.00,,,36.00,,,,,,33.00,,,,,3.00
2025-12-09T03:00:00Z,,66.00,,,36.00,,,,,,33.00,,,,,3.00
2025-12-09T04:00:00Z,,66.00,,,35.88,,,,,,33.00,,,,,3.00
2025-12-09T05:00:00Z,,58.00,,,35.88,,,,,,33.00,,,,,3.00
2025-12-09T06:00:00Z,,66.00,,,35.70,,,,,,32.00,,,,,3.00
2025-12-09T08:00:00Z,,53.00,,,35.70,,,,,,32.00,,,,,3.00
2025-12-09T09:00:00Z,,64.95,,,35.50,,,,,,32.00,,,,,3.00
2025-12-09T10:00:00Z,,64.95,,,36.00,,,,,,32.00,,,,,3.00
2025-12-09T11:00:00Z,,66.00,,,36.00,,,,,,32.00,,,,,3.00
2025-12-09T14:00:00Z,,66.00,,,36.00,,,,,,32.00,,,,,3.00
2025-12-09T15:00:00Z,,66.00,,,32.00,,,,,,32.00,,,,,3.00
2025-12-09T16:00:00Z,,66.00,,,32.00,,,,,,10.03,,,,,3.00
2025-12-09T17:00:00Z,,66.00,,,32.00,,,,,,11.95,,,,,3.00
2025-12-09T18:00:00Z,,75.95,,,32.00,,,,,,11.95,,,,,3.00
2025-12-09T19:00:00Z,,76.00,,,32.00,,,,,,11.95,,,,,3.00
2025-12-09T20:00:00Z,99.00,76.00,99.00,,40.61,,,,,,11.95,,,,,3.00
2025-12-09T21:00:00Z,99.00,76.00,99.00,,40.61,,,,,,11.95,,,,,3.00
2025-12-09T22:00:00Z,99.00,76.00,99.00,,40.00,,,,,,14.00,,,,,3.00
2025-12-09T23:00:00Z,99.00,76.00,99.00,,40.00,,,,,,14.00,,,,,3.00
2025-12-10T00:00:00Z,99.00,69.13,99.00,,40.00,,,,,,14.00,,,,,3.00
2025-12-10T01:00:00Z,99.00,69.13,99.00,54.00,40.00,,,,,,11.97,,,,,3.00
2025-12-10T02:00:00Z,99.00,75.00,99.00,54.00,37.66,,31.00,,,,14.00,,,,,4.00
2025-12-10T03:00:00Z,80.11,76.50,99.00,54.00,35.00,,31.00,,,,14.00,,,,,4.00
2025-12-10T04:00:00Z,80.11,76.50,99.00,54.00,41.91,,31.00,,,,9.87,,,,,2.00
2025-12-10T05:00:00Z,80.11,75.00,99.00,54.00,41.91,,30.00,,,,13.89,,,,,2.00
2025-12-10T06:00:00Z,80.11,75.00,99.00,54.00,42.00,,30.00,,,,13.89,,,,,2.00
2025-12-10T07:00:00Z,87.00,75.00,99.00,54.00,44.00,,30.00,,,,8.18,,,,,2.00
2025-12-10T08:00:00Z,87.00,75.00,99.00,52.00,44.00,,30.00,,,,8.18,,,,,2.00
2025-12-10T09:00:00Z,87.00,75.00,99.00,52.00,44.00,,30.00,,,,8.18,,,,,2.00
2025-12-10T13:00:00Z,87.00,75.00,99.00,52.00,44.00,,30.00,,,,8.18,,,,,2.00
2025-12-10T15:00:00Z,87.00,75.00,73.00,52.00,44.00,,30.00,,,,8.18,,,,,2.00
2025-12-10T16:00:00Z,83.60,75.00,73.00,52.00,44.00,,30.00,,,,8.18,,,,,2.00
2025-12-10T18:00:00Z,83.60,75.00,73.00,52.00,44.00,,31.20,,,,8.18,,,,,2.00
2025-12-10T19:00:00Z,83.60,75.00,73.00,52.00,45.00,,36.00,,,,13.00,,,,,4.00
2025-12-10T21:00:00Z,83.60,75.00,73.00,52.00,45.00,,36.00,,,,13.00,,,,,4.00
2025-12-10T22:00:00Z,83.60,75.00,73.00,52.00,45.00,,35.50,,,,13.00,,,,,4.00
2025-12-10T23:00:00Z,83.60,75.00,73.00,56.23,45.00,,35.50,,,,13.00,,,,,4.00
2025-12-11T00:00:00Z,83.60,77.00,73.00,56.23,45.00,,35.50,,,,13.00,,,,,4.00
2025-12-11T01:00:00Z,83.60,77.00,73.00,56.23,48.06,,35.50,,,,13.00,,,,,4.00
2025-12-11T02:00:00Z,83.60,77.00,73.00,56.23,48.06,,35.50,,,,13.00,,,,,4.00
2025-12-11T03:00:00Z,83.60,76.86,73.00,56.23,48.06,,35.50,,,,13.00,,,,,4.00
2025-12-11T04:00:00Z,83.60,76.86,70.00,56.23,45.51,,35.50,,,,12.00,,,,,4.00
2025-12-11T06:00:00Z,83.60,76.86,70.00,56.23,48.00,,35.50,,,,12.00,,,,,4.00
2025-12-11T07:00:00Z,83.60,76.86,70.00,56.23,48.00,,34.00,,,,12.84,,,,,4.00
2025-12-11T16:00:00Z,83.60,76.86,70.00,56.23,50.00,,34.00,,,,15.00,,,,,4.00
2025-12-11T18:00:00Z,83.60,76.86,70.00,56.23,50.00,,34.00,,,,54.00,,,,,4.00
2025-12-11T19:00:00Z,83.60,76.86,70.00,56.23,45.68,,34.00,,,,53.00,,,,,4.00
2025-12-11T20:00:00Z,83.60,83.00,70.00,56.23,54.00,,34.00,,,,53.00,,,,,4.00
2025-12-11T21:00:00Z,83.60,83.00,70.00,56.23,64.00,,51.00,,,,53.00,,,,,2.00
2025-12-11T22:00:00Z,83.60,83.00,70.00,56.23,64.00,,51.00,,,,53.00,,,,,2.00
2025-12-12T00:00:00Z,83.60,83.00,70.00,56.23,59.64,,51.00,,,,20.00,,,,,2.00
2025-12-12T01:00:00Z,83.60,83.00,70.00,56.23,53.44,,51.00,,,,20.00,,,,,2.00
2025-12-12T02:00:00Z,83.60,83.00,70.00,56.23,53.44,,44.08,,,,20.00,,,,,2.00
2025-12-12T06:00:00Z,83.60,83.00,70.00,56.23,63.00,,44.08,,,,20.00,,,,,2.00
2025-12-12T07:00:00Z,83.60,92.00,83.00,56.23,63.00,,44.08,,,,20.00,,,,,2.00
2025-12-12T11:00:00Z,83.60,92.00,83.00,56.23,54.00,,42.00,,,,20.00,,,,,2.00
2025-12-12T19:00:00Z,83.60,92.00,83.00,56.23,54.00,,42.00,,,,20.00,,,,,2.00
2025-12-12T20:00:00Z,83.60,92.00,83.00,56.23,54.00,,48.00,,,,20.00,,,,,2.00
2025-12-12T21:00:00Z,83.60,88.00,77.00,56.23,54.00,,48.00,,,,20.00,,,,,2.00
2025-12-12T22:00:00Z,83.60,88.00,77.00,56.23,53.00,,48.00,,,,20.00,,,,,2.00
2025-12-12T23:00:00Z,83.60,88.00,77.00,66.00,53.00,,48.00,,,,20.00,,,,,2.00
2025-12-13T02:00:00Z,83.60,88.00,77.00,66.00,54.46,,42.50,,,,20.00,,,,,2.00
2025-12-13T04:00:00Z,83.60,88.75,77.00,66.00,52.59,,42.50,,,,20.00,,,,,2.00
2025-12-13T06:00:00Z,83.60,88.75,77.00,66.00,52.59,,42.50,,,,21.25,,,,,2.00
2025-12-13T07:00:00Z,83.60,88.75,77.00,66.00,59.00,,40.00,,,,21.25,,,,,2.00
2025-12-13T12:00:00Z,83.60,90.00,77.00,66.00,59.00,,40.00,,,,21.25,,,,,2.00
2025-12-13T17:00:00Z,83.60,90.00,77.00,66.00,53.00,,40.00,,,,21.25,,,,,2.00
2025-12-13T19:00:00Z,83.60,90.00,77.00,66.00,53.00,,40.00,,,,22.00,,,,,2.00
2025-12-13T21:00:00Z,83.60,90.00,77.00,66.00,53.00,,40.00,,,,22.00,,,,,2.00
2025-12-13T22:00:00Z,93.00,90.00,83.00,72.00,59.00,,40.00,,,,22.00,,,,,4.00
2025-12-14T00:00:00Z,93.00,90.00,83.00,72.00,58.00,,40.00,,,,22.00,,,,,4.00
2025-12-14T01:00:00Z,93.00,90.00,83.00,72.00,54.42,,48.00,,,,22.00,,,,,4.00
2025-12-14T03:00:00Z,93.00,90.00,83.00,72.00,54.42,,45.71,,,,22.00,,,,,4.00
2025-12-14T04:00:00Z,93.00,90.00,83.00,72.00,59.00,,45.71,,,,22.00,,,,,2.00
2025-12-14T05:00:00Z,93.00,90.00,83.00,72.00,59.00,,48.15,,,,22.00,,,,,2.00
2025-12-14T06:00:00Z,93.00,90.00,83.00,73.00,59.00,,48.15,,,,22.00,,,,,2.00
2025-12-14T07:00:00Z,93.00,84.55,83.00,73.00,52.16,,39.28,,,,22.00,,,,,2.00
2025-12-14T14:00:00Z,93.00,84.55,83.00,66.21,52.16,,48.00,,,,22.00,,,,,2.00
2025-12-14T15:00:00Z,93.00,84.55,83.00,66.21,52.16,,48.00,,,,22.00,,,,,2.00
2025-12-14T17:00:00Z,93.00,84.55,83.00,66.21,52.16,,48.37,,,,21.00,,,,,2.00
2025-12-14T19:00:00Z,87.53,84.55,77.37,73.00,52.65,,48.85,,,,21.00,,,,,2.00
2025-12-14T20:00:00Z,87.53,86.00,77.37,73.00,52.00,,48.85,,,,21.00,,,,,2.00
2025-12-14T21:00:00Z,87.53,86.00,77.37,66.00,52.00,,49.00,,,,21.00,,,,,2.00
2025-12-14T22:00:00Z,87.53,84.33,75.45,66.00,52.66,,49.00,,,,21.00,,,,,2.00
2025-12-14T23:00:00Z,87.53,84.33,75.45,66.00,52.66,,48.05,,,,21.00,,,,,2.00
2025-12-15T00:00:00Z,87.53,84.33,75.45,66.00,52.66,,48.05,,,,21.00,,,,,2.00
2025-12-15T02:00:00Z,87.53,84.33,75.45,66.00,51.09,,45.14,,,,21.00,,,,,2.00
2025-12-15T03:00:00Z,87.53,84.33,75.45,66.00,51.09,,43.49,,,,21.00,,,,,2.00
2025-12-15T04:00:00Z,86.48,82.25,72.63,64.00,50.31,,43.45,,,,22.69,,,,,2.00
2025-12-15T05:00:00Z,86.48,82.25,72.63,64.00,56.36,,44.00,,,,22.69,,,,,2.00
2025-12-15T06:00:00Z,86.48,82.25,72.63,64.00,56.36,,44.00,,,,22.69,,,,,3.00
2025-12-15T07:00:00Z,86.48,82.25,72.63,64.00,56.36,,44.00,,,,22.69,,,,,3.00
2025-12-15T08:00:00Z,86.48,82.25,72.63,64.00,55.00,,44.00,,,,22.69,,,,,3.00
2025-12-15T09:00:00Z,86.48,82.25,72.63,64.00,53.03,,44.00,,,,22.69,,,,,3.00
2025-12-15T11:00:00Z,86.48,82.25,72.63,64.00,53.03,,47.00,,,,22.69,,,,,3.00
2025-12-15T14:00:00Z,86.48,82.25,78.00,64.00,53.03,,47.00,,,,22.69,,,,,3.00
2025-12-15T15:00:00Z,86.48,82.25,78.00,64.00,59.00,,47.00,,,,22.69,,,,,3.00
2025-12-15T16:00:00Z,93.95,84.42,78.00,64.00,59.00,,47.00,,,,18.17,,,,,3.00
2025-12-15T17:00:00Z,93.95,84.42,78.00,64.00,56.00,,43.04,,,,18.17,,,,,3.00
2025-12-15T18:00:00Z,95.01,89.00,80.00,69.00,57.86,,47.87,,,,18.17,,,,,3.00
2025-12-15T20:00:00Z,95.01,89.00,80.00,69.00,57.86,,44.84,,,,18.17,,,,,3.00
2025-12-15T21:00:00Z,95.01,89.00,80.00,69.00,60.90,,47.00,,,,18.17,,,,,3.00
2025-12-15T22:00:00Z,95.01,89.21,80.00,76.72,61.98,,58.47,,,,24.00,,,,,3.00
2025-12-15T23:00:00Z,95.01,89.21,83.00,74.70,62.00,,49.00,,,,20.00,,,,,3.36
2025-12-16T00:00:00Z,95.01,89.21,83.00,74.70,64.16,,47.70,,,,20.00,,,,,3.36
2025-12-16T02:00:00Z,95.01,88.09,83.00,74.12,63.05,,47.70,,,,24.00,,,,,3.36
2025-12-16T03:00:00Z,95.01,88.09,83.00,74.12,63.05,,53.00,,,,24.00,,,,,3.36
2025-12-16T04:00:00Z,95.01,88.09,85.00,78.00,60.13,,45.08,,,,24.00,,,,,3.36
2025-12-16T05:00:00Z,95.01,93.00,85.00,78.00,63.99,,46.59,,,,24.00,,,,,3.36
2025-12-16T06:00:00Z,95.01,93.00,85.00,75.00,63.99,,46.59,,,,24.00,,,,,3.36
2025-12-16T07:00:00Z,92.00,91.00,80.00,75.00,63.99,,46.59,,,,24.00,,,,,3.36
2025-12-16T08:00:00Z,92.00,92.11,80.00,77.71,64.15,,46.59,,,,24.00,,,,,3.36
2025-12-16T09:00:00Z,92.00,92.11,85.00,79.81,68.99,,46.59,,,,24.00,,,,,3.36
2025-12-16T11:00:00Z,92.00,92.11,85.00,79.81,68.99,,46.59,,,,20.00,,,,,3.36
2025-12-16T13:00:00Z,92.00,92.11,85.00,79.81,68.99,,54.61,,,,20.00,,,,,3.36
2025-12-16T14:00:00Z,92.00,92.11,85.00,80.12,69.24,,54.00,,,,19.06,,,,,3.36
2025-12-16T15:00:00Z,92.00,91.00,85.00,80.12,87.00,,45.34,,,,19.06,,,,,3.36
2025-12-16T16:00:00Z,92.00,91.00,85.00,80.12,62.21,,45.34,,,,22.00,,,,,3.36
2025-12-16T17:00:00Z,96.00,91.00,85.00,80.12,68.31,,45.34,,,,22.84,,,,,4.00
2025-12-16T18:00:00Z,98.95,98.38,85.38,76.37,65.51,,37.94,,,,13.50,,,,,4.00
2025-12-16T19:00:00Z,98.95,98.38,85.38,76.37,92.87,,86.96,,,,30.36,,,,,4.00
2025-12-16T20:00:00Z,98.95,98.38,85.38,76.37,98.00,,87.00,,,,32.28,,,,,2.00
2025-12-16T21:00:00Z,98.95,98.38,85.38,76.37,96.86,,93.40,,,,36.23,,47.00,,,2.00
2025-12-16T22:00:00Z,98.95,98.38,85.38,97.00,97.25,99.00,94.90,,54.00,63.94,42.51,18.79,6.00,,,2.00
2025-12-16T23:00:00Z,98.95,98.38,85.38,97.00,98.00,99.00,96.00,,83.01,71.93,52.20,25.15,9.12,,,1.00
2025-12-17T00:00:00Z,98.95,98.38,99.00,97.00,98.48,99.00,96.00,97.00,83.01,71.93,41.65,26.80,9.12,,,1.00
2025-12-17T01:00:00Z,98.95,98.38,99.00,97.00,98.88,99.00,96.00,97.00,85.00,71.93,49.14,26.80,13.46,,,1.00
2025-12-17T02:00:00Z,98.95,98.38,99.00,97.00,98.88,99.00,96.00,97.00,85.00,63.00,54.00,29.00,15.48,,,1.00
2025-12-17T03:00:00Z,98.95,98.38,99.00,97.00,99.00,99.00,96.00,97.00,85.00,63.00,54.00,29.00,17.78,,,1.00
2025-12-17T04:00:00Z,98.95,98.38,99.00,97.00,95.57,99.00,96.00,97.00,85.00,63.00,45.75,29.00,17.78,,,1.00
2025-12-17T05:00:00Z,98.95,98.38,99.00,97.00,95.57,99.00,96.00,97.00,85.00,63.00,51.88,29.93,13.00,,,1.00
2025-12-17T06:00:00Z,98.95,98.38,99.00,97.00,95.57,99.00,82.00,97.00,85.00,63.00,54.98,31.23,13.00,,,1.00
2025-12-17T07:00:00Z,98.95,98.38,99.00,97.00,98.94,99.00,94.00,95.00,85.00,63.00,54.00,32.00,13.11,,,1.00
2025-12-17T08:00:00Z,98.95,98.38,99.00,97.00,94.12,99.00,94.00,95.00,85.00,63.00,54.00,32.00,13.11,,,1.00
2025-12-17T09:00:00Z,98.95,98.38,99.00,97.00,94.12,99.00,94.00,95.00,85.00,63.00,54.23,32.00,13.11,,,1.00
2025-12-17T12:00:00Z,98.95,98.38,99.00,97.00,93.60,99.00,94.00,95.00,85.00,63.00,38.55,32.00,13.11,,,1.00
2025-12-17T13:00:00Z,98.95,98.38,99.00,97.00,98.10,99.00,94.00,95.00,85.00,63.00,37.20,31.71,13.01,,,1.00
2025-12-17T14:00:00Z,98.95,98.38,99.00,97.00,98.10,99.00,94.00,95.00,85.00,63.00,37.20,31.00,13.01,,,1.00
2025-12-17T15:00:00Z,98.95,98.38,99.00,97.00,98.10,99.00,94.00,95.00,85.00,63.00,52.23,32.00,11.98,,,1.00
2025-12-17T16:00:00Z,98.95,98.38,99.00,97.00,99.00,99.00,94.00,95.00,85.00,59.01,35.66,29.00,11.98,,,1.00
2025-12-17T17:00:00Z,98.95,99.00,99.00,97.00,93.35,99.00,94.00,95.00,85.00,55.00,35.66,29.43,11.20,,,1.00
2025-12-17T18:00:00Z,98.95,99.00,99.00,97.00,99.00,99.00,99.00,95.00,85.00,55.00,54.99,31.05,10.69,,,1.00
2025-12-17T19:00:00Z,99.00,99.00,99.00,99.00,99.00,99.00,99.00,95.00,85.00,55.00,49.60,34.00,10.69,,,1.00
2025-12-17T20:00:00Z,99.00,99.00,99.00,99.00,99.00,99.00,99.00,95.00,95.00,55.00,50.40,37.00,14.00,,,1.00
2025-12-17T21:00:00Z,99.00,99.00,99.00,99.00,99.00,99.00,99.00,95.00,95.00,84.00,62.00,39.80,15.94,,,1.00
2025-12-17T22:00:00Z,99.00,99.00,99.00,99.00,99.00,99.00,99.00,95.00,95.00,89.00,64.78,49.58,13.76,,,1.00
2025-12-17T23:00:00Z,99.00,99.00,99.00,99.00,97.00,99.00,98.00,95.00,95.00,89.00,67.46,49.65,14.00,,,1.00
2025-12-18T00:00:00Z,99.00,99.00,99.00,99.00,97.00,99.00,98.00,95.00,95.00,89.00,69.00,55.76,16.79,,,1.00
2025-12-18T01:00:00Z,99.00,99.00,99.00,99.00,97.00,99.00,91.00,95.00,93.00,89.00,76.05,55.77,17.66,,,1.00
2025-12-18T02:00:00Z,99.00,99.00,99.00,99.00,97.00,99.00,91.00,95.00,93.00,95.00,76.05,55.77,19.00,,,1.00
2025-12-18T03:00:00Z,99.00,99.00,99.00,99.00,95.52,99.00,91.00,95.00,93.00,95.00,71.80,56.00,19.52,,,1.00
2025-12-18T04:00:00Z,99.00,99.00,99.00,99.00,95.52,99.00,92.00,95.00,93.00,95.00,77.91,56.00,20.00,,,1.00
2025-12-18T05:00:00Z,99.00,99.00,99.00,99.00,95.52,99.00,92.00,95.00,93.00,95.00,77.91,56.00,22.31,,,1.00
2025-12-18T06:00:00Z,99.00,99.00,99.00,99.00,95.52,99.00,92.00,95.00,88.00,76.00,78.98,60.24,22.31,,,1.00
2025-12-18T07:00:00Z,99.00,99.00,99.00,99.00,95.52,99.00,92.00,95.00,88.00,98.00,79.00,66.00,26.59,,,1.00
2025-12-18T11:00:00Z,99.00,99.00,99.00,99.00,95.52,99.00,92.00,95.00,88.00,98.00,79.00,66.00,27.00,,,1.00
2025-12-18T12:00:00Z,99.00,99.00,99.00,99.00,95.52,99.00,92.00,95.00,88.00,98.00,79.00,66.00,27.00,,,1.00
2025-12-18T14:00:00Z,99.00,99.00,99.00,99.00,95.52,99.00,92.00,95.00,88.00,98.00,79.00,66.00,27.00,,,1.00
2025-12-18T15:00:00Z,99.00,99.00,99.00,99.00,95.52,99.00,92.00,95.00,88.00,98.00,79.00,61.09,26.57,,,1.00
2025-12-18T16:00:00Z,99.00,99.00,99.00,99.00,95.52,99.00,95.00,95.00,95.00,98.00,83.50,68.28,29.82,,,1.00
2025-12-18T17:00:00Z,99.00,99.00,99.00,99.00,95.52,99.00,95.00,95.00,94.00,98.00,83.50,76.20,35.44,,,1.00
2025-12-18T18:00:00Z,99.00,99.00,99.00,99.00,95.52,99.00,95.00,95.00,94.00,98.00,83.50,76.20,33.77,,,1.00
2025-12-18T19:00:00Z,99.00,99.00,99.00,99.00,98.00,99.00,95.00,95.00,94.00,98.00,75.43,49.00,27.10,,,1.00
2025-12-18T20:00:00Z,99.00,99.00,99.00,99.00,98.00,99.00,95.00,95.00,94.00,91.00,88.97,79.36,21.95,,,1.00
2025-12-18T21:00:00Z,99.00,99.00,99.00,99.00,98.00,99.00,95.00,95.00,94.00,91.00,90.06,80.96,30.42,10.10,5.00,1.00
2025-12-18T22:00:00Z,99.00,99.00,99.00,99.00,98.00,99.00,96.00,95.00,94.00,91.00,85.51,58.42,20.30,3.00,5.00,1.00
2025-12-18T23:00:00Z,99.00,99.00,99.00,99.00,98.00,99.00,96.00,95.00,94.00,91.00,81.97,53.18,20.30,3.00,5.00,1.00
2025-12-19T00:00:00Z,99.00,99.00,99.00,99.00,98.00,99.00,96.00,95.00,94.00,91.00,84.40,58.73,17.00,3.00,5.00,1.00
2025-12-19T01:00:00Z,99.00,99.00,99.00,99.00,98.00,99.00,95.00,95.00,94.00,96.00,84.40,65.45,17.23,3.00,1.00,1.00
2025-12-19T02:00:00Z,99.00,99.00,99.00,99.00,97.02,99.00,95.00,95.00,94.00,96.00,85.00,66.98,17.23,3.00,1.00,1.00
2025-12-19T03:00:00Z,99.00,99.00,99.00,99.00,97.20,99.00,95.00,95.00,94.00,96.00,71.14,41.93,6.32,2.06,1.00,1.00
2025-12-19T04:00:00Z,99.00,99.00,99.00,99.00,97.12,99.00,95.00,95.00,96.00,96.00,49.69,19.58,8.55,2.06,1.00,1.00
2025-12-19T05:00:00Z,99.00,99.00,99.00,99.00,97.00,99.00,95.00,95.00,96.00,96.00,71.22,63.00,14.41,2.06,1.00,1.00
2025-12-19T06:00:00Z,99.00,99.00,99.00,99.00,97.00,99.00,95.00,95.00,96.00,96.00,72.76,70.55,14.00,1.00,1.00,1.00
2025-12-19T07:00:00Z,99.00,99.00,99.00,99.00,97.00,99.00,95.00,95.00,94.50,78.00,65.50,63.92,12.00,1.00,1.00,1.00
2025-12-19T08:00:00Z,99.00,99.00,99.00,99.00,97.00,99.00,95.00,95.00,98.00,95.00,78.16,63.92,12.00,1.00,1.00,1.00
2025-12-19T09:00:00Z,99.00,99.00,99.00,99.00,97.00,99.00,95.00,95.00,98.00,95.00,77.67,38.00,10.00,1.00,1.00,1.00
2025-12-19T10:00:00Z,99.00,99.00,99.00,99.00,97.00,99.00,95.00,95.00,98.00,95.00,77.67,20.63,9.00,1.00,1.00,1.00
2025-12-19T11:00:00Z,99.00,99.00,99.00,99.00,97.00,99.00,95.00,95.00,98.00,95.00,74.74,20.63,5.11,1.00,1.00,1.00
2025-12-19T12:00:00Z,99.00,99.00,99.00,99.00,97.00,99.00,95.00,95.00,98.00,95.00,74.74,20.63,5.50,1.00,1.00,1.00
2025-12-19T13:00:00Z,99.00,99.00,99.00,99.00,97.00,99.00,95.00,95.00,98.00,95.00,45.60,18.64,6.20,1.00,1.00,1.00
2025-12-19T14:00:00Z,99.00,99.00,99.00,99.00,97.00,99.00,95.00,95.00,90.31,95.00,45.60,18.64,6.20,1.00,1.00,1.00
2025-12-19T15:00:00Z,99.00,99.00,99.00,99.00,97.00,99.00,95.00,95.00,90.31,65.00,45.60,18.83,6.20,1.00,1.00,1.00
2025-12-19T17:00:00Z,99.00,99.00,99.00,99.00,98.00,99.00,95.02,95.00,98.15,92.00,68.00,18.83,4.84,1.00,1.00,1.00
2025-12-19T18:00:00Z,99.00,99.00,99.00,99.00,98.00,99.00,95.00,95.00,98.15,92.00,63.16,38.09,4.84,1.00,1.00,1.00
2025-12-19T19:00:00Z,99.00,99.00,99.00,99.00,98.00,99.00,95.00,95.00,98.15,92.00,75.27,36.18,3.00,1.00,1.00,1.00
2025-12-19T20:00:00Z,99.00,99.00,99.00,99.00,98.00,99.00,95.00,95.00,98.15,93.00,70.00,46.80,3.47,1.02,1.00,1.00
2025-12-19T21:00:00Z,99.00,99.00,99.00,99.00,98.00,99.00,95.00,95.00,98.15,93.00,76.86,42.92,8.00,2.00,1.00,1.00
2025-12-19T22:00:00Z,99.00,99.00,99.00,99.00,98.00,99.00,95.00,95.00,98.15,93.00,67.53,43.37,5.42,2.00,1.00,1.00
2025-12-19T23:00:00Z,99.00,99.00,99.00,99.00,98.92,99.00,95.00,95.00,98.15,93.00,81.76,44.14,5.00,2.83,1.00,1.00
2025-12-20T00:00:00Z,99.00,99.00,99.00,99.00,98.92,99.00,95.00,95.00,89.24,93.00,80.95,29.62,5.00,2.83,1.00,1.00
2025-12-20T01:00:00Z,99.00,99.00,99.00,99.00,98.92,99.00,95.00,95.00,91.50,93.00,80.95,17.61,4.00,2.83,1.00,1.00
2025-12-20T02:00:00Z,99.00,99.00,99.00,99.00,98.92,99.00,95.00,95.00,91.50,93.00,67.61,17.61,4.00,2.83,1.00,1.00
2025-12-20T03:00:00Z,99.00,99.00,99.00,99.00,98.92,99.00,95.00,95.00,97.00,93.00,64.00,26.17,4.00,2.83,1.00,1.00
2025-12-20T04:00:00Z,99.00,99.00,99.00,99.00,98.92,99.00,99.00,95.00,97.00,93.00,87.72,26.17,2.39,2.83,1.00,1.00
2025-12-20T05:00:00Z,99.00,99.00,99.00,99.00,96.86,99.00,99.00,95.00,97.00,97.00,87.54,65.17,2.00,2.83,1.00,1.00
2025-12-20T06:00:00Z,99.00,99.00,99.00,99.00,96.86,99.00,99.00,95.00,97.00,97.00,87.07,69.25,8.75,3.00,1.00,1.00
2025-12-20T07:00:00Z,99.00,99.00,99.00,99.00,96.86,99.00,99.00,95.00,97.00,97.00,83.57,65.30,2.06,3.00,1.00,1.00
2025-12-20T08:00:00Z,99.00,99.00,99.00,99.00,96.86,99.00,99.00,95.00,97.00,97.00,83.57,54.02,3.32,3.00,1.00,1.00
2025-12-20T09:00:00Z,99.00,99.00,99.00,99.00,96.86,99.00,99.00,95.00,97.00,97.00,83.57,66.00,4.00,3.00,1.00,1.00
2025-12-20T10:00:00Z,99.00,99.00,99.00,99.00,96.86,99.00,99.00,95.00,97.00,97.00,83.57,66.00,4.00,3.00,1.00,1.00
2025-12-20T11:00:00Z,99.00,99.00,99.00,99.00,96.86,99.00,99.00,95.00,97.00,97.00,92.00,39.00,4.00,3.00,1.00,1.00
2025-12-20T12:00:00Z,99.00,99.00,99.00,99.00,96.86,99.00,99.00,95.00,97.00,97.00,72.27,39.00,4.00,3.00,1.00,1.00
2025-12-20T13:00:00Z,99.00,99.00,99.00,99.00,96.86,99.00,99.00,95.00,97.00,97.00,72.27,39.00,4.00,3.00,1.00,1.00
2025-12-20T14:00:00Z,99.00,99.00,99.00,99.00,96.86,99.00,99.00,95.00,97.00,97.00,92.91,39.00,4.41,3.00,1.00,1.00
2025-12-20T15:00:00Z,99.00,99.00,99.00,99.00,96.86,99.00,99.00,95.00,97.00,97.00,71.28,49.32,3.60,3.00,1.00,1.00
2025-12-20T16:00:00Z,99.00,99.00,99.00,99.00,96.86,99.00,99.00,95.00,97.00,97.00,91.28,60.84,3.00,3.00,1.00,1.00
2025-12-20T17:00:00Z,99.00,99.00,99.00,99.00,96.86,99.00,99.00,95.00,97.00,97.00,91.28,33.80,3.93,3.00,1.00,1.00
2025-12-20T18:00:00Z,99.00,99.00,99.00,99.00,96.86,99.00,99.00,95.00,97.00,97.00,87.46,36.83,2.63,3.00,1.00,1.00
2025-12-20T19:00:00Z,99.00,99.00,99.00,99.00,96.86,99.00,99.00,95.00,97.00,97.00,90.14,34.29,2.00,3.00,1.00,1.00
2025-12-20T20:00:00Z,99.00,99.00,99.00,99.00,96.86,99.00,99.00,95.00,97.00,97.00,85.50,34.00,1.29,3.00,1.00,1.00
2025-12-20T21:00:00Z,99.00,99.00,99.00,99.00,96.86,99.00,99.00,95.00,97.00,97.00,77.45,12.30,2.00,3.00,1.00,1.00
2025-12-20T22:00:00Z,99.00,99.00,99.00,99.00,96.86,99.00,99.00,95.00,97.00,92.00,60.21,9.92,1.06,3.00,1.00,1.00
2025-12-20T23:00:00Z,99.00,99.00,99.00,99.00,96.86,99.00,99.00,95.00,97.00,92.00,27.97,4.58,3.00,3.00,1.00,1.00
2025-12-21T00:00:00Z,99.00,99.00,99.00,99.00,96.86,99.00,99.00,95.00,97.00,86.97,13.90,3.82,3.00,3.00,1.00,1.00
2025-12-21T01:00:00Z,99.00,99.00,99.00,99.00,96.86,99.00,99.00,95.00,97.00,91.50,25.92,10.82,3.00,3.00,1.00,1.00
2025-12-21T02:00:00Z,99.00,99.00,99.00,99.00,96.86,99.00,99.00,95.00,97.00,91.50,34.54,14.13,2.75,3.00,1.00,2.00
2025-12-21T03:00:00Z,99.00,99.00,99.00,99.00,96.86,99.00,99.00,95.00,96.00,90.06,47.80,17.00,2.75,2.00,1.00,2.00
2025-12-21T04:00:00Z,99.00,99.00,99.00,99.00,96.86,99.00,99.00,95.00,96.00,90.06,49.62,12.47,1.00,2.00,1.00,2.00
2025-12-21T05:00:00Z,99.00,99.00,99.00,99.00,96.86,99.00,99.00,95.00,96.00,90.06,49.62,17.00,3.00,2.00,1.00,2.00
2025-12-21T06:00:00Z,99.00,99.00,99.00,99.00,96.86,99.00,99.00,95.00,96.00,87.00,13.85,2.00,3.00,2.00,1.00,2.00
2025-12-21T07:00:00Z,99.00,99.00,99.00,99.00,96.86,99.00,99.00,95.00,96.00,87.00,55.06,6.47,3.00,2.00,1.00,2.00
2025-12-21T08:00:00Z,99.00,99.00,99.00,99.00,96.86,99.00,99.00,95.00,96.00,87.00,47.89,7.88,3.00,2.00,1.00,2.00
2025-12-21T09:00:00Z,99.00,99.00,99.00,99.00,96.86,99.00,99.00,95.00,96.00,87.00,46.00,7.98,3.00,2.00,1.00,2.00
2025-12-21T10:00:00Z,99.00,99.00,99.00,99.00,96.86,99.00,99.00,95.00,96.00,87.00,46.00,7.98,8.15,2.00,1.00,2.00
2025-12-21T11:00:00Z,99.00,99.00,99.00,99.00,96.86,99.00,99.00,95.00,96.00,87.00,46.00,8.00,3.12,2.00,1.00,2.00
2025-12-21T12:00:00Z,99.00,99.00,99.00,99.00,96.86,99.00,99.00,95.00,96.00,87.00,46.00,8.00,3.12,2.00,1.00,2.00
2025-12-21T13:00:00Z,99.00,99.00,99.00,99.00,96.86,99.00,99.00,95.00,96.00,87.00,43.58,8.00,3.05,2.00,1.00,2.00
2025-12-21T14:00:00Z,99.00,99.00,99.00,99.00,96.86,99.00,99.00,95.00,96.00,95.50,22.28,6.00,3.05,2.00,1.00,2.00
2025-12-21T15:00:00Z,99.00,99.00,99.00,99.00,96.86,99.00,99.00,95.00,96.00,96.00,48.63,5.00,1.83,2.00,1.00,2.00
2025-12-21T16:00:00Z,99.00,99.00,99.00,99.00,99.00,99.00,99.00,95.00,96.00,96.94,40.69,5.94,1.83,2.00,1.00,2.00
2025-12-21T17:00:00Z,99.00,99.00,99.00,99.00,99.00,99.00,99.00,95.00,96.00,98.39,39.10,4.52,1.83,2.00,1.00,2.00
2025-12-21T18:00:00Z,99.00,99.00,99.00,99.00,99.00,99.00,99.00,95.00,96.00,98.00,32.72,4.92,1.83,1.80,1.00,2.00
2025-12-21T19:00:00Z,99.00,99.00,99.00,99.00,97.68,99.00,99.00,95.00,96.00,98.00,30.48,3.86,6.00,1.80,1.00,2.00
2025-12-21T20:00:00Z,99.00,99.00,99.00,99.00,97.68,99.00,99.00,95.00,96.00,98.00,43.61,3.81,6.00,1.80,1.00,2.00
2025-12-21T21:00:00Z,99.00,99.00,99.00,99.00,97.68,99.00,99.00,95.00,96.00,98.00,46.62,5.00,1.17,1.80,1.00,2.00
2025-12-21T22:00:00Z,99.00,99.00,99.00,99.00,97.68,99.00,99.00,95.00,96.00,98.98,19.48,1.47,2.24,1.80,1.00,2.00
2025-12-21T23:00:00Z,99.00,99.00,99.00,99.00,97.68,99.00,99.00,97.00,96.38,98.98,22.17,2.77,1.08,2.00,1.00,2.00
2025-12-22T00:00:00Z,99.00,99.00,99.00,99.00,97.68,99.00,99.00,97.00,96.38,98.98,34.91,1.00,4.00,2.00,1.00,2.00
2025-12-22T01:00:00Z,99.00,99.00,99.00,99.00,99.00,99.00,99.00,97.00,96.38,99.00,21.41,1.00,4.00,2.00,1.00,2.00
2025-12-22T02:00:00Z,99.00,99.00,99.00,99.00,99.00,99.00,95.00,97.00,97.00,99.00,13.46,1.00,4.00,2.00,1.00,2.00
2025-12-22T03:00:00Z,99.00,99.00,99.00,99.00,99.00,99.00,95.00,97.00,97.00,99.00,17.42,1.00,4.00,2.00,1.00,2.00
2025-12-22T04:00:00Z,99.00,99.00,99.00,99.00,99.00,99.00,95.00,97.00,97.00,99.00,12.56,1.91,3.75,2.00,9.09,2.00
2025-12-22T05:00:00Z,99.00,99.00,99.00,99.00,99.00,99.00,95.00,97.00,98.95,99.00,6.80,2.00,2.00,2.00,9.09,1.00
2025-12-22T06:00:00Z,99.00,99.00,99.00,99.00,99.00,99.00,95.00,97.00,98.95,99.00,9.93,3.00,2.00,2.00,9.09,1.00
2025-12-22T07:00:00Z,99.00,99.00,99.00,99.00,99.00,99.00,95.00,97.00,98.95,99.00,8.80,2.47,1.63,2.00,9.09,1.00
2025-12-22T08:00:00Z,99.00,99.00,99.00,99.00,99.00,99.00,95.00,97.00,98.95,99.00,13.08,2.00,1.00,2.00,9.09,1.00
2025-12-22T09:00:00Z,99.00,99.00,99.00,99.00,99.00,99.00,95.00,97.00,98.95,99.00,4.11,2.00,1.00,2.00,9.09,1.00
2025-12-22T10:00:00Z,99.00,99.00,99.00,99.00,99.00,99.00,95.00,97.00,98.95,99.00,11.09,2.00,2.00,2.00,9.09,1.00
2025-12-22T11:00:00Z,99.00,99.00,99.00,99.00,99.00,99.00,95.00,97.00,98.00,99.00,11.00,2.00,2.00,2.00,9.09,1.00
2025-12-22T12:00:00Z,99.00,99.00,99.00,99.00,99.00,99.00,95.00,97.00,98.00,99.00,12.13,2.00,2.00,2.00,9.09,1.00
2025-12-22T13:00:00Z,99.00,99.00,99.00,99.00,99.00,99.00,95.00,97.00,98.00,99.00,10.41,2.00,1.99,2.00,9.09,1.00
2025-12-22T14:00:00Z,99.00,99.00,99.00,99.00,99.00,99.00,95.00,97.00,98.00,99.00,3.98,2.00,1.99,2.00,9.09,1.00
2025-12-22T15:00:00Z,99.00,99.00,99.00,99.00,99.00,99.00,95.00,97.00,99.00,99.00,6.60,2.00,2.93,2.00,9.09,1.00