ticker,event_ticker,movie_name,floor_strike,strike_type,result,open_time,close_time,settlement_ts,captured_at,candle_rows,slug,total_at_close,fresh_at_close,score_self,lastday_daylevel,as_of_id,db_joined
KXRT-ANI-15,KXRT-ANI,Animal Farm,15,greater,yes,2026-04-30T16:30:00Z,2026-05-04T14:00:00Z,2026-05-04T15:38:31.500701Z,2026-06-10T03:44:43Z,194,animal_farm_2025,45,9,20,0,649484,True
KXRT-ANI-17,KXRT-ANI,Animal Farm,17,greater,yes,2026-04-30T16:30:00Z,2026-05-04T14:00:00Z,2026-05-04T15:38:31.500701Z,2026-06-10T03:44:43Z,343,animal_farm_2025,45,9,20,0,649484,True
KXRT-ANI-32,KXRT-ANI,Animal Farm,32,greater,no,2026-04-28T20:00:00Z,2026-05-04T14:00:00Z,2026-05-04T15:38:31.500701Z,2026-06-10T03:44:43Z,967,animal_farm_2025,45,9,20,0,649484,True
KXRT-ANI-27,KXRT-ANI,Animal Farm,27,greater,no,2026-04-28T20:00:00Z,2026-05-04T14:00:00Z,2026-05-04T15:38:31.500701Z,2026-06-10T03:44:43Z,1754,animal_farm_2025,45,9,20,0,649484,True
KXRT-ANI-25,KXRT-ANI,Animal Farm,25,greater,no,2026-04-28T20:00:00Z,2026-05-04T14:00:00Z,2026-05-04T15:38:31.500701Z,2026-06-10T03:44:43Z,3771,animal_farm_2025,45,9,20,0,649484,True
KXRT-ANI-22,KXRT-ANI,Animal Farm,22,greater,yes,2026-04-28T20:00:00Z,2026-05-04T14:00:00Z,2026-05-04T15:38:31.500701Z,2026-06-10T03:44:43Z,2921,animal_farm_2025,45,9,20,0,649484,True
KXRT-ANI-20,KXRT-ANI,Animal Farm,20,greater,yes,2026-04-28T20:00:00Z,2026-05-04T14:00:00Z,2026-05-04T15:38:31.500701Z,2026-06-10T03:44:43Z,2566,animal_farm_2025,45,9,20,0,649484,True
KXRT-ANI-95,KXRT-ANI,Animal Farm,95,greater,no,2026-04-07T14:00:00Z,2026-05-04T14:00:00Z,2026-05-04T15:38:31.500701Z,2026-06-10T03:44:43Z,85,animal_farm_2025,45,9,20,0,649484,True
KXRT-ANI-90,KXRT-ANI,Animal Farm,90,greater,no,2026-04-07T14:00:00Z,2026-05-04T14:00:00Z,2026-05-04T15:38:31.500701Z,2026-06-10T03:44:43Z,62,animal_farm_2025,45,9,20,0,649484,True
KXRT-ANI-85,KXRT-ANI,Animal Farm,85,greater,no,2026-04-07T14:00:00Z,2026-05-04T14:00:00Z,2026-05-04T15:38:31.500701Z,2026-06-10T03:44:43Z,185,animal_farm_2025,45,9,20,0,649484,True
KXRT-ANI-80,KXRT-ANI,Animal Farm,80,greater,no,2026-04-07T14:00:00Z,2026-05-04T14:00:00Z,2026-05-04T15:38:31.500701Z,2026-06-10T03:44:43Z,2237,animal_farm_2025,45,9,20,0,649484,True
KXRT-ANI-75,KXRT-ANI,Animal Farm,75,greater,no,2026-04-07T14:00:00Z,2026-05-04T14:00:00Z,2026-05-04T15:38:31.500701Z,2026-06-10T03:44:43Z,3521,animal_farm_2025,45,9,20,0,649484,True
KXRT-ANI-70,KXRT-ANI,Animal Farm,70,greater,no,2026-04-07T14:00:00Z,2026-05-04T14:00:00Z,2026-05-04T15:38:31.500701Z,2026-06-10T03:44:43Z,2378,animal_farm_2025,45,9,20,0,649484,True
KXRT-ANI-65,KXRT-ANI,Animal Farm,65,greater,no,2026-04-07T14:00:00Z,2026-05-04T14:00:00Z,2026-05-04T15:38:31.500701Z,2026-06-10T03:44:43Z,3833,animal_farm_2025,45,9,20,0,649484,True
KXRT-ANI-60,KXRT-ANI,Animal Farm,60,greater,no,2026-04-07T14:00:00Z,2026-05-04T14:00:00Z,2026-05-04T15:38:31.500701Z,2026-06-10T03:44:43Z,3207,animal_farm_2025,45,9,20,0,649484,True
KXRT-ANI-55,KXRT-ANI,Animal Farm,55,greater,no,2026-04-07T14:00:00Z,2026-05-04T14:00:00Z,2026-05-04T15:38:31.500701Z,2026-06-10T03:44:43Z,4537,animal_farm_2025,45,9,20,0,649484,True
KXRT-ANI-50,KXRT-ANI,Animal Farm,50,greater,no,2026-04-07T14:00:00Z,2026-05-04T14:00:00Z,2026-05-04T15:38:31.500701Z,2026-06-10T03:44:43Z,5209,animal_farm_2025,45,9,20,0,649484,True
KXRT-ANI-45,KXRT-ANI,Animal Farm,45,greater,no,2026-04-07T14:00:00Z,2026-05-04T14:00:00Z,2026-05-04T15:38:31.500701Z,2026-06-10T03:44:43Z,3633,animal_farm_2025,45,9,20,0,649484,True
KXRT-ANI-40,KXRT-ANI,Animal Farm,40,greater,no,2026-04-07T14:00:00Z,2026-05-04T14:00:00Z,2026-05-04T15:38:31.500701Z,2026-06-10T03:44:43Z,5758,animal_farm_2025,45,9,20,0,649484,True
KXRT-ANI-35,KXRT-ANI,Animal Farm,35,greater,no,2026-04-07T14:00:00Z,2026-05-04T14:00:00Z,2026-05-04T15:38:31.500701Z,2026-06-10T03:44:43Z,6222,animal_farm_2025,45,9,20,0,649484,True
KXRT-ANI-30,KXRT-ANI,Animal Farm,30,greater,no,2026-04-07T14:00:00Z,2026-05-04T14:00:00Z,2026-05-04T15:38:31.500701Z,2026-06-10T03:44:43Z,4440,animal_farm_2025,45,9,20,0,649484,True
KXRT-BAC-89,KXRT-BAC,Backrooms,89,greater,no,2026-05-29T20:20:00Z,2026-06-01T14:00:00Z,2026-06-01T15:10:10.639642Z,2026-06-10T03:44:43Z,2533,backrooms,139,112,81,8,649484,True
KXRT-BAC-82,KXRT-BAC,Backrooms,82,greater,yes,2026-05-28T01:00:00Z,2026-06-01T14:00:00Z,2026-06-01T15:10:10.639642Z,2026-06-10T03:44:43Z,751,backrooms,139,112,81,8,649484,True
KXRT-BAC-77,KXRT-BAC,Backrooms,77,greater,yes,2026-05-28T01:00:00Z,2026-06-01T14:00:00Z,2026-06-01T15:10:10.639642Z,2026-06-10T03:44:43Z,340,backrooms,139,112,81,8,649484,True
KXRT-BAC-72,KXRT-BAC,Backrooms,72,greater,yes,2026-05-28T01:00:00Z,2026-06-01T14:00:00Z,2026-06-01T15:10:10.639642Z,2026-06-10T03:44:43Z,110,backrooms,139,112,81,8,649484,True
KXRT-BAC-88,KXRT-BAC,Backrooms,88,greater,yes,2026-05-28T01:00:00Z,2026-06-01T14:00:00Z,2026-06-01T15:10:10.639642Z,2026-06-10T03:44:43Z,3661,backrooms,139,112,81,8,649484,True
KXRT-BAC-95,KXRT-BAC,Backrooms,95,greater,no,2026-04-24T14:00:00Z,2026-06-01T14:00:00Z,2026-06-01T15:10:10.639642Z,2026-06-10T03:44:43Z,10710,backrooms,139,112,81,8,649484,True
KXRT-BAC-90,KXRT-BAC,Backrooms,90,greater,no,2026-04-24T14:00:00Z,2026-06-01T14:00:00Z,2026-06-01T15:10:10.639642Z,2026-06-10T03:44:43Z,10766,backrooms,139,112,81,8,649484,True
KXRT-BAC-85,KXRT-BAC,Backrooms,85,greater,yes,2026-04-24T14:00:00Z,2026-06-01T14:00:00Z,2026-06-01T15:10:10.639642Z,2026-06-10T03:44:43Z,12155,backrooms,139,112,81,8,649484,True
KXRT-BAC-80,KXRT-BAC,Backrooms,80,greater,yes,2026-04-24T14:00:00Z,2026-06-01T14:00:00Z,2026-06-01T15:10:10.639642Z,2026-06-10T03:44:43Z,15240,backrooms,139,112,81,8,649484,True
KXRT-BAC-75,KXRT-BAC,Backrooms,75,greater,yes,2026-04-24T14:00:00Z,2026-06-01T14:00:00Z,2026-06-01T15:10:10.639642Z,2026-06-10T03:44:43Z,15136,backrooms,139,112,81,8,649484,True
KXRT-BAC-70,KXRT-BAC,Backrooms,70,greater,yes,2026-04-24T14:00:00Z,2026-06-01T14:00:00Z,2026-06-01T15:10:10.639642Z,2026-06-10T03:44:43Z,12206,backrooms,139,112,81,8,649484,True
KXRT-BAC-65,KXRT-BAC,Backrooms,65,greater,yes,2026-04-24T14:00:00Z,2026-06-01T14:00:00Z,2026-06-01T15:10:10.639642Z,2026-06-10T03:44:43Z,11503,backrooms,139,112,81,8,649484,True
KXRT-BAC-60,KXRT-BAC,Backrooms,60,greater,yes,2026-04-24T14:00:00Z,2026-06-01T14:00:00Z,2026-06-01T15:10:10.639642Z,2026-06-10T03:44:43Z,2030,backrooms,139,112,81,8,649484,True
KXRT-BAC-55,KXRT-BAC,Backrooms,55,greater,yes,2026-04-24T14:00:00Z,2026-06-01T14:00:00Z,2026-06-01T15:10:10.639642Z,2026-06-10T03:44:43Z,711,backrooms,139,112,81,8,649484,True
KXRT-BAC-50,KXRT-BAC,Backrooms,50,greater,yes,2026-04-24T14:00:00Z,2026-06-01T14:00:00Z,2026-06-01T15:10:10.639642Z,2026-06-10T03:44:43Z,1067,backrooms,139,112,81,8,649484,True
KXRT-BAC-45,KXRT-BAC,Backrooms,45,greater,yes,2026-04-24T14:00:00Z,2026-06-01T14:00:00Z,2026-06-01T15:10:10.639642Z,2026-06-10T03:44:43Z,232,backrooms,139,112,81,8,649484,True
KXRT-BAC-40,KXRT-BAC,Backrooms,40,greater,yes,2026-04-24T14:00:00Z,2026-06-01T14:00:00Z,2026-06-01T15:10:10.639642Z,2026-06-10T03:44:43Z,428,backrooms,139,112,81,8,649484,True
KXRT-BAC-35,KXRT-BAC,Backrooms,35,greater,yes,2026-04-24T14:00:00Z,2026-06-01T14:00:00Z,2026-06-01T15:10:10.639642Z,2026-06-10T03:44:43Z,349,backrooms,139,112,81,8,649484,True
KXRT-BAC-30,KXRT-BAC,Backrooms,30,greater,yes,2026-04-24T14:00:00Z,2026-06-01T14:00:00Z,2026-06-01T15:10:10.639642Z,2026-06-10T03:44:43Z,441,backrooms,139,112,81,8,649484,True
KXRT-BIL-87,KXRT-BIL,Billie Eilish - Hit Me Hard and Soft: The Tour (Live in 3D),87,greater,yes,2026-04-30T16:00:00Z,2026-05-11T14:00:00Z,2026-05-11T15:15:35.847082Z,2026-06-10T03:44:43Z,2781,billie_eilish_hit_me_hard_and_soft_the_tour_live_in_3d,60,56,93,0,649484,True
KXRT-BIL-85,KXRT-BIL,Billie Eilish - Hit Me Hard and Soft: The Tour (Live in 3D),85,greater,yes,2026-04-30T16:00:00Z,2026-05-11T14:00:00Z,2026-05-11T15:15:35.847082Z,2026-06-10T03:44:43Z,973,billie_eilish_hit_me_hard_and_soft_the_tour_live_in_3d,60,56,93,0,649484,True
KXRT-BIL-99,KXRT-BIL,Billie Eilish - Hit Me Hard and Soft: The Tour (Live in 3D),99,greater,no,2026-04-30T16:00:00Z,2026-05-11T14:00:00Z,2026-05-11T15:15:35.847082Z,2026-06-10T03:44:43Z,3210,billie_eilish_hit_me_hard_and_soft_the_tour_live_in_3d,60,56,93,0,649484,True
KXRT-BIL-97,KXRT-BIL,Billie Eilish - Hit Me Hard and Soft: The Tour (Live in 3D),97,greater,no,2026-04-30T16:00:00Z,2026-05-11T14:00:00Z,2026-05-11T15:15:35.847082Z,2026-06-10T03:44:43Z,1293,billie_eilish_hit_me_hard_and_soft_the_tour_live_in_3d,60,56,93,0,649484,True
KXRT-BIL-95,KXRT-BIL,Billie Eilish - Hit Me Hard and Soft: The Tour (Live in 3D),95,greater,no,2026-04-30T16:00:00Z,2026-05-11T14:00:00Z,2026-05-11T15:15:35.847082Z,2026-06-10T03:44:43Z,2106,billie_eilish_hit_me_hard_and_soft_the_tour_live_in_3d,60,56,93,0,649484,True
KXRT-BIL-92,KXRT-BIL,Billie Eilish - Hit Me Hard and Soft: The Tour (Live in 3D),92,greater,yes,2026-04-30T16:00:00Z,2026-05-11T14:00:00Z,2026-05-11T15:15:35.847082Z,2026-06-10T03:44:43Z,3061,billie_eilish_hit_me_hard_and_soft_the_tour_live_in_3d,60,56,93,0,649484,True
KXRT-BIL-90,KXRT-BIL,Billie Eilish - Hit Me Hard and Soft: The Tour (Live in 3D),90,greater,yes,2026-04-24T14:00:00Z,2026-05-11T14:00:00Z,2026-05-11T15:15:35.847082Z,2026-06-10T03:44:43Z,6799,billie_eilish_hit_me_hard_and_soft_the_tour_live_in_3d,60,56,93,0,649484,True
KXRT-BIL-80,KXRT-BIL,Billie Eilish - Hit Me Hard and Soft: The Tour (Live in 3D),80,greater,yes,2026-04-24T14:00:00Z,2026-05-11T14:00:00Z,2026-05-11T15:15:35.847082Z,2026-06-10T03:44:43Z,1549,billie_eilish_hit_me_hard_and_soft_the_tour_live_in_3d,60,56,93,0,649484,True
KXRT-BIL-70,KXRT-BIL,Billie Eilish - Hit Me Hard and Soft: The Tour (Live in 3D),70,greater,yes,2026-04-24T14:00:00Z,2026-05-11T14:00:00Z,2026-05-11T15:15:35.847082Z,2026-06-10T03:44:43Z,267,billie_eilish_hit_me_hard_and_soft_the_tour_live_in_3d,60,56,93,0,649484,True
KXRT-BIL-60,KXRT-BIL,Billie Eilish - Hit Me Hard and Soft: The Tour (Live in 3D),60,greater,yes,2026-04-24T14:00:00Z,2026-05-11T14:00:00Z,2026-05-11T15:15:35.847082Z,2026-06-10T03:44:43Z,193,billie_eilish_hit_me_hard_and_soft_the_tour_live_in_3d,60,56,93,0,649484,True
KXRT-BIL-50,KXRT-BIL,Billie Eilish - Hit Me Hard and Soft: The Tour (Live in 3D),50,greater,yes,2026-04-24T14:00:00Z,2026-05-11T14:00:00Z,2026-05-11T15:15:35.847082Z,2026-06-10T03:44:43Z,123,billie_eilish_hit_me_hard_and_soft_the_tour_live_in_3d,60,56,93,0,649484,True
KXRT-BIL-5,KXRT-BIL,Billie Eilish - Hit Me Hard and Soft: The Tour (Live in 3D),5,greater,yes,2026-04-24T14:00:00Z,2026-05-11T14:00:00Z,2026-05-11T15:15:35.847082Z,2026-06-10T03:44:43Z,182,billie_eilish_hit_me_hard_and_soft_the_tour_live_in_3d,60,56,93,0,649484,True
KXRT-BIL-40,KXRT-BIL,Billie Eilish - Hit Me Hard and Soft: The Tour (Live in 3D),40,greater,yes,2026-04-24T14:00:00Z,2026-05-11T14:00:00Z,2026-05-11T15:15:35.847082Z,2026-06-10T03:44:43Z,151,billie_eilish_hit_me_hard_and_soft_the_tour_live_in_3d,60,56,93,0,649484,True
KXRT-BIL-30,KXRT-BIL,Billie Eilish - Hit Me Hard and Soft: The Tour (Live in 3D),30,greater,yes,2026-04-24T14:00:00Z,2026-05-11T14:00:00Z,2026-05-11T15:15:35.847082Z,2026-06-10T03:44:43Z,162,billie_eilish_hit_me_hard_and_soft_the_tour_live_in_3d,60,56,93,0,649484,True
KXRT-BIL-25,KXRT-BIL,Billie Eilish - Hit Me Hard and Soft: The Tour (Live in 3D),25,greater,yes,2026-04-24T14:00:00Z,2026-05-11T14:00:00Z,2026-05-11T15:15:35.847082Z,2026-06-10T03:44:43Z,107,billie_eilish_hit_me_hard_and_soft_the_tour_live_in_3d,60,56,93,0,649484,True
KXRT-BIL-20,KXRT-BIL,Billie Eilish - Hit Me Hard and Soft: The Tour (Live in 3D),20,greater,yes,2026-04-24T14:00:00Z,2026-05-11T14:00:00Z,2026-05-11T15:15:35.847082Z,2026-06-10T03:44:43Z,705,billie_eilish_hit_me_hard_and_soft_the_tour_live_in_3d,60,56,93,0,649484,True
KXRT-BIL-15,KXRT-BIL,Billie Eilish - Hit Me Hard and Soft: The Tour (Live in 3D),15,greater,yes,2026-04-24T14:00:00Z,2026-05-11T14:00:00Z,2026-05-11T15:15:35.847082Z,2026-06-10T03:44:43Z,332,billie_eilish_hit_me_hard_and_soft_the_tour_live_in_3d,60,56,93,0,649484,True
KXRT-BIL-10,KXRT-BIL,Billie Eilish - Hit Me Hard and Soft: The Tour (Live in 3D),10,greater,yes,2026-04-24T14:00:00Z,2026-05-11T14:00:00Z,2026-05-11T15:15:35.847082Z,2026-06-10T03:44:43Z,76,billie_eilish_hit_me_hard_and_soft_the_tour_live_in_3d,60,56,93,0,649484,True
KXRT-DEV-82,KXRT-DEV,The Devil Wears Prada 2,82,greater,no,2026-04-30T16:00:00Z,2026-05-04T14:00:00Z,2026-05-04T15:37:41.51476Z,2026-06-10T03:44:43Z,342,the_devil_wears_prada_2,238,184,77,0,649484,True
KXRT-DEV-77,KXRT-DEV,The Devil Wears Prada 2,77,greater,no,2026-04-29T18:00:00Z,2026-05-04T14:00:00Z,2026-05-04T15:37:41.51476Z,2026-06-10T03:44:43Z,3739,the_devil_wears_prada_2,238,184,77,0,649484,True
KXRT-DEV-72,KXRT-DEV,The Devil Wears Prada 2,72,greater,yes,2026-04-29T18:00:00Z,2026-05-04T14:00:00Z,2026-05-04T15:37:41.51476Z,2026-06-10T03:44:43Z,814,the_devil_wears_prada_2,238,184,77,0,649484,True
KXRT-DEV-67,KXRT-DEV,The Devil Wears Prada 2,67,greater,yes,2026-04-29T18:00:00Z,2026-05-04T14:00:00Z,2026-05-04T15:37:41.51476Z,2026-06-10T03:44:43Z,506,the_devil_wears_prada_2,238,184,77,0,649484,True
KXRT-DEV-95,KXRT-DEV,The Devil Wears Prada 2,95,greater,no,2026-03-31T14:00:00Z,2026-05-04T14:00:00Z,2026-05-04T15:37:41.51476Z,2026-06-10T03:44:43Z,310,the_devil_wears_prada_2,238,184,77,0,649484,True
KXRT-DEV-90,KXRT-DEV,The Devil Wears Prada 2,90,greater,no,2026-03-31T14:00:00Z,2026-05-04T14:00:00Z,2026-05-04T15:37:41.51476Z,2026-06-10T03:44:43Z,542,the_devil_wears_prada_2,238,184,77,0,649484,True
KXRT-DEV-85,KXRT-DEV,The Devil Wears Prada 2,85,greater,no,2026-03-31T14:00:00Z,2026-05-04T14:00:00Z,2026-05-04T15:37:41.51476Z,2026-06-10T03:44:43Z,3774,the_devil_wears_prada_2,238,184,77,0,649484,True
KXRT-DEV-80,KXRT-DEV,The Devil Wears Prada 2,80,greater,no,2026-03-31T14:00:00Z,2026-05-04T14:00:00Z,2026-05-04T15:37:41.51476Z,2026-06-10T03:44:43Z,8583,the_devil_wears_prada_2,238,184,77,0,649484,True
KXRT-DEV-75,KXRT-DEV,The Devil Wears Prada 2,75,greater,yes,2026-03-31T14:00:00Z,2026-05-04T14:00:00Z,2026-05-04T15:37:41.51476Z,2026-06-10T03:44:43Z,9336,the_devil_wears_prada_2,238,184,77,0,649484,True
KXRT-DEV-70,KXRT-DEV,The Devil Wears Prada 2,70,greater,yes,2026-03-31T14:00:00Z,2026-05-04T14:00:00Z,2026-05-04T15:37:41.51476Z,2026-06-10T03:44:43Z,10558,the_devil_wears_prada_2,238,184,77,0,649484,True
KXRT-DEV-65,KXRT-DEV,The Devil Wears Prada 2,65,greater,yes,2026-03-31T14:00:00Z,2026-05-04T14:00:00Z,2026-05-04T15:37:41.51476Z,2026-06-10T03:44:43Z,8463,the_devil_wears_prada_2,238,184,77,0,649484,True
KXRT-DEV-60,KXRT-DEV,The Devil Wears Prada 2,60,greater,yes,2026-03-31T14:00:00Z,2026-05-04T14:00:00Z,2026-05-04T15:37:41.51476Z,2026-06-10T03:44:43Z,6403,the_devil_wears_prada_2,238,184,77,0,649484,True
KXRT-DEV-55,KXRT-DEV,The Devil Wears Prada 2,55,greater,yes,2026-03-31T14:00:00Z,2026-05-04T14:00:00Z,2026-05-04T15:37:41.51476Z,2026-06-10T03:44:43Z,6089,the_devil_wears_prada_2,238,184,77,0,649484,True
KXRT-DEV-50,KXRT-DEV,The Devil Wears Prada 2,50,greater,yes,2026-03-31T14:00:00Z,2026-05-04T14:00:00Z,2026-05-04T15:37:41.51476Z,2026-06-10T03:44:43Z,4217,the_devil_wears_prada_2,238,184,77,0,649484,True
KXRT-DEV-45,KXRT-DEV,The Devil Wears Prada 2,45,greater,yes,2026-03-31T14:00:00Z,2026-05-04T14:00:00Z,2026-05-04T15:37:41.51476Z,2026-06-10T03:44:43Z,3309,the_devil_wears_prada_2,238,184,77,0,649484,True
KXRT-DRA-72,KXRT-DRA,The Drama,72,greater,yes,2026-03-31T16:00:00Z,2026-04-06T14:00:00Z,2026-04-06T15:24:13.687614Z,2026-06-10T03:44:43Z,1369,the_drama,174,134,77,0,649484,True
KXRT-DRA-82,KXRT-DRA,The Drama,82,greater,no,2026-03-31T16:00:00Z,2026-04-06T14:00:00Z,2026-04-06T15:24:13.687614Z,2026-06-10T03:44:43Z,1955,the_drama,174,134,77,0,649484,True
KXRT-DRA-77,KXRT-DRA,The Drama,77,greater,no,2026-03-31T16:00:00Z,2026-04-06T14:00:00Z,2026-04-06T15:24:13.687614Z,2026-06-10T03:44:43Z,3121,the_drama,174,134,77,0,649484,True
KXRT-DRA-95,KXRT-DRA,The Drama,95,greater,no,2026-03-03T15:00:00Z,2026-04-06T14:00:00Z,2026-04-06T15:24:13.687614Z,2026-06-10T03:44:43Z,1903,the_drama,174,134,77,0,649484,True
KXRT-DRA-90,KXRT-DRA,The Drama,90,greater,no,2026-03-03T15:00:00Z,2026-04-06T14:00:00Z,2026-04-06T15:24:13.687614Z,2026-06-10T03:44:43Z,3492,the_drama,174,134,77,0,649484,True
KXRT-DRA-85,KXRT-DRA,The Drama,85,greater,no,2026-03-03T15:00:00Z,2026-04-06T14:00:00Z,2026-04-06T15:24:13.687614Z,2026-06-10T03:44:43Z,5306,the_drama,174,134,77,0,649484,True
KXRT-DRA-80,KXRT-DRA,The Drama,80,greater,no,2026-03-03T15:00:00Z,2026-04-06T14:00:00Z,2026-04-06T15:24:13.687614Z,2026-06-10T03:44:43Z,7488,the_drama,174,134,77,0,649484,True
KXRT-DRA-75,KXRT-DRA,The Drama,75,greater,yes,2026-03-03T15:00:00Z,2026-04-06T14:00:00Z,2026-04-06T15:24:13.687614Z,2026-06-10T03:44:43Z,7258,the_drama,174,134,77,0,649484,True
KXRT-DRA-70,KXRT-DRA,The Drama,70,greater,yes,2026-03-03T15:00:00Z,2026-04-06T14:00:00Z,2026-04-06T15:24:13.687614Z,2026-06-10T03:44:43Z,4708,the_drama,174,134,77,0,649484,True
KXRT-DRA-65,KXRT-DRA,The Drama,65,greater,yes,2026-03-03T15:00:00Z,2026-04-06T14:00:00Z,2026-04-06T15:24:13.687614Z,2026-06-10T03:44:43Z,1762,the_drama,174,134,77,0,649484,True
KXRT-DRA-60,KXRT-DRA,The Drama,60,greater,yes,2026-03-03T15:00:00Z,2026-04-06T14:00:00Z,2026-04-06T15:24:13.687614Z,2026-06-10T03:44:43Z,1376,the_drama,174,134,77,0,649484,True
KXRT-DRA-55,KXRT-DRA,The Drama,55,greater,yes,2026-03-03T15:00:00Z,2026-04-06T14:00:00Z,2026-04-06T15:24:13.687614Z,2026-06-10T03:44:43Z,2534,the_drama,174,134,77,0,649484,True
KXRT-DRA-50,KXRT-DRA,The Drama,50,greater,yes,2026-03-03T15:00:00Z,2026-04-06T14:00:00Z,2026-04-06T15:24:13.687614Z,2026-06-10T03:44:43Z,1151,the_drama,174,134,77,0,649484,True
KXRT-DRA-45,KXRT-DRA,The Drama,45,greater,yes,2026-03-03T15:00:00Z,2026-04-06T14:00:00Z,2026-04-06T15:24:13.687614Z,2026-06-10T03:44:43Z,94,the_drama,174,134,77,0,649484,True
KXRT-INT-57,KXRT-INT,In the Grey,57,greater,no,2026-05-16T00:00:00Z,2026-05-18T14:00:00Z,2026-05-18T15:34:01.570586Z,2026-06-10T03:44:43Z,46,in_the_grey,31,13,42,2,649484,True
KXRT-INT-52,KXRT-INT,In the Grey,52,greater,no,2026-05-16T00:00:00Z,2026-05-18T14:00:00Z,2026-05-18T15:34:01.570586Z,2026-06-10T03:44:43Z,372,in_the_grey,31,13,42,2,649484,True
KXRT-INT-47,KXRT-INT,In the Grey,47,greater,no,2026-05-16T00:00:00Z,2026-05-18T14:00:00Z,2026-05-18T15:34:01.570586Z,2026-06-10T03:44:43Z,1746,in_the_grey,31,13,42,2,649484,True
KXRT-INT-95,KXRT-INT,In the Grey,95,greater,no,2026-04-17T14:00:00Z,2026-05-18T14:00:00Z,2026-05-18T15:34:01.570586Z,2026-06-10T03:44:43Z,128,in_the_grey,31,13,42,2,649484,True
KXRT-INT-90,KXRT-INT,In the Grey,90,greater,no,2026-04-17T14:00:00Z,2026-05-18T14:00:00Z,2026-05-18T15:34:01.570586Z,2026-06-10T03:44:43Z,212,in_the_grey,31,13,42,2,649484,True
KXRT-INT-85,KXRT-INT,In the Grey,85,greater,no,2026-04-17T14:00:00Z,2026-05-18T14:00:00Z,2026-05-18T15:34:01.570586Z,2026-06-10T03:44:43Z,578,in_the_grey,31,13,42,2,649484,True
KXRT-INT-80,KXRT-INT,In the Grey,80,greater,no,2026-04-17T14:00:00Z,2026-05-18T14:00:00Z,2026-05-18T15:34:01.570586Z,2026-06-10T03:44:43Z,1054,in_the_grey,31,13,42,2,649484,True
KXRT-INT-75,KXRT-INT,In the Grey,75,greater,no,2026-04-17T14:00:00Z,2026-05-18T14:00:00Z,2026-05-18T15:34:01.570586Z,2026-06-10T03:44:43Z,1488,in_the_grey,31,13,42,2,649484,True
KXRT-INT-70,KXRT-INT,In the Grey,70,greater,no,2026-04-17T14:00:00Z,2026-05-18T14:00:00Z,2026-05-18T15:34:01.570586Z,2026-06-10T03:44:43Z,2277,in_the_grey,31,13,42,2,649484,True
KXRT-INT-65,KXRT-INT,In the Grey,65,greater,no,2026-04-17T14:00:00Z,2026-05-18T14:00:00Z,2026-05-18T15:34:01.570586Z,2026-06-10T03:44:43Z,2334,in_the_grey,31,13,42,2,649484,True
KXRT-INT-60,KXRT-INT,In the Grey,60,greater,no,2026-04-17T14:00:00Z,2026-05-18T14:00:00Z,2026-05-18T15:34:01.570586Z,2026-06-10T03:44:43Z,6573,in_the_grey,31,13,42,2,649484,True
KXRT-INT-55,KXRT-INT,In the Grey,55,greater,no,2026-04-17T14:00:00Z,2026-05-18T14:00:00Z,2026-05-18T15:34:01.570586Z,2026-06-10T03:44:43Z,5271,in_the_grey,31,13,42,2,649484,True
KXRT-INT-50,KXRT-INT,In the Grey,50,greater,no,2026-04-17T14:00:00Z,2026-05-18T14:00:00Z,2026-05-18T15:34:01.570586Z,2026-06-10T03:44:43Z,5637,in_the_grey,31,13,42,2,649484,True
KXRT-INT-45,KXRT-INT,In the Grey,45,greater,yes,2026-04-17T14:00:00Z,2026-05-18T14:00:00Z,2026-05-18T15:34:01.570586Z,2026-06-10T03:44:43Z,6210,in_the_grey,31,13,42,2,649484,True
KXRT-INT-40,KXRT-INT,In the Grey,40,greater,yes,2026-04-17T14:00:00Z,2026-05-18T14:00:00Z,2026-05-18T15:34:01.570586Z,2026-06-10T03:44:43Z,4407,in_the_grey,31,13,42,2,649484,True
KXRT-INT-35,KXRT-INT,In the Grey,35,greater,yes,2026-04-17T14:00:00Z,2026-05-18T14:00:00Z,2026-05-18T15:34:01.570586Z,2026-06-10T03:44:43Z,1760,in_the_grey,31,13,42,2,649484,True
KXRT-INT-30,KXRT-INT,In the Grey,30,greater,yes,2026-04-17T14:00:00Z,2026-05-18T14:00:00Z,2026-05-18T15:34:01.570586Z,2026-06-10T03:44:43Z,676,in_the_grey,31,13,42,2,649484,True
KXRT-LEE-95,KXRT-LEE,Lee Cronin's The Mummy,95,greater,no,2026-04-07T14:00:00Z,2026-04-20T14:00:00Z,2026-04-20T15:33:13.023871Z,2026-06-10T03:44:43Z,216,lee_cronins_the_mummy,133,62,47,0,649484,True
KXRT-LEE-90,KXRT-LEE,Lee Cronin's The Mummy,90,greater,no,2026-04-07T14:00:00Z,2026-04-20T14:00:00Z,2026-04-20T15:33:13.023871Z,2026-06-10T03:44:43Z,396,lee_cronins_the_mummy,133,62,47,0,649484,True
KXRT-LEE-85,KXRT-LEE,Lee Cronin's The Mummy,85,greater,no,2026-04-07T14:00:00Z,2026-04-20T14:00:00Z,2026-04-20T15:33:13.023871Z,2026-06-10T03:44:43Z,519,lee_cronins_the_mummy,133,62,47,0,649484,True
KXRT-LEE-80,KXRT-LEE,Lee Cronin's The Mummy,80,greater,no,2026-04-07T14:00:00Z,2026-04-20T14:00:00Z,2026-04-20T15:33:13.023871Z,2026-06-10T03:44:43Z,1716,lee_cronins_the_mummy,133,62,47,0,649484,True
KXRT-LEE-75,KXRT-LEE,Lee Cronin's The Mummy,75,greater,no,2026-04-07T14:00:00Z,2026-04-20T14:00:00Z,2026-04-20T15:33:13.023871Z,2026-06-10T03:44:43Z,1942,lee_cronins_the_mummy,133,62,47,0,649484,True
KXRT-LEE-70,KXRT-LEE,Lee Cronin's The Mummy,70,greater,no,2026-04-07T14:00:00Z,2026-04-20T14:00:00Z,2026-04-20T15:33:13.023871Z,2026-06-10T03:44:43Z,2839,lee_cronins_the_mummy,133,62,47,0,649484,True
KXRT-LEE-65,KXRT-LEE,Lee Cronin's The Mummy,65,greater,no,2026-04-07T14:00:00Z,2026-04-20T14:00:00Z,2026-04-20T15:33:13.023871Z,2026-06-10T03:44:43Z,3417,lee_cronins_the_mummy,133,62,47,0,649484,True
KXRT-LEE-60,KXRT-LEE,Lee Cronin's The Mummy,60,greater,no,2026-04-07T14:00:00Z,2026-04-20T14:00:00Z,2026-04-20T15:33:13.023871Z,2026-06-10T03:44:43Z,3280,lee_cronins_the_mummy,133,62,47,0,649484,True
KXRT-LEE-55,KXRT-LEE,Lee Cronin's The Mummy,55,greater,no,2026-04-07T14:00:00Z,2026-04-20T14:00:00Z,2026-04-20T15:33:13.023871Z,2026-06-10T03:44:43Z,2708,lee_cronins_the_mummy,133,62,47,0,649484,True
KXRT-LEE-50,KXRT-LEE,Lee Cronin's The Mummy,50,greater,no,2026-04-07T14:00:00Z,2026-04-20T14:00:00Z,2026-04-20T15:33:13.023871Z,2026-06-10T03:44:43Z,3232,lee_cronins_the_mummy,133,62,47,0,649484,True
KXRT-LEE-45,KXRT-LEE,Lee Cronin's The Mummy,45,greater,yes,2026-04-07T14:00:00Z,2026-04-20T14:00:00Z,2026-04-20T15:33:13.023871Z,2026-06-10T03:44:43Z,5054,lee_cronins_the_mummy,133,62,47,0,649484,True
KXRT-LEE-40,KXRT-LEE,Lee Cronin's The Mummy,40,greater,yes,2026-04-07T14:00:00Z,2026-04-20T14:00:00Z,2026-04-20T15:33:13.023871Z,2026-06-10T03:44:43Z,2117,lee_cronins_the_mummy,133,62,47,0,649484,True
KXRT-LEE-35,KXRT-LEE,Lee Cronin's The Mummy,35,greater,yes,2026-04-07T14:00:00Z,2026-04-20T14:00:00Z,2026-04-20T15:33:13.023871Z,2026-06-10T03:44:43Z,552,lee_cronins_the_mummy,133,62,47,0,649484,True
KXRT-LEE-30,KXRT-LEE,Lee Cronin's The Mummy,30,greater,yes,2026-04-07T14:00:00Z,2026-04-20T14:00:00Z,2026-04-20T15:33:13.023871Z,2026-06-10T03:44:43Z,333,lee_cronins_the_mummy,133,62,47,0,649484,True
KXRT-MAS-68,KXRT-MAS,Masters of the Universe,68,greater,no,2026-06-06T02:00:00Z,2026-06-08T14:00:00Z,2026-06-08T15:23:04.470327Z,2026-06-10T03:44:43Z,325,masters_of_the_universe_2026,195,58,30,0,649484,True
KXRT-MAS-67,KXRT-MAS,Masters of the Universe,67,greater,no,2026-06-06T02:00:00Z,2026-06-08T14:00:00Z,2026-06-08T15:23:04.470327Z,2026-06-10T03:44:43Z,1340,masters_of_the_universe_2026,195,58,30,0,649484,True
KXRT-MAS-77,KXRT-MAS,Masters of the Universe,77,greater,no,2026-06-02T14:25:00Z,2026-06-08T14:00:00Z,2026-06-08T15:23:04.470327Z,2026-06-10T03:44:43Z,1330,masters_of_the_universe_2026,195,58,30,0,649484,True
KXRT-MAS-72,KXRT-MAS,Masters of the Universe,72,greater,no,2026-06-02T14:25:00Z,2026-06-08T14:00:00Z,2026-06-08T15:23:04.470327Z,2026-06-10T03:44:43Z,2134,masters_of_the_universe_2026,195,58,30,0,649484,True
KXRT-MAS-95,KXRT-MAS,Masters of the Universe,95,greater,no,2026-05-05T14:00:00Z,2026-06-08T14:00:00Z,2026-06-08T15:23:04.470327Z,2026-06-10T03:44:43Z,904,masters_of_the_universe_2026,195,58,30,0,649484,True
KXRT-MAS-90,KXRT-MAS,Masters of the Universe,90,greater,no,2026-05-05T14:00:00Z,2026-06-08T14:00:00Z,2026-06-08T15:23:04.470327Z,2026-06-10T03:44:43Z,5917,masters_of_the_universe_2026,195,58,30,0,649484,True
KXRT-MAS-85,KXRT-MAS,Masters of the Universe,85,greater,no,2026-05-05T14:00:00Z,2026-06-08T14:00:00Z,2026-06-08T15:23:04.470327Z,2026-06-10T03:44:43Z,5881,masters_of_the_universe_2026,195,58,30,0,649484,True
KXRT-MAS-80,KXRT-MAS,Masters of the Universe,80,greater,no,2026-05-05T14:00:00Z,2026-06-08T14:00:00Z,2026-06-08T15:23:04.470327Z,2026-06-10T03:44:43Z,10355,masters_of_the_universe_2026,195,58,30,0,649484,True
KXRT-MAS-75,KXRT-MAS,Masters of the Universe,75,greater,no,2026-05-05T14:00:00Z,2026-06-08T14:00:00Z,2026-06-08T15:23:04.470327Z,2026-06-10T03:44:43Z,18275,masters_of_the_universe_2026,195,58,30,0,649484,True
KXRT-MAS-70,KXRT-MAS,Masters of the Universe,70,greater,no,2026-05-05T14:00:00Z,2026-06-08T14:00:00Z,2026-06-08T15:23:04.470327Z,2026-06-10T03:44:43Z,18043,masters_of_the_universe_2026,195,58,30,0,649484,True
KXRT-MAS-65,KXRT-MAS,Masters of the Universe,65,greater,yes,2026-05-05T14:00:00Z,2026-06-08T14:00:00Z,2026-06-08T15:23:04.470327Z,2026-06-10T03:44:43Z,19281,masters_of_the_universe_2026,195,58,30,0,649484,True
KXRT-MAS-60,KXRT-MAS,Masters of the Universe,60,greater,yes,2026-05-05T14:00:00Z,2026-06-08T14:00:00Z,2026-06-08T15:23:04.470327Z,2026-06-10T03:44:43Z,7974,masters_of_the_universe_2026,195,58,30,0,649484,True
KXRT-MAS-55,KXRT-MAS,Masters of the Universe,55,greater,yes,2026-05-05T14:00:00Z,2026-06-08T14:00:00Z,2026-06-08T15:23:04.470327Z,2026-06-10T03:44:43Z,10979,masters_of_the_universe_2026,195,58,30,0,649484,True
KXRT-MAS-50,KXRT-MAS,Masters of the Universe,50,greater,yes,2026-05-05T14:00:00Z,2026-06-08T14:00:00Z,2026-06-08T15:23:04.470327Z,2026-06-10T03:44:43Z,10032,masters_of_the_universe_2026,195,58,30,0,649484,True
KXRT-MAS-45,KXRT-MAS,Masters of the Universe,45,greater,yes,2026-05-05T14:00:00Z,2026-06-08T14:00:00Z,2026-06-08T15:23:04.470327Z,2026-06-10T03:44:43Z,3760,masters_of_the_universe_2026,195,58,30,0,649484,True
KXRT-MAS-40,KXRT-MAS,Masters of the Universe,40,greater,yes,2026-05-05T14:00:00Z,2026-06-08T14:00:00Z,2026-06-08T15:23:04.470327Z,2026-06-10T03:44:43Z,2710,masters_of_the_universe_2026,195,58,30,0,649484,True
KXRT-MAS-35,KXRT-MAS,Masters of the Universe,35,greater,yes,2026-05-05T14:00:00Z,2026-06-08T14:00:00Z,2026-06-08T15:23:04.470327Z,2026-06-10T03:44:43Z,2955,masters_of_the_universe_2026,195,58,30,0,649484,True
KXRT-MAS-30,KXRT-MAS,Masters of the Universe,30,greater,yes,2026-05-05T14:00:00Z,2026-06-08T14:00:00Z,2026-06-08T15:23:04.470327Z,2026-06-10T03:44:43Z,3128,masters_of_the_universe_2026,195,58,30,0,649484,True
KXRT-MIC-42,KXRT-MIC,Michael,42,greater,no,2026-04-23T20:00:00Z,2026-04-27T14:00:00Z,2026-04-27T16:18:59.897135Z,2026-06-10T03:44:43Z,1376,michael,215,81,38,0,649484,True
KXRT-MIC-22,KXRT-MIC,Michael,22,greater,yes,2026-04-21T16:00:00Z,2026-04-27T14:00:00Z,2026-04-27T16:18:59.897135Z,2026-06-10T03:44:43Z,51,michael,215,81,38,0,649484,True
KXRT-MIC-20,KXRT-MIC,Michael,20,greater,yes,2026-04-21T16:00:00Z,2026-04-27T14:00:00Z,2026-04-27T16:18:59.897135Z,2026-06-10T03:44:43Z,85,michael,215,81,38,0,649484,True
KXRT-MIC-37,KXRT-MIC,Michael,37,greater,yes,2026-04-21T16:00:00Z,2026-04-27T14:00:00Z,2026-04-27T16:18:59.897135Z,2026-06-10T03:44:43Z,3670,michael,215,81,38,0,649484,True
KXRT-MIC-32,KXRT-MIC,Michael,32,greater,yes,2026-04-21T16:00:00Z,2026-04-27T14:00:00Z,2026-04-27T16:18:59.897135Z,2026-06-10T03:44:43Z,1394,michael,215,81,38,0,649484,True
KXRT-MIC-27,KXRT-MIC,Michael,27,greater,yes,2026-04-21T16:00:00Z,2026-04-27T14:00:00Z,2026-04-27T16:18:59.897135Z,2026-06-10T03:44:43Z,349,michael,215,81,38,0,649484,True
KXRT-MIC-25,KXRT-MIC,Michael,25,greater,yes,2026-04-21T16:00:00Z,2026-04-27T14:00:00Z,2026-04-27T16:18:59.897135Z,2026-06-10T03:44:43Z,211,michael,215,81,38,0,649484,True
KXRT-MIC-40,KXRT-MIC,Michael,40,greater,no,2026-04-13T18:30:00Z,2026-04-27T14:00:00Z,2026-04-27T16:18:59.897135Z,2026-06-10T03:44:43Z,5987,michael,215,81,38,0,649484,True
KXRT-MIC-35,KXRT-MIC,Michael,35,greater,yes,2026-04-13T18:30:00Z,2026-04-27T14:00:00Z,2026-04-27T16:18:59.897135Z,2026-06-10T03:44:43Z,2849,michael,215,81,38,0,649484,True
KXRT-MIC-30,KXRT-MIC,Michael,30,greater,yes,2026-04-13T18:30:00Z,2026-04-27T14:00:00Z,2026-04-27T16:18:59.897135Z,2026-06-10T03:44:43Z,1658,michael,215,81,38,0,649484,True
KXRT-MIC-95,KXRT-MIC,Michael,95,greater,no,2026-03-25T14:00:00Z,2026-04-27T14:00:00Z,2026-04-27T16:18:59.897135Z,2026-06-10T03:44:43Z,253,michael,215,81,38,0,649484,True
KXRT-MIC-90,KXRT-MIC,Michael,90,greater,no,2026-03-25T14:00:00Z,2026-04-27T14:00:00Z,2026-04-27T16:18:59.897135Z,2026-06-10T03:44:43Z,797,michael,215,81,38,0,649484,True
KXRT-MIC-85,KXRT-MIC,Michael,85,greater,no,2026-03-25T14:00:00Z,2026-04-27T14:00:00Z,2026-04-27T16:18:59.897135Z,2026-06-10T03:44:43Z,4161,michael,215,81,38,0,649484,True
KXRT-MIC-80,KXRT-MIC,Michael,80,greater,no,2026-03-25T14:00:00Z,2026-04-27T14:00:00Z,2026-04-27T16:18:59.897135Z,2026-06-10T03:44:43Z,6453,michael,215,81,38,0,649484,True
KXRT-MIC-75,KXRT-MIC,Michael,75,greater,no,2026-03-25T14:00:00Z,2026-04-27T14:00:00Z,2026-04-27T16:18:59.897135Z,2026-06-10T03:44:43Z,6622,michael,215,81,38,0,649484,True
KXRT-MIC-70,KXRT-MIC,Michael,70,greater,no,2026-03-25T14:00:00Z,2026-04-27T14:00:00Z,2026-04-27T16:18:59.897135Z,2026-06-10T03:44:43Z,10399,michael,215,81,38,0,649484,True
KXRT-MIC-65,KXRT-MIC,Michael,65,greater,no,2026-03-25T14:00:00Z,2026-04-27T14:00:00Z,2026-04-27T16:18:59.897135Z,2026-06-10T03:44:43Z,8077,michael,215,81,38,0,649484,True
KXRT-MIC-60,KXRT-MIC,Michael,60,greater,no,2026-03-25T14:00:00Z,2026-04-27T14:00:00Z,2026-04-27T16:18:59.897135Z,2026-06-10T03:44:43Z,10478,michael,215,81,38,0,649484,True
KXRT-MIC-55,KXRT-MIC,Michael,55,greater,no,2026-03-25T14:00:00Z,2026-04-27T14:00:00Z,2026-04-27T16:18:59.897135Z,2026-06-10T03:44:43Z,11184,michael,215,81,38,0,649484,True
KXRT-MIC-50,KXRT-MIC,Michael,50,greater,no,2026-03-25T14:00:00Z,2026-04-27T14:00:00Z,2026-04-27T16:18:59.897135Z,2026-06-10T03:44:43Z,10028,michael,215,81,38,0,649484,True
KXRT-MIC-45,KXRT-MIC,Michael,45,greater,no,2026-03-25T14:00:00Z,2026-04-27T14:00:00Z,2026-04-27T16:18:59.897135Z,2026-06-10T03:44:43Z,9868,michael,215,81,38,0,649484,True
KXRT-MOR-66,KXRT-MOR,Mortal Kombat II,66,greater,no,2026-05-08T18:15:00Z,2026-05-11T14:00:00Z,2026-05-11T15:14:25.927089Z,2026-06-10T03:44:43Z,842,mortal_kombat_ii,145,95,66,0,649484,True
KXRT-MOR-64,KXRT-MOR,Mortal Kombat II,64,greater,yes,2026-05-08T18:15:00Z,2026-05-11T14:00:00Z,2026-05-11T15:14:25.927089Z,2026-06-10T03:44:43Z,2455,mortal_kombat_ii,145,95,66,0,649484,True
KXRT-MOR-63,KXRT-MOR,Mortal Kombat II,63,greater,yes,2026-05-08T18:15:00Z,2026-05-11T14:00:00Z,2026-05-11T15:14:25.927089Z,2026-06-10T03:44:43Z,1690,mortal_kombat_ii,145,95,66,0,649484,True
KXRT-MOR-62,KXRT-MOR,Mortal Kombat II,62,greater,yes,2026-05-08T18:35:00Z,2026-05-11T14:00:00Z,2026-05-11T15:14:25.927089Z,2026-06-10T03:44:43Z,920,mortal_kombat_ii,145,95,66,0,649484,True
KXRT-MOR-77,KXRT-MOR,Mortal Kombat II,77,greater,no,2026-05-06T20:20:00Z,2026-05-11T14:00:00Z,2026-05-11T15:14:25.927089Z,2026-06-10T03:44:43Z,212,mortal_kombat_ii,145,95,66,0,649484,True
KXRT-MOR-72,KXRT-MOR,Mortal Kombat II,72,greater,no,2026-05-06T20:20:00Z,2026-05-11T14:00:00Z,2026-05-11T15:14:25.927089Z,2026-06-10T03:44:43Z,900,mortal_kombat_ii,145,95,66,0,649484,True
KXRT-MOR-67,KXRT-MOR,Mortal Kombat II,67,greater,no,2026-05-06T20:20:00Z,2026-05-11T14:00:00Z,2026-05-11T15:14:25.927089Z,2026-06-10T03:44:43Z,1891,mortal_kombat_ii,145,95,66,0,649484,True
KXRT-MOR-57,KXRT-MOR,Mortal Kombat II,57,greater,yes,2026-05-05T16:35:00Z,2026-05-11T14:00:00Z,2026-05-11T15:14:25.927089Z,2026-06-10T03:44:43Z,746,mortal_kombat_ii,145,95,66,0,649484,True
KXRT-MOR-53,KXRT-MOR,Mortal Kombat II,53,greater,yes,2026-05-05T16:25:00Z,2026-05-11T14:00:00Z,2026-05-11T15:14:25.927089Z,2026-06-10T03:44:43Z,231,mortal_kombat_ii,145,95,66,0,649484,True
KXRT-MOR-95,KXRT-MOR,Mortal Kombat II,95,greater,no,2026-04-07T14:00:00Z,2026-05-11T14:00:00Z,2026-05-11T15:14:25.927089Z,2026-06-10T03:44:43Z,201,mortal_kombat_ii,145,95,66,0,649484,True
KXRT-MOR-90,KXRT-MOR,Mortal Kombat II,90,greater,no,2026-04-07T14:00:00Z,2026-05-11T14:00:00Z,2026-05-11T15:14:25.927089Z,2026-06-10T03:44:43Z,238,mortal_kombat_ii,145,95,66,0,649484,True
KXRT-MOR-85,KXRT-MOR,Mortal Kombat II,85,greater,no,2026-04-07T14:00:00Z,2026-05-11T14:00:00Z,2026-05-11T15:14:25.927089Z,2026-06-10T03:44:43Z,494,mortal_kombat_ii,145,95,66,0,649484,True
KXRT-MOR-80,KXRT-MOR,Mortal Kombat II,80,greater,no,2026-04-07T14:00:00Z,2026-05-11T14:00:00Z,2026-05-11T15:14:25.927089Z,2026-06-10T03:44:43Z,787,mortal_kombat_ii,145,95,66,0,649484,True
KXRT-MOR-75,KXRT-MOR,Mortal Kombat II,75,greater,no,2026-04-07T14:00:00Z,2026-05-11T14:00:00Z,2026-05-11T15:14:25.927089Z,2026-06-10T03:44:43Z,2629,mortal_kombat_ii,145,95,66,0,649484,True
KXRT-MOR-70,KXRT-MOR,Mortal Kombat II,70,greater,no,2026-04-07T14:00:00Z,2026-05-11T14:00:00Z,2026-05-11T15:14:25.927089Z,2026-06-10T03:44:43Z,4634,mortal_kombat_ii,145,95,66,0,649484,True
KXRT-MOR-65,KXRT-MOR,Mortal Kombat II,65,greater,yes,2026-04-07T14:00:00Z,2026-05-11T14:00:00Z,2026-05-11T15:14:25.927089Z,2026-06-10T03:44:43Z,7835,mortal_kombat_ii,145,95,66,0,649484,True
KXRT-MOR-60,KXRT-MOR,Mortal Kombat II,60,greater,yes,2026-04-07T14:00:00Z,2026-05-11T14:00:00Z,2026-05-11T15:14:25.927089Z,2026-06-10T03:44:43Z,7526,mortal_kombat_ii,145,95,66,0,649484,True
KXRT-MOR-55,KXRT-MOR,Mortal Kombat II,55,greater,yes,2026-04-07T14:00:00Z,2026-05-11T14:00:00Z,2026-05-11T15:14:25.927089Z,2026-06-10T03:44:43Z,7321,mortal_kombat_ii,145,95,66,0,649484,True
KXRT-MOR-50,KXRT-MOR,Mortal Kombat II,50,greater,yes,2026-04-07T14:00:00Z,2026-05-11T14:00:00Z,2026-05-11T15:14:25.927089Z,2026-06-10T03:44:43Z,8202,mortal_kombat_ii,145,95,66,0,649484,True
KXRT-MOR-45,KXRT-MOR,Mortal Kombat II,45,greater,yes,2026-04-07T14:00:00Z,2026-05-11T14:00:00Z,2026-05-11T15:14:25.927089Z,2026-06-10T03:44:43Z,6813,mortal_kombat_ii,145,95,66,0,649484,True
KXRT-MOR-40,KXRT-MOR,Mortal Kombat II,40,greater,yes,2026-04-07T14:00:00Z,2026-05-11T14:00:00Z,2026-05-11T15:14:25.927089Z,2026-06-10T03:44:43Z,3340,mortal_kombat_ii,145,95,66,0,649484,True
KXRT-MOR-35,KXRT-MOR,Mortal Kombat II,35,greater,yes,2026-04-07T14:00:00Z,2026-05-11T14:00:00Z,2026-05-11T15:14:25.927089Z,2026-06-10T03:44:43Z,2186,mortal_kombat_ii,145,95,66,0,649484,True
KXRT-MOR-30,KXRT-MOR,Mortal Kombat II,30,greater,yes,2026-04-07T14:00:00Z,2026-05-11T14:00:00Z,2026-05-11T15:14:25.927089Z,2026-06-10T03:44:43Z,623,mortal_kombat_ii,145,95,66,0,649484,True
KXRT-MOT-72,KXRT-MOT,Mother Mary,72,greater,no,2026-04-21T17:00:00Z,2026-04-27T14:00:00Z,2026-04-27T16:19:39.564282Z,2026-06-10T03:44:43Z,1780,mother_mary,114,77,68,0,649484,True
KXRT-MOT-67,KXRT-MOT,Mother Mary,67,greater,yes,2026-04-21T17:00:00Z,2026-04-27T14:00:00Z,2026-04-27T16:19:39.564282Z,2026-06-10T03:44:43Z,2369,mother_mary,114,77,68,0,649484,True
KXRT-MOT-62,KXRT-MOT,Mother Mary,62,greater,yes,2026-04-21T17:00:00Z,2026-04-27T14:00:00Z,2026-04-27T16:19:39.564282Z,2026-06-10T03:44:43Z,247,mother_mary,114,77,68,0,649484,True
KXRT-MOT-90,KXRT-MOT,Mother Mary,90,greater,no,2026-03-18T14:00:00Z,2026-04-27T14:00:00Z,2026-04-27T16:19:39.564282Z,2026-06-10T03:44:43Z,1568,mother_mary,114,77,68,0,649484,True
KXRT-MOT-85,KXRT-MOT,Mother Mary,85,greater,no,2026-03-18T14:00:00Z,2026-04-27T14:00:00Z,2026-04-27T16:19:39.564282Z,2026-06-10T03:44:43Z,3925,mother_mary,114,77,68,0,649484,True
KXRT-MOT-80,KXRT-MOT,Mother Mary,80,greater,no,2026-03-18T14:00:00Z,2026-04-27T14:00:00Z,2026-04-27T16:19:39.564282Z,2026-06-10T03:44:43Z,5060,mother_mary,114,77,68,0,649484,True
KXRT-MOT-75,KXRT-MOT,Mother Mary,75,greater,no,2026-03-18T14:00:00Z,2026-04-27T14:00:00Z,2026-04-27T16:19:39.564282Z,2026-06-10T03:44:43Z,5574,mother_mary,114,77,68,0,649484,True
KXRT-MOT-70,KXRT-MOT,Mother Mary,70,greater,no,2026-03-18T14:00:00Z,2026-04-27T14:00:00Z,2026-04-27T16:19:39.564282Z,2026-06-10T03:44:43Z,8326,mother_mary,114,77,68,0,649484,True
KXRT-MOT-65,KXRT-MOT,Mother Mary,65,greater,yes,2026-03-18T14:00:00Z,2026-04-27T14:00:00Z,2026-04-27T16:19:39.564282Z,2026-06-10T03:44:43Z,8420,mother_mary,114,77,68,0,649484,True
KXRT-MOT-60,KXRT-MOT,Mother Mary,60,greater,yes,2026-03-18T14:00:00Z,2026-04-27T14:00:00Z,2026-04-27T16:19:39.564282Z,2026-06-10T03:44:43Z,5583,mother_mary,114,77,68,0,649484,True
KXRT-MOT-55,KXRT-MOT,Mother Mary,55,greater,yes,2026-03-18T14:00:00Z,2026-04-27T14:00:00Z,2026-04-27T16:19:39.564282Z,2026-06-10T03:44:43Z,769,mother_mary,114,77,68,0,649484,True
KXRT-MOT-50,KXRT-MOT,Mother Mary,50,greater,yes,2026-03-18T14:00:00Z,2026-04-27T14:00:00Z,2026-04-27T16:19:39.564282Z,2026-06-10T03:44:43Z,459,mother_mary,114,77,68,0,649484,True
KXRT-MOT-45,KXRT-MOT,Mother Mary,45,greater,yes,2026-03-18T14:00:00Z,2026-04-27T14:00:00Z,2026-04-27T16:19:39.564282Z,2026-06-10T03:44:43Z,409,mother_mary,114,77,68,0,649484,True
KXRT-OBS-91,KXRT-OBS,Obsession,91,greater,yes,2026-05-13T18:00:00Z,2026-05-18T14:00:00Z,2026-05-18T15:33:41.576074Z,2026-06-10T03:44:43Z,752,obsession_2025,163,153,94,0,649484,True
KXRT-OBS-96,KXRT-OBS,Obsession,96,greater,no,2026-05-13T17:00:00Z,2026-05-18T14:00:00Z,2026-05-18T15:33:41.576074Z,2026-06-10T03:44:43Z,467,obsession_2025,163,153,94,0,649484,True
KXRT-OBS-94,KXRT-OBS,Obsession,94,greater,no,2026-05-13T17:00:00Z,2026-05-18T14:00:00Z,2026-05-18T15:33:41.576074Z,2026-06-10T03:44:43Z,3922,obsession_2025,163,153,94,0,649484,True
KXRT-OBS-93,KXRT-OBS,Obsession,93,greater,yes,2026-05-13T17:00:00Z,2026-05-18T14:00:00Z,2026-05-18T15:33:41.576074Z,2026-06-10T03:44:43Z,2390,obsession_2025,163,153,94,0,649484,True
KXRT-OBS-97,KXRT-OBS,Obsession,97,greater,no,2026-05-11T16:00:00Z,2026-05-18T14:00:00Z,2026-05-18T15:33:41.576074Z,2026-06-10T03:44:43Z,561,obsession_2025,163,153,94,0,649484,True
KXRT-OBS-95,KXRT-OBS,Obsession,95,greater,no,2026-05-11T16:00:00Z,2026-05-18T14:00:00Z,2026-05-18T15:33:41.576074Z,2026-06-10T03:44:43Z,2061,obsession_2025,163,153,94,0,649484,True
KXRT-OBS-92,KXRT-OBS,Obsession,92,greater,yes,2026-05-11T16:00:00Z,2026-05-18T14:00:00Z,2026-05-18T15:33:41.576074Z,2026-06-10T03:44:43Z,2786,obsession_2025,163,153,94,0,649484,True
KXRT-OBS-90,KXRT-OBS,Obsession,90,greater,yes,2026-05-11T16:00:00Z,2026-05-18T14:00:00Z,2026-05-18T15:33:41.576074Z,2026-06-10T03:44:43Z,1100,obsession_2025,163,153,94,0,649484,True
KXRT-OBS-87,KXRT-OBS,Obsession,87,greater,yes,2026-05-11T16:00:00Z,2026-05-18T14:00:00Z,2026-05-18T15:33:41.576074Z,2026-06-10T03:44:43Z,465,obsession_2025,163,153,94,0,649484,True
KXRT-OBS-85,KXRT-OBS,Obsession,85,greater,yes,2026-05-11T16:00:00Z,2026-05-18T14:00:00Z,2026-05-18T15:33:41.576074Z,2026-06-10T03:44:43Z,466,obsession_2025,163,153,94,0,649484,True
KXRT-OBS-80,KXRT-OBS,Obsession,80,greater,yes,2026-05-11T16:00:00Z,2026-05-18T14:00:00Z,2026-05-18T15:33:41.576074Z,2026-06-10T03:44:43Z,311,obsession_2025,163,153,94,0,649484,True
KXRT-OBS-75,KXRT-OBS,Obsession,75,greater,yes,2026-05-11T16:00:00Z,2026-05-18T14:00:00Z,2026-05-18T15:33:41.576074Z,2026-06-10T03:44:43Z,337,obsession_2025,163,153,94,0,649484,True
KXRT-POW-87,KXRT-POW,Power Ballad,87,greater,no,2026-06-03T03:00:00Z,2026-06-08T14:00:00Z,2026-06-08T15:20:34.452483Z,2026-06-10T03:44:43Z,703,power_ballad,127,73,57,0,649484,True
KXRT-POW-83,KXRT-POW,Power Ballad,83,greater,yes,2026-06-03T03:00:00Z,2026-06-08T14:00:00Z,2026-06-08T15:20:34.452483Z,2026-06-10T03:44:43Z,1268,power_ballad,127,73,57,0,649484,True
KXRT-POW-95,KXRT-POW,Power Ballad,95,greater,no,2026-05-05T14:00:00Z,2026-06-08T14:00:00Z,2026-06-08T15:20:34.452483Z,2026-06-10T03:44:43Z,2206,power_ballad,127,73,57,0,649484,True
KXRT-POW-90,KXRT-POW,Power Ballad,90,greater,no,2026-05-05T14:00:00Z,2026-06-08T14:00:00Z,2026-06-08T15:20:34.452483Z,2026-06-10T03:44:43Z,2985,power_ballad,127,73,57,0,649484,True
KXRT-POW-85,KXRT-POW,Power Ballad,85,greater,yes,2026-05-05T14:00:00Z,2026-06-08T14:00:00Z,2026-06-08T15:20:34.452483Z,2026-06-10T03:44:43Z,17659,power_ballad,127,73,57,0,649484,True
KXRT-POW-80,KXRT-POW,Power Ballad,80,greater,yes,2026-05-05T14:00:00Z,2026-06-08T14:00:00Z,2026-06-08T15:20:34.452483Z,2026-06-10T03:44:43Z,6565,power_ballad,127,73,57,0,649484,True
KXRT-POW-75,KXRT-POW,Power Ballad,75,greater,yes,2026-05-05T14:00:00Z,2026-06-08T14:00:00Z,2026-06-08T15:20:34.452483Z,2026-06-10T03:44:43Z,4881,power_ballad,127,73,57,0,649484,True
KXRT-POW-70,KXRT-POW,Power Ballad,70,greater,yes,2026-05-05T14:00:00Z,2026-06-08T14:00:00Z,2026-06-08T15:20:34.452483Z,2026-06-10T03:44:43Z,713,power_ballad,127,73,57,0,649484,True
KXRT-POW-65,KXRT-POW,Power Ballad,65,greater,yes,2026-05-05T14:00:00Z,2026-06-08T14:00:00Z,2026-06-08T15:20:34.452483Z,2026-06-10T03:44:43Z,667,power_ballad,127,73,57,0,649484,True
KXRT-POW-60,KXRT-POW,Power Ballad,60,greater,yes,2026-05-05T14:00:00Z,2026-06-08T14:00:00Z,2026-06-08T15:20:34.452483Z,2026-06-10T03:44:43Z,859,power_ballad,127,73,57,0,649484,True
KXRT-POW-55,KXRT-POW,Power Ballad,55,greater,yes,2026-05-05T14:00:00Z,2026-06-08T14:00:00Z,2026-06-08T15:20:34.452483Z,2026-06-10T03:44:43Z,1841,power_ballad,127,73,57,0,649484,True
KXRT-POW-50,KXRT-POW,Power Ballad,50,greater,yes,2026-05-05T14:00:00Z,2026-06-08T14:00:00Z,2026-06-08T15:20:34.452483Z,2026-06-10T03:44:43Z,2529,power_ballad,127,73,57,0,649484,True
KXRT-POW-45,KXRT-POW,Power Ballad,45,greater,yes,2026-05-05T14:00:00Z,2026-06-08T14:00:00Z,2026-06-08T15:20:34.452483Z,2026-06-10T03:44:43Z,2332,power_ballad,127,73,57,0,649484,True
KXRT-POW-40,KXRT-POW,Power Ballad,40,greater,yes,2026-05-05T14:00:00Z,2026-06-08T14:00:00Z,2026-06-08T15:20:34.452483Z,2026-06-10T03:44:43Z,1058,power_ballad,127,73,57,0,649484,True
KXRT-POW-35,KXRT-POW,Power Ballad,35,greater,yes,2026-05-05T14:00:00Z,2026-06-08T14:00:00Z,2026-06-08T15:20:34.452483Z,2026-06-10T03:44:43Z,2433,power_ballad,127,73,57,0,649484,True
KXRT-POW-30,KXRT-POW,Power Ballad,30,greater,yes,2026-05-05T14:00:00Z,2026-06-08T14:00:00Z,2026-06-08T15:20:34.452483Z,2026-06-10T03:44:43Z,2323,power_ballad,127,73,57,0,649484,True
KXRT-PRE-83,KXRT-PRE,Pressure,83,greater,yes,2026-05-29T20:20:00Z,2026-06-01T14:00:00Z,2026-06-01T15:11:00.615476Z,2026-06-10T03:44:43Z,965,pressure_2026,113,98,87,0,649484,True
KXRT-PRE-81,KXRT-PRE,Pressure,81,greater,yes,2026-05-29T20:25:00Z,2026-06-01T14:00:00Z,2026-06-01T15:11:00.615476Z,2026-06-10T03:44:43Z,861,pressure_2026,113,98,87,0,649484,True
KXRT-PRE-86,KXRT-PRE,Pressure,86,greater,yes,2026-05-28T02:00:00Z,2026-06-01T14:00:00Z,2026-06-01T15:11:00.615476Z,2026-06-10T03:44:43Z,3647,pressure_2026,113,98,87,0,649484,True
KXRT-PRE-77,KXRT-PRE,Pressure,77,greater,yes,2026-05-28T02:00:00Z,2026-06-01T14:00:00Z,2026-06-01T15:11:00.615476Z,2026-06-10T03:44:43Z,1500,pressure_2026,113,98,87,0,649484,True
KXRT-PRE-84,KXRT-PRE,Pressure,84,greater,yes,2026-05-28T02:00:00Z,2026-06-01T14:00:00Z,2026-06-01T15:11:00.615476Z,2026-06-10T03:44:43Z,3117,pressure_2026,113,98,87,0,649484,True
KXRT-PRE-87,KXRT-PRE,Pressure,87,greater,no,2026-05-28T02:00:00Z,2026-06-01T14:00:00Z,2026-06-01T15:11:00.615476Z,2026-06-10T03:44:43Z,1974,pressure_2026,113,98,87,0,649484,True
KXRT-PRE-82,KXRT-PRE,Pressure,82,greater,yes,2026-05-28T02:00:00Z,2026-06-01T14:00:00Z,2026-06-01T15:11:00.615476Z,2026-06-10T03:44:43Z,2310,pressure_2026,113,98,87,0,649484,True
KXRT-PRE-95,KXRT-PRE,Pressure,95,greater,no,2026-04-24T14:00:00Z,2026-06-01T14:00:00Z,2026-06-01T15:11:00.615476Z,2026-06-10T03:44:43Z,423,pressure_2026,113,98,87,0,649484,True
KXRT-PRE-90,KXRT-PRE,Pressure,90,greater,no,2026-04-24T14:00:00Z,2026-06-01T14:00:00Z,2026-06-01T15:11:00.615476Z,2026-06-10T03:44:43Z,1926,pressure_2026,113,98,87,0,649484,True
KXRT-PRE-85,KXRT-PRE,Pressure,85,greater,yes,2026-04-24T14:00:00Z,2026-06-01T14:00:00Z,2026-06-01T15:11:00.615476Z,2026-06-10T03:44:43Z,5318,pressure_2026,113,98,87,0,649484,True
KXRT-PRE-80,KXRT-PRE,Pressure,80,greater,yes,2026-04-24T14:00:00Z,2026-06-01T14:00:00Z,2026-06-01T15:11:00.615476Z,2026-06-10T03:44:43Z,6663,pressure_2026,113,98,87,0,649484,True
KXRT-PRE-75,KXRT-PRE,Pressure,75,greater,yes,2026-04-24T14:00:00Z,2026-06-01T14:00:00Z,2026-06-01T15:11:00.615476Z,2026-06-10T03:44:43Z,7524,pressure_2026,113,98,87,0,649484,True
KXRT-PRE-70,KXRT-PRE,Pressure,70,greater,yes,2026-04-24T14:00:00Z,2026-06-01T14:00:00Z,2026-06-01T15:11:00.615476Z,2026-06-10T03:44:43Z,3189,pressure_2026,113,98,87,0,649484,True
KXRT-PRE-65,KXRT-PRE,Pressure,65,greater,yes,2026-04-24T14:00:00Z,2026-06-01T14:00:00Z,2026-06-01T15:11:00.615476Z,2026-06-10T03:44:43Z,3118,pressure_2026,113,98,87,0,649484,True
KXRT-PRE-60,KXRT-PRE,Pressure,60,greater,yes,2026-04-24T14:00:00Z,2026-06-01T14:00:00Z,2026-06-01T15:11:00.615476Z,2026-06-10T03:44:43Z,2016,pressure_2026,113,98,87,0,649484,True
KXRT-PRE-55,KXRT-PRE,Pressure,55,greater,yes,2026-04-24T14:00:00Z,2026-06-01T14:00:00Z,2026-06-01T15:11:00.615476Z,2026-06-10T03:44:43Z,1504,pressure_2026,113,98,87,0,649484,True
KXRT-PRE-50,KXRT-PRE,Pressure,50,greater,yes,2026-04-24T14:00:00Z,2026-06-01T14:00:00Z,2026-06-01T15:11:00.615476Z,2026-06-10T03:44:43Z,1193,pressure_2026,113,98,87,0,649484,True
KXRT-PRE-45,KXRT-PRE,Pressure,45,greater,yes,2026-04-24T14:00:00Z,2026-06-01T14:00:00Z,2026-06-01T15:11:00.615476Z,2026-06-10T03:44:43Z,119,pressure_2026,113,98,87,0,649484,True
KXRT-PRE-40,KXRT-PRE,Pressure,40,greater,yes,2026-04-24T14:00:00Z,2026-06-01T14:00:00Z,2026-06-01T15:11:00.615476Z,2026-06-10T03:44:43Z,107,pressure_2026,113,98,87,0,649484,True
KXRT-PRE-35,KXRT-PRE,Pressure,35,greater,yes,2026-04-24T14:00:00Z,2026-06-01T14:00:00Z,2026-06-01T15:11:00.615476Z,2026-06-10T03:44:43Z,280,pressure_2026,113,98,87,0,649484,True
KXRT-PRE-30,KXRT-PRE,Pressure,30,greater,yes,2026-04-24T14:00:00Z,2026-06-01T14:00:00Z,2026-06-01T15:11:00.615476Z,2026-06-10T03:44:43Z,319,pressure_2026,113,98,87,0,649484,True
KXRT-SCA-34,KXRT-SCA,Scary Movie,34,greater,no,2026-06-05T02:00:00Z,2026-06-08T14:00:00Z,2026-06-08T15:21:14.479421Z,2026-06-10T03:44:43Z,319,scary_movie_2026,99,0,0,0,649484,True
KXRT-SCA-33,KXRT-SCA,Scary Movie,33,greater,no,2026-06-05T02:00:00Z,2026-06-08T14:00:00Z,2026-06-08T15:21:14.479421Z,2026-06-10T03:44:43Z,471,scary_movie_2026,99,0,0,0,649484,True
KXRT-SCA-32,KXRT-SCA,Scary Movie,32,greater,no,2026-06-05T02:00:00Z,2026-06-08T14:00:00Z,2026-06-08T15:21:14.479421Z,2026-06-10T03:44:43Z,937,scary_movie_2026,99,0,0,0,649484,True
KXRT-SCA-27,KXRT-SCA,Scary Movie,27,greater,no,2026-06-05T02:00:00Z,2026-06-08T14:00:00Z,2026-06-08T15:21:14.479421Z,2026-06-10T03:44:43Z,2828,scary_movie_2026,99,0,0,0,649484,True
KXRT-SCA-22,KXRT-SCA,Scary Movie,22,greater,yes,2026-06-05T02:00:00Z,2026-06-08T14:00:00Z,2026-06-08T15:21:14.479421Z,2026-06-10T03:44:43Z,832,scary_movie_2026,99,0,0,0,649484,True
KXRT-SCA-17,KXRT-SCA,Scary Movie,17,greater,yes,2026-06-05T02:00:00Z,2026-06-08T14:00:00Z,2026-06-08T15:21:14.479421Z,2026-06-10T03:44:43Z,268,scary_movie_2026,99,0,0,0,649484,True
KXRT-SCA-10,KXRT-SCA,Scary Movie,10,greater,yes,2026-05-08T18:10:00Z,2026-06-08T14:00:00Z,2026-06-08T15:21:14.479421Z,2026-06-10T03:44:43Z,796,scary_movie_2026,99,0,0,0,649484,True
KXRT-SCA-25,KXRT-SCA,Scary Movie,25,greater,no,2026-05-07T16:00:00Z,2026-06-08T14:00:00Z,2026-06-08T15:21:14.479421Z,2026-06-10T03:44:43Z,13551,scary_movie_2026,99,0,0,0,649484,True
KXRT-SCA-20,KXRT-SCA,Scary Movie,20,greater,yes,2026-05-07T16:00:00Z,2026-06-08T14:00:00Z,2026-06-08T15:21:14.479421Z,2026-06-10T03:44:43Z,8009,scary_movie_2026,99,0,0,0,649484,True
KXRT-SCA-15,KXRT-SCA,Scary Movie,15,greater,yes,2026-05-07T16:00:00Z,2026-06-08T14:00:00Z,2026-06-08T15:21:14.479421Z,2026-06-10T03:44:43Z,6311,scary_movie_2026,99,0,0,0,649484,True
KXRT-SCA-95,KXRT-SCA,Scary Movie,95,greater,no,2026-05-05T14:00:00Z,2026-06-08T14:00:00Z,2026-06-08T15:21:14.479421Z,2026-06-10T03:44:43Z,1736,scary_movie_2026,99,0,0,0,649484,True
KXRT-SCA-90,KXRT-SCA,Scary Movie,90,greater,no,2026-05-05T14:00:00Z,2026-06-08T14:00:00Z,2026-06-08T15:21:14.479421Z,2026-06-10T03:44:43Z,1106,scary_movie_2026,99,0,0,0,649484,True
KXRT-SCA-85,KXRT-SCA,Scary Movie,85,greater,no,2026-05-05T14:00:00Z,2026-06-08T14:00:00Z,2026-06-08T15:21:14.479421Z,2026-06-10T03:44:43Z,1724,scary_movie_2026,99,0,0,0,649484,True
KXRT-SCA-80,KXRT-SCA,Scary Movie,80,greater,no,2026-05-05T14:00:00Z,2026-06-08T14:00:00Z,2026-06-08T15:21:14.479421Z,2026-06-10T03:44:43Z,1303,scary_movie_2026,99,0,0,0,649484,True
KXRT-SCA-75,KXRT-SCA,Scary Movie,75,greater,no,2026-05-05T14:00:00Z,2026-06-08T14:00:00Z,2026-06-08T15:21:14.479421Z,2026-06-10T03:44:43Z,3222,scary_movie_2026,99,0,0,0,649484,True
KXRT-SCA-70,KXRT-SCA,Scary Movie,70,greater,no,2026-05-05T14:00:00Z,2026-06-08T14:00:00Z,2026-06-08T15:21:14.479421Z,2026-06-10T03:44:43Z,6272,scary_movie_2026,99,0,0,0,649484,True
KXRT-SCA-65,KXRT-SCA,Scary Movie,65,greater,no,2026-05-05T14:00:00Z,2026-06-08T14:00:00Z,2026-06-08T15:21:14.479421Z,2026-06-10T03:44:43Z,5041,scary_movie_2026,99,0,0,0,649484,True
KXRT-SCA-60,KXRT-SCA,Scary Movie,60,greater,no,2026-05-05T14:00:00Z,2026-06-08T14:00:00Z,2026-06-08T15:21:14.479421Z,2026-06-10T03:44:43Z,11487,scary_movie_2026,99,0,0,0,649484,True
KXRT-SCA-55,KXRT-SCA,Scary Movie,55,greater,no,2026-05-05T14:00:00Z,2026-06-08T14:00:00Z,2026-06-08T15:21:14.479421Z,2026-06-10T03:44:43Z,11207,scary_movie_2026,99,0,0,0,649484,True
KXRT-SCA-50,KXRT-SCA,Scary Movie,50,greater,no,2026-05-05T14:00:00Z,2026-06-08T14:00:00Z,2026-06-08T15:21:14.479421Z,2026-06-10T03:44:43Z,8170,scary_movie_2026,99,0,0,0,649484,True
KXRT-SCA-45,KXRT-SCA,Scary Movie,45,greater,no,2026-05-05T14:00:00Z,2026-06-08T14:00:00Z,2026-06-08T15:21:14.479421Z,2026-06-10T03:44:43Z,7957,scary_movie_2026,99,0,0,0,649484,True
KXRT-SCA-40,KXRT-SCA,Scary Movie,40,greater,no,2026-05-05T14:00:00Z,2026-06-08T14:00:00Z,2026-06-08T15:21:14.479421Z,2026-06-10T03:44:43Z,14265,scary_movie_2026,99,0,0,0,649484,True
KXRT-SCA-35,KXRT-SCA,Scary Movie,35,greater,no,2026-05-05T14:00:00Z,2026-06-08T14:00:00Z,2026-06-08T15:21:14.479421Z,2026-06-10T03:44:43Z,12533,scary_movie_2026,99,0,0,0,649484,True
KXRT-SCA-30,KXRT-SCA,Scary Movie,30,greater,no,2026-05-05T14:00:00Z,2026-06-08T14:00:00Z,2026-06-08T15:21:14.479421Z,2026-06-10T03:44:43Z,19743,scary_movie_2026,99,0,0,0,649484,True
KXRT-SHEE-97,KXRT-SHEE,The Sheep Detectives,97,greater,no,2026-05-06T19:00:00Z,2026-05-11T14:00:00Z,2026-05-11T15:15:05.858109Z,2026-06-10T03:44:43Z,202,the_sheep_detectives,135,126,93,0,649484,True
KXRT-SHEE-96,KXRT-SHEE,The Sheep Detectives,96,greater,no,2026-05-06T19:00:00Z,2026-05-11T14:00:00Z,2026-05-11T15:15:05.858109Z,2026-06-10T03:44:43Z,446,the_sheep_detectives,135,126,93,0,649484,True
KXRT-SHEE-94,KXRT-SHEE,The Sheep Detectives,94,greater,no,2026-05-06T19:00:00Z,2026-05-11T14:00:00Z,2026-05-11T15:15:05.858109Z,2026-06-10T03:44:43Z,1387,the_sheep_detectives,135,126,93,0,649484,True
KXRT-SHEE-93,KXRT-SHEE,The Sheep Detectives,93,greater,no,2026-05-06T19:00:00Z,2026-05-11T14:00:00Z,2026-05-11T15:15:05.858109Z,2026-06-10T03:44:43Z,3435,the_sheep_detectives,135,126,93,0,649484,True
KXRT-SHEE-92,KXRT-SHEE,The Sheep Detectives,92,greater,yes,2026-04-28T00:00:00Z,2026-05-11T14:00:00Z,2026-05-11T15:15:05.858109Z,2026-06-10T03:44:43Z,8156,the_sheep_detectives,135,126,93,0,649484,True
KXRT-SHEE-82,KXRT-SHEE,The Sheep Detectives,82,greater,yes,2026-04-28T00:00:00Z,2026-05-11T14:00:00Z,2026-05-11T15:15:05.858109Z,2026-06-10T03:44:43Z,674,the_sheep_detectives,135,126,93,0,649484,True
KXRT-SHEE-87,KXRT-SHEE,The Sheep Detectives,87,greater,yes,2026-04-27T23:00:00Z,2026-05-11T14:00:00Z,2026-05-11T15:15:05.858109Z,2026-06-10T03:44:43Z,6648,the_sheep_detectives,135,126,93,0,649484,True
KXRT-SHEE-95,KXRT-SHEE,The Sheep Detectives,95,greater,no,2026-04-17T14:00:00Z,2026-05-11T14:00:00Z,2026-05-11T15:15:05.858109Z,2026-06-10T03:44:43Z,5284,the_sheep_detectives,135,126,93,0,649484,True
KXRT-SHEE-90,KXRT-SHEE,The Sheep Detectives,90,greater,yes,2026-04-17T14:00:00Z,2026-05-11T14:00:00Z,2026-05-11T15:15:05.858109Z,2026-06-10T03:44:43Z,10646,the_sheep_detectives,135,126,93,0,649484,True
KXRT-SHEE-85,KXRT-SHEE,The Sheep Detectives,85,greater,yes,2026-04-17T14:00:00Z,2026-05-11T14:00:00Z,2026-05-11T15:15:05.858109Z,2026-06-10T03:44:43Z,9973,the_sheep_detectives,135,126,93,0,649484,True
KXRT-SHEE-80,KXRT-SHEE,The Sheep Detectives,80,greater,yes,2026-04-17T14:00:00Z,2026-05-11T14:00:00Z,2026-05-11T15:15:05.858109Z,2026-06-10T03:44:43Z,4086,the_sheep_detectives,135,126,93,0,649484,True
KXRT-SHEE-75,KXRT-SHEE,The Sheep Detectives,75,greater,yes,2026-04-17T14:00:00Z,2026-05-11T14:00:00Z,2026-05-11T15:15:05.858109Z,2026-06-10T03:44:43Z,7195,the_sheep_detectives,135,126,93,0,649484,True
KXRT-SHEE-70,KXRT-SHEE,The Sheep Detectives,70,greater,yes,2026-04-17T14:00:00Z,2026-05-11T14:00:00Z,2026-05-11T15:15:05.858109Z,2026-06-10T03:44:43Z,416,the_sheep_detectives,135,126,93,0,649484,True
KXRT-SHEE-65,KXRT-SHEE,The Sheep Detectives,65,greater,yes,2026-04-17T14:00:00Z,2026-05-11T14:00:00Z,2026-05-11T15:15:05.858109Z,2026-06-10T03:44:43Z,2467,the_sheep_detectives,135,126,93,0,649484,True
KXRT-SHEE-60,KXRT-SHEE,The Sheep Detectives,60,greater,yes,2026-04-17T14:00:00Z,2026-05-11T14:00:00Z,2026-05-11T15:15:05.858109Z,2026-06-10T03:44:43Z,899,the_sheep_detectives,135,126,93,0,649484,True
KXRT-SHEE-55,KXRT-SHEE,The Sheep Detectives,55,greater,yes,2026-04-17T14:00:00Z,2026-05-11T14:00:00Z,2026-05-11T15:15:05.858109Z,2026-06-10T03:44:43Z,418,the_sheep_detectives,135,126,93,0,649484,True
KXRT-SHEE-50,KXRT-SHEE,The Sheep Detectives,50,greater,yes,2026-04-17T14:00:00Z,2026-05-11T14:00:00Z,2026-05-11T15:15:05.858109Z,2026-06-10T03:44:43Z,184,the_sheep_detectives,135,126,93,0,649484,True
KXRT-SHEE-45,KXRT-SHEE,The Sheep Detectives,45,greater,yes,2026-04-17T14:00:00Z,2026-05-11T14:00:00Z,2026-05-11T15:15:05.858109Z,2026-06-10T03:44:43Z,181,the_sheep_detectives,135,126,93,0,649484,True
KXRT-SHEE-40,KXRT-SHEE,The Sheep Detectives,40,greater,yes,2026-04-17T14:00:00Z,2026-05-11T14:00:00Z,2026-05-11T15:15:05.858109Z,2026-06-10T03:44:43Z,105,the_sheep_detectives,135,126,93,0,649484,True
KXRT-SHEE-35,KXRT-SHEE,The Sheep Detectives,35,greater,yes,2026-04-17T14:00:00Z,2026-05-11T14:00:00Z,2026-05-11T15:15:05.858109Z,2026-06-10T03:44:43Z,111,the_sheep_detectives,135,126,93,0,649484,True
KXRT-SHEE-30,KXRT-SHEE,The Sheep Detectives,30,greater,yes,2026-04-17T14:00:00Z,2026-05-11T14:00:00Z,2026-05-11T15:15:05.858109Z,2026-06-10T03:44:43Z,105,the_sheep_detectives,135,126,93,0,649484,True
KXRT-STA-64,KXRT-STA,Star Wars: The Mandalorian and Grogu,64,greater,no,2026-05-22T18:00:00Z,2026-05-25T14:00:00Z,2026-05-25T15:20:21.577977Z,2026-06-10T03:44:43Z,1177,star_wars_the_mandalorian_and_grogu,247,153,62,1,649484,True
KXRT-STA-63,KXRT-STA,Star Wars: The Mandalorian and Grogu,63,greater,no,2026-05-22T18:00:00Z,2026-05-25T14:00:00Z,2026-05-25T15:20:21.577977Z,2026-06-10T03:44:43Z,1857,star_wars_the_mandalorian_and_grogu,247,153,62,1,649484,True
KXRT-STA-61,KXRT-STA,Star Wars: The Mandalorian and Grogu,61,greater,yes,2026-05-22T18:00:00Z,2026-05-25T14:00:00Z,2026-05-25T15:20:21.577977Z,2026-06-10T03:44:43Z,1207,star_wars_the_mandalorian_and_grogu,247,153,62,1,649484,True
KXRT-STA-59,KXRT-STA,Star Wars: The Mandalorian and Grogu,59,greater,yes,2026-05-19T19:00:00Z,2026-05-25T14:00:00Z,2026-05-25T15:20:21.577977Z,2026-06-10T03:44:43Z,2482,star_wars_the_mandalorian_and_grogu,247,153,62,1,649484,True
KXRT-STA-58,KXRT-STA,Star Wars: The Mandalorian and Grogu,58,greater,yes,2026-05-19T19:00:00Z,2026-05-25T14:00:00Z,2026-05-25T15:20:21.577977Z,2026-06-10T03:44:43Z,1541,star_wars_the_mandalorian_and_grogu,247,153,62,1,649484,True
KXRT-STA-56,KXRT-STA,Star Wars: The Mandalorian and Grogu,56,greater,yes,2026-05-19T19:00:00Z,2026-05-25T14:00:00Z,2026-05-25T15:20:21.577977Z,2026-06-10T03:44:43Z,1864,star_wars_the_mandalorian_and_grogu,247,153,62,1,649484,True
KXRT-STA-62,KXRT-STA,Star Wars: The Mandalorian and Grogu,62,greater,no,2026-05-19T19:00:00Z,2026-05-25T14:00:00Z,2026-05-25T15:20:21.577977Z,2026-06-10T03:44:43Z,4851,star_wars_the_mandalorian_and_grogu,247,153,62,1,649484,True
KXRT-STA-47,KXRT-STA,Star Wars: The Mandalorian and Grogu,47,greater,yes,2026-05-19T19:00:00Z,2026-05-25T14:00:00Z,2026-05-25T15:20:21.577977Z,2026-06-10T03:44:43Z,87,star_wars_the_mandalorian_and_grogu,247,153,62,1,649484,True
KXRT-STA-57,KXRT-STA,Star Wars: The Mandalorian and Grogu,57,greater,yes,2026-05-19T15:00:00Z,2026-05-25T14:00:00Z,2026-05-25T15:20:21.577977Z,2026-06-10T03:44:43Z,1805,star_wars_the_mandalorian_and_grogu,247,153,62,1,649484,True
KXRT-STA-52,KXRT-STA,Star Wars: The Mandalorian and Grogu,52,greater,yes,2026-05-19T15:00:00Z,2026-05-25T14:00:00Z,2026-05-25T15:20:21.577977Z,2026-06-10T03:44:43Z,241,star_wars_the_mandalorian_and_grogu,247,153,62,1,649484,True
KXRT-STA-95,KXRT-STA,Star Wars: The Mandalorian and Grogu,95,greater,no,2026-04-17T14:00:00Z,2026-05-25T14:00:00Z,2026-05-25T15:20:21.577977Z,2026-06-10T03:44:43Z,211,star_wars_the_mandalorian_and_grogu,247,153,62,1,649484,True
KXRT-STA-90,KXRT-STA,Star Wars: The Mandalorian and Grogu,90,greater,no,2026-04-17T14:00:00Z,2026-05-25T14:00:00Z,2026-05-25T15:20:21.577977Z,2026-06-10T03:44:43Z,1213,star_wars_the_mandalorian_and_grogu,247,153,62,1,649484,True
KXRT-STA-85,KXRT-STA,Star Wars: The Mandalorian and Grogu,85,greater,no,2026-04-17T14:00:00Z,2026-05-25T14:00:00Z,2026-05-25T15:20:21.577977Z,2026-06-10T03:44:43Z,3239,star_wars_the_mandalorian_and_grogu,247,153,62,1,649484,True
KXRT-STA-80,KXRT-STA,Star Wars: The Mandalorian and Grogu,80,greater,no,2026-04-17T14:00:00Z,2026-05-25T14:00:00Z,2026-05-25T15:20:21.577977Z,2026-06-10T03:44:43Z,9722,star_wars_the_mandalorian_and_grogu,247,153,62,1,649484,True
KXRT-STA-75,KXRT-STA,Star Wars: The Mandalorian and Grogu,75,greater,no,2026-04-17T14:00:00Z,2026-05-25T14:00:00Z,2026-05-25T15:20:21.577977Z,2026-06-10T03:44:43Z,10748,star_wars_the_mandalorian_and_grogu,247,153,62,1,649484,True
KXRT-STA-70,KXRT-STA,Star Wars: The Mandalorian and Grogu,70,greater,no,2026-04-17T14:00:00Z,2026-05-25T14:00:00Z,2026-05-25T15:20:21.577977Z,2026-06-10T03:44:43Z,8120,star_wars_the_mandalorian_and_grogu,247,153,62,1,649484,True
KXRT-STA-65,KXRT-STA,Star Wars: The Mandalorian and Grogu,65,greater,no,2026-04-17T14:00:00Z,2026-05-25T14:00:00Z,2026-05-25T15:20:21.577977Z,2026-06-10T03:44:43Z,7198,star_wars_the_mandalorian_and_grogu,247,153,62,1,649484,True
KXRT-STA-60,KXRT-STA,Star Wars: The Mandalorian and Grogu,60,greater,yes,2026-04-17T14:00:00Z,2026-05-25T14:00:00Z,2026-05-25T15:20:21.577977Z,2026-06-10T03:44:43Z,11446,star_wars_the_mandalorian_and_grogu,247,153,62,1,649484,True
KXRT-STA-55,KXRT-STA,Star Wars: The Mandalorian and Grogu,55,greater,yes,2026-04-17T14:00:00Z,2026-05-25T14:00:00Z,2026-05-25T15:20:21.577977Z,2026-06-10T03:44:43Z,3937,star_wars_the_mandalorian_and_grogu,247,153,62,1,649484,True
KXRT-STA-50,KXRT-STA,Star Wars: The Mandalorian and Grogu,50,greater,yes,2026-04-17T14:00:00Z,2026-05-25T14:00:00Z,2026-05-25T15:20:21.577977Z,2026-06-10T03:44:43Z,2435,star_wars_the_mandalorian_and_grogu,247,153,62,1,649484,True
KXRT-STA-45,KXRT-STA,Star Wars: The Mandalorian and Grogu,45,greater,yes,2026-04-17T14:00:00Z,2026-05-25T14:00:00Z,2026-05-25T15:20:21.577977Z,2026-06-10T03:44:43Z,3218,star_wars_the_mandalorian_and_grogu,247,153,62,1,649484,True
KXRT-STA-40,KXRT-STA,Star Wars: The Mandalorian and Grogu,40,greater,yes,2026-04-17T14:00:00Z,2026-05-25T14:00:00Z,2026-05-25T15:20:21.577977Z,2026-06-10T03:44:43Z,1351,star_wars_the_mandalorian_and_grogu,247,153,62,1,649484,True
KXRT-STA-35,KXRT-STA,Star Wars: The Mandalorian and Grogu,35,greater,yes,2026-04-17T14:00:00Z,2026-05-25T14:00:00Z,2026-05-25T15:20:21.577977Z,2026-06-10T03:44:43Z,485,star_wars_the_mandalorian_and_grogu,247,153,62,1,649484,True
KXRT-STA-30,KXRT-STA,Star Wars: The Mandalorian and Grogu,30,greater,yes,2026-04-17T14:00:00Z,2026-05-25T14:00:00Z,2026-05-25T15:20:21.577977Z,2026-06-10T03:44:43Z,493,star_wars_the_mandalorian_and_grogu,247,153,62,1,649484,True
KXRT-SUP-37,KXRT-SUP,The Super Mario Galaxy Movie,37,greater,yes,2026-04-02T17:00:00Z,2026-04-06T14:00:00Z,2026-04-06T15:24:33.734123Z,2026-06-10T03:44:43Z,1333,the_super_mario_galaxy_movie,174,72,41,0,649484,True
KXRT-SUP-32,KXRT-SUP,The Super Mario Galaxy Movie,32,greater,yes,2026-04-02T17:00:00Z,2026-04-06T14:00:00Z,2026-04-06T15:24:33.734123Z,2026-06-10T03:44:43Z,824,the_super_mario_galaxy_movie,174,72,41,0,649484,True
KXRT-SUP-35,KXRT-SUP,The Super Mario Galaxy Movie,35,greater,yes,2026-03-31T20:00:00Z,2026-04-06T14:00:00Z,2026-04-06T15:24:33.734123Z,2026-06-10T03:44:43Z,1462,the_super_mario_galaxy_movie,174,72,41,0,649484,True
KXRT-SUP-47,KXRT-SUP,The Super Mario Galaxy Movie,47,greater,no,2026-03-31T20:00:00Z,2026-04-06T14:00:00Z,2026-04-06T15:24:33.734123Z,2026-06-10T03:44:43Z,2138,the_super_mario_galaxy_movie,174,72,41,0,649484,True
KXRT-SUP-42,KXRT-SUP,The Super Mario Galaxy Movie,42,greater,no,2026-03-31T20:00:00Z,2026-04-06T14:00:00Z,2026-04-06T15:24:33.734123Z,2026-06-10T03:44:43Z,4331,the_super_mario_galaxy_movie,174,72,41,0,649484,True
KXRT-SUP-40,KXRT-SUP,The Super Mario Galaxy Movie,40,greater,yes,2026-03-31T20:00:00Z,2026-04-06T14:00:00Z,2026-04-06T15:24:33.734123Z,2026-06-10T03:44:43Z,3815,the_super_mario_galaxy_movie,174,72,41,0,649484,True
KXRT-SUP-95,KXRT-SUP,The Super Mario Galaxy Movie,95,greater,no,2026-03-03T15:00:00Z,2026-04-06T14:00:00Z,2026-04-06T15:24:33.734123Z,2026-06-10T03:44:43Z,901,the_super_mario_galaxy_movie,174,72,41,0,649484,True
KXRT-SUP-90,KXRT-SUP,The Super Mario Galaxy Movie,90,greater,no,2026-03-03T15:00:00Z,2026-04-06T14:00:00Z,2026-04-06T15:24:33.734123Z,2026-06-10T03:44:43Z,1735,the_super_mario_galaxy_movie,174,72,41,0,649484,True
KXRT-SUP-85,KXRT-SUP,The Super Mario Galaxy Movie,85,greater,no,2026-03-03T15:00:00Z,2026-04-06T14:00:00Z,2026-04-06T15:24:33.734123Z,2026-06-10T03:44:43Z,2983,the_super_mario_galaxy_movie,174,72,41,0,649484,True
KXRT-SUP-80,KXRT-SUP,The Super Mario Galaxy Movie,80,greater,no,2026-03-03T15:00:00Z,2026-04-06T14:00:00Z,2026-04-06T15:24:33.734123Z,2026-06-10T03:44:43Z,2726,the_super_mario_galaxy_movie,174,72,41,0,649484,True
KXRT-SUP-75,KXRT-SUP,The Super Mario Galaxy Movie,75,greater,no,2026-03-03T15:00:00Z,2026-04-06T14:00:00Z,2026-04-06T15:24:33.734123Z,2026-06-10T03:44:43Z,6722,the_super_mario_galaxy_movie,174,72,41,0,649484,True
KXRT-SUP-70,KXRT-SUP,The Super Mario Galaxy Movie,70,greater,no,2026-03-03T15:00:00Z,2026-04-06T14:00:00Z,2026-04-06T15:24:33.734123Z,2026-06-10T03:44:43Z,10337,the_super_mario_galaxy_movie,174,72,41,0,649484,True
KXRT-SUP-65,KXRT-SUP,The Super Mario Galaxy Movie,65,greater,no,2026-03-03T15:00:00Z,2026-04-06T14:00:00Z,2026-04-06T15:24:33.734123Z,2026-06-10T03:44:43Z,12613,the_super_mario_galaxy_movie,174,72,41,0,649484,True
KXRT-SUP-60,KXRT-SUP,The Super Mario Galaxy Movie,60,greater,no,2026-03-03T15:00:00Z,2026-04-06T14:00:00Z,2026-04-06T15:24:33.734123Z,2026-06-10T03:44:43Z,10884,the_super_mario_galaxy_movie,174,72,41,0,649484,True
KXRT-SUP-55,KXRT-SUP,The Super Mario Galaxy Movie,55,greater,no,2026-03-03T15:00:00Z,2026-04-06T14:00:00Z,2026-04-06T15:24:33.734123Z,2026-06-10T03:44:43Z,10444,the_super_mario_galaxy_movie,174,72,41,0,649484,True
KXRT-SUP-50,KXRT-SUP,The Super Mario Galaxy Movie,50,greater,no,2026-03-03T15:00:00Z,2026-04-06T14:00:00Z,2026-04-06T15:24:33.734123Z,2026-06-10T03:44:43Z,9759,the_super_mario_galaxy_movie,174,72,41,0,649484,True
KXRT-SUP-45,KXRT-SUP,The Super Mario Galaxy Movie,45,greater,no,2026-03-03T15:00:00Z,2026-04-06T14:00:00Z,2026-04-06T15:24:33.734123Z,2026-06-10T03:44:43Z,12972,the_super_mario_galaxy_movie,174,72,41,0,649484,True
KXRT-YOU-90,KXRT-YOU,"You, Me & Tuscany",90,greater,no,2026-03-17T14:00:00Z,2026-04-13T14:00:00Z,2026-04-13T16:51:39.932434Z,2026-06-10T03:44:43Z,318,you_me_and_tuscany,83,58,70,0,649484,True
KXRT-YOU-85,KXRT-YOU,"You, Me & Tuscany",85,greater,no,2026-03-17T14:00:00Z,2026-04-13T14:00:00Z,2026-04-13T16:51:39.932434Z,2026-06-10T03:44:43Z,526,you_me_and_tuscany,83,58,70,0,649484,True
KXRT-YOU-80,KXRT-YOU,"You, Me & Tuscany",80,greater,no,2026-03-17T14:00:00Z,2026-04-13T14:00:00Z,2026-04-13T16:51:39.932434Z,2026-06-10T03:44:43Z,982,you_me_and_tuscany,83,58,70,0,649484,True
KXRT-YOU-75,KXRT-YOU,"You, Me & Tuscany",75,greater,no,2026-03-17T14:00:00Z,2026-04-13T14:00:00Z,2026-04-13T16:51:39.932434Z,2026-06-10T03:44:43Z,1958,you_me_and_tuscany,83,58,70,0,649484,True
KXRT-YOU-70,KXRT-YOU,"You, Me & Tuscany",70,greater,no,2026-03-17T14:00:00Z,2026-04-13T14:00:00Z,2026-04-13T16:51:39.932434Z,2026-06-10T03:44:43Z,4978,you_me_and_tuscany,83,58,70,0,649484,True
KXRT-YOU-65,KXRT-YOU,"You, Me & Tuscany",65,greater,yes,2026-03-17T14:00:00Z,2026-04-13T14:00:00Z,2026-04-13T16:51:39.932434Z,2026-06-10T03:44:43Z,3392,you_me_and_tuscany,83,58,70,0,649484,True
KXRT-YOU-60,KXRT-YOU,"You, Me & Tuscany",60,greater,yes,2026-03-17T14:00:00Z,2026-04-13T14:00:00Z,2026-04-13T16:51:39.932434Z,2026-06-10T03:44:43Z,4538,you_me_and_tuscany,83,58,70,0,649484,True
KXRT-YOU-55,KXRT-YOU,"You, Me & Tuscany",55,greater,yes,2026-03-17T14:00:00Z,2026-04-13T14:00:00Z,2026-04-13T16:51:39.932434Z,2026-06-10T03:44:43Z,2950,you_me_and_tuscany,83,58,70,0,649484,True
KXRT-YOU-50,KXRT-YOU,"You, Me & Tuscany",50,greater,yes,2026-03-17T14:00:00Z,2026-04-13T14:00:00Z,2026-04-13T16:51:39.932434Z,2026-06-10T03:44:43Z,2913,you_me_and_tuscany,83,58,70,0,649484,True
KXRT-YOU-45,KXRT-YOU,"You, Me & Tuscany",45,greater,yes,2026-03-17T14:00:00Z,2026-04-13T14:00:00Z,2026-04-13T16:51:39.932434Z,2026-06-10T03:44:43Z,2973,you_me_and_tuscany,83,58,70,0,649484,True
