timestamp,Above 30,Above 35,Above 40,Above 45,Above 50,Above 55,Above 60,Above 64,Above 69,Above 75,Above 80,Above 85,Above 90
2024-02-22T15:57:00Z,,,,,,,,,48.00,,,,
2024-02-22T15:58:00Z,,,,,,,57.00,,48.00,36.00,,,
2024-02-22T18:38:00Z,,,,,,,57.00,,48.00,36.00,,,20.00
2024-02-22T20:36:00Z,,,,72.00,,,57.00,,48.00,36.00,,,20.00
2024-02-22T20:50:00Z,,,,72.00,,,57.00,,48.00,36.00,,,20.00
2024-02-22T20:51:00Z,,,,72.00,,,57.00,,46.00,36.00,,,20.00
2024-02-22T20:52:00Z,,,,70.00,,,57.00,,46.00,36.00,,,20.00
2024-02-22T21:48:00Z,,,,69.00,,,57.00,,46.00,36.00,,,20.00
2024-02-26T19:52:00Z,,,,69.00,,,53.00,,46.00,36.00,,,20.00
2024-02-28T01:22:00Z,,,,69.00,,,53.00,,43.00,36.00,,,20.00
2024-02-28T23:11:00Z,,,,72.00,,,53.00,,43.00,36.00,,,20.00
2024-02-28T23:24:00Z,,,,72.00,,,53.00,,43.00,36.00,,,20.00
2024-02-29T03:26:00Z,,,,72.00,,,54.19,,43.00,36.00,,,20.00
2024-02-29T04:46:00Z,,,,72.00,,,54.19,,43.00,36.00,,,20.00
2024-02-29T04:47:00Z,,,,72.00,,,55.00,,43.00,36.00,,,20.00
2024-02-29T15:56:00Z,,,,72.00,,,55.00,,43.00,36.00,,,20.00
2024-03-01T02:20:00Z,,,,72.00,,,55.00,,43.00,36.00,,,18.00
2024-03-01T14:19:00Z,,,,73.00,,,55.00,,43.00,36.00,,,18.00
2024-03-01T14:20:00Z,,,,75.77,,,55.00,,43.00,36.00,,,18.00
2024-03-01T20:07:00Z,,,,75.77,,,55.00,,43.00,44.00,,,18.00
2024-03-02T22:33:00Z,,,,75.77,,,55.00,,43.00,47.00,,,18.00
2024-03-02T23:18:00Z,,,,75.77,,,55.00,,43.00,47.00,,,18.00
2024-03-04T01:02:00Z,,,,75.77,,,55.00,,43.00,47.40,,,18.00
2024-03-04T01:45:00Z,,,,75.77,,,55.00,,43.00,49.00,,,18.00
2024-03-04T16:04:00Z,,,,75.77,,,55.00,,43.00,48.00,,,18.00
2024-03-05T15:48:00Z,,,,75.77,,,55.00,,56.13,48.00,,,18.00
2024-03-08T01:18:00Z,,,,75.77,,,55.00,,56.13,47.00,,,18.00
2024-03-08T18:46:00Z,,,,75.77,,,62.00,,56.13,47.00,,,18.00
2024-03-08T22:00:00Z,,,,75.77,,,60.95,,56.13,47.00,,,18.00
2024-03-09T15:22:00Z,,,,75.77,,,65.62,,56.13,47.00,,,18.00
2024-03-11T00:05:00Z,,,,75.77,,,65.62,,59.00,47.00,,,18.00
2024-03-11T17:45:00Z,,,,83.00,,,65.62,,59.00,47.00,,,18.00
2024-03-12T17:45:00Z,,,,83.00,,,65.62,,59.00,49.00,,,18.00
2024-03-12T19:38:00Z,,,,83.00,,,65.62,,59.00,48.97,,,18.00
2024-03-12T21:26:00Z,,,,83.00,,,65.62,,59.00,50.00,,,18.00
2024-03-13T02:03:00Z,,,,83.00,,,65.62,,60.00,50.00,,,18.00
2024-03-13T14:45:00Z,,,,83.00,,,67.00,,60.00,50.00,,,18.00
2024-03-15T01:58:00Z,,,,83.00,,,67.00,,60.00,50.00,,,18.00
2024-03-16T03:32:00Z,,,,83.00,,,67.00,,60.00,46.00,,,18.00
2024-03-17T21:25:00Z,,,,83.00,,,67.00,,56.00,46.00,,,18.00
2024-03-18T03:00:00Z,,,,83.00,,,67.00,,56.00,46.00,,,18.00
2024-03-18T18:29:00Z,,,,83.00,,,67.00,,56.00,50.00,,,18.00
2024-03-18T20:19:00Z,,,,83.00,,,67.00,,56.00,50.00,,,25.00
2024-03-19T01:41:00Z,,,,83.00,,,67.00,,56.00,48.00,,,25.00
2024-03-20T14:18:00Z,,,,83.00,,,67.00,,59.00,48.00,,,25.00
2024-03-23T00:26:00Z,,,,83.00,,,67.00,,59.00,49.00,,,25.00
2024-03-23T00:37:00Z,,,,82.60,,,67.00,,59.00,49.00,,,25.00
2024-03-23T19:36:00Z,,,,86.42,,,67.00,,59.00,49.00,,,26.00
2024-03-24T16:53:00Z,,,,86.42,,,67.00,,59.00,49.00,,,24.00
2024-03-25T00:45:00Z,,,,92.00,,,67.00,,59.00,49.00,,,24.00
2024-03-25T13:48:00Z,,,,92.00,,,67.00,,59.00,57.00,,,24.00
2024-03-25T17:23:00Z,,,,92.00,,,67.00,,59.00,57.00,,,24.00
2024-03-26T12:23:00Z,,,,92.00,,,67.00,,70.00,57.00,,,24.00
2024-03-31T01:46:00Z,,,,92.00,,,67.00,,70.00,53.50,,,24.00
2024-04-01T14:37:00Z,,,,87.00,,,67.00,,70.00,53.50,,,24.00
2024-04-02T03:30:00Z,,,,87.00,,,67.00,,70.00,57.00,,,24.00
2024-04-03T21:44:00Z,,,,91.00,,,67.00,,70.00,57.00,,,24.00
2024-04-04T01:05:00Z,,,,91.00,,,67.00,,65.00,57.00,,,24.00
2024-04-04T12:13:00Z,,,,91.00,,,67.00,,65.00,57.00,,,24.00
2024-04-04T13:55:00Z,,,,91.00,,,67.00,,65.00,57.00,,,24.00
2024-04-04T15:03:00Z,,,,87.00,,,67.00,,65.00,57.00,,,24.00
2024-04-04T21:17:00Z,,,,87.00,,,67.00,,65.00,57.00,,,27.00
2024-04-04T22:44:00Z,,,,87.00,,,67.00,,65.00,57.00,,,27.00
2024-04-05T17:17:00Z,,,,87.00,,,67.00,,65.00,57.00,,,27.00
2024-04-05T18:40:00Z,,,,87.00,,,67.00,,65.00,59.00,,,27.00
2024-04-06T03:34:00Z,,,,87.00,,,77.00,,65.00,59.00,,,27.00
2024-04-09T02:39:00Z,,,,87.00,,,73.00,,65.00,59.00,,,27.00
2024-04-09T15:07:00Z,,,,87.00,,,73.00,,65.00,61.00,,,27.00
2024-04-09T18:19:00Z,,,,87.00,,,73.00,,65.00,61.00,,,27.00
2024-04-09T18:35:00Z,,,,87.00,,,73.00,,65.00,63.00,,,27.00
2024-04-09T21:34:00Z,,,,87.00,,,73.00,,65.00,60.00,,,27.00
2024-04-09T21:42:00Z,,,,87.00,,,73.00,,65.00,59.47,,,27.00
2024-04-10T01:14:00Z,,,,87.00,,,85.00,,65.00,59.47,,,27.00
2024-04-10T13:01:00Z,,,,87.00,,,85.00,,81.00,59.47,,,27.00
2024-04-10T18:33:00Z,,,,87.00,,,85.00,,81.00,77.00,,,27.00
2024-04-11T17:00:00Z,,,,87.00,,,85.00,,81.00,77.00,,,27.00
2024-04-13T01:30:00Z,,,,87.00,,,85.00,,81.00,77.00,,,33.00
2024-04-15T00:50:00Z,,,,87.00,,,85.00,,81.00,77.00,,,37.00
2024-04-16T17:29:00Z,,,,87.00,,,85.00,,81.00,77.00,,,38.00
2024-04-17T22:17:00Z,,,,87.00,,,85.00,,81.00,79.00,,,38.00
2024-04-17T23:24:00Z,,,,87.00,,,85.00,,81.00,78.00,,,38.00
2024-04-18T16:02:00Z,,,,87.00,,,85.00,,81.00,78.00,,,38.00
2024-04-18T21:38:00Z,,,,87.00,,,91.00,,81.00,78.00,,,38.00
2024-04-19T13:45:00Z,,,,87.00,,,91.00,,81.00,78.00,,,38.00
2024-04-19T17:53:00Z,,,,87.00,,,90.00,,81.00,78.00,,,38.00
2024-04-22T01:59:00Z,,,,87.00,,,90.00,,81.00,78.00,,,35.00
2024-04-22T13:51:00Z,,,,87.00,,,90.00,,81.00,77.00,,,35.00
2024-04-24T01:11:00Z,,,,87.00,,,90.00,,81.00,82.05,,,35.00
2024-04-25T03:18:00Z,,,,87.00,,,90.00,,81.00,81.00,,,35.00
2024-05-02T23:03:00Z,,,,87.00,,,90.00,,81.00,81.00,,,35.00
2024-05-03T00:32:00Z,,,,87.00,,,95.00,,81.00,81.00,,,34.00
2024-05-03T15:07:00Z,,,,87.00,,,95.00,,81.00,81.00,,,34.00
2024-05-03T21:50:00Z,,,,87.00,,,95.00,,91.00,81.00,,,34.00
2024-05-04T02:27:00Z,,,,87.00,,,95.00,,91.00,81.00,,,34.00
2024-05-04T14:15:00Z,,,,87.00,,,95.00,,91.00,81.00,,,34.00
2024-05-04T16:01:00Z,,,,87.00,,,95.00,,91.00,81.00,,,34.00
2024-05-06T02:41:00Z,,,,87.00,,,95.00,,91.00,81.00,,,34.00
2024-05-06T21:12:00Z,,,,87.00,,,95.00,,91.00,81.00,,,34.00
2024-05-06T21:33:00Z,,,,87.00,,,95.00,,91.00,81.00,,,37.00
2024-05-06T22:19:00Z,,,,87.00,,,95.00,,91.00,81.00,,,37.00
2024-05-07T00:44:00Z,,,,87.00,,,95.00,,87.01,81.00,,,37.00
2024-05-09T00:10:00Z,,,,87.00,,,95.00,,87.01,81.00,,,37.00
2024-05-14T16:19:00Z,,,,87.00,,,95.00,,87.01,81.00,,,31.00
2024-05-14T19:04:00Z,,,,87.00,,,95.00,,83.00,81.00,,,31.00
2024-05-16T14:05:00Z,,,,87.00,,,94.00,,83.00,81.00,,,31.00
2024-05-16T21:36:00Z,,,,87.00,,,94.00,,83.00,76.00,,,31.00
2024-05-18T01:20:00Z,,,,87.00,,,94.00,,83.00,76.00,,,32.00
2024-05-20T01:48:00Z,,,,87.00,,,94.00,,83.00,75.00,,,32.00
2024-05-20T18:15:00Z,,,,87.00,,,94.00,,83.00,75.00,,,30.00
2024-05-21T19:55:00Z,,,,87.00,,,89.00,,83.00,75.00,,,30.00
2024-05-22T12:57:00Z,,,,87.00,,,89.00,,83.00,77.00,,,30.00
2024-05-23T13:18:00Z,,,,87.00,,,89.00,,83.00,77.00,,,33.00
2024-05-23T15:30:00Z,,,,87.00,,,89.00,,83.00,77.00,,,29.00
2024-05-25T03:35:00Z,,,,87.00,,,89.00,,83.00,72.00,,,29.00
2024-05-27T17:30:00Z,,,,87.00,,,89.00,,83.00,77.00,,,29.00
2024-05-28T00:18:00Z,,,,87.00,,,89.00,,83.00,72.11,,,29.00
2024-05-29T03:25:00Z,,,,87.00,,,89.00,,83.00,72.00,,,29.00
2024-05-29T13:17:00Z,,,,87.00,,,89.00,,83.00,72.00,,,29.00
2024-06-01T15:24:00Z,,,,87.00,,,89.00,,84.00,72.00,,,29.00
2024-06-02T17:26:00Z,,,,87.00,,,89.00,,84.00,72.00,,,33.00
2024-06-02T21:52:00Z,,,,87.00,,,93.00,,84.00,72.00,,,33.00
2024-06-03T03:21:00Z,,,,87.00,,,93.00,,84.00,72.00,,,28.00
2024-06-03T19:15:00Z,,,,87.00,,,93.00,,84.00,72.00,,,34.00
2024-06-06T00:04:00Z,,,,87.00,,,93.00,,84.00,72.00,,,34.00
2024-06-13T18:41:00Z,,,,87.00,,,93.00,,84.00,72.00,,,34.55
2024-06-13T19:58:00Z,,,,87.00,,,93.00,,78.65,72.00,,,34.55
2024-06-13T20:00:00Z,,,,87.00,,,93.00,,79.00,72.00,,,34.55
2024-06-13T23:00:00Z,,,,87.00,,,93.00,,79.00,72.00,,,25.00
2024-06-14T01:33:00Z,,,,87.00,,,93.00,,79.00,72.00,,,23.99
2024-06-16T01:51:00Z,,,,87.00,,,93.00,,79.00,61.00,,,23.99
2024-06-17T18:47:00Z,,,,87.00,,,91.00,,79.00,61.00,,,23.99
2024-06-17T19:02:00Z,,,,87.00,,,91.00,,79.00,69.00,,,23.99
2024-06-17T22:43:00Z,,,,87.00,,,91.00,,81.50,72.09,,,23.99
2024-06-17T22:44:00Z,,,,87.00,,,94.00,,81.50,72.09,,,23.99
2024-06-18T22:39:00Z,,,,87.00,,,94.00,,81.50,78.00,,,23.99
2024-06-19T03:55:00Z,,,,87.00,,,94.00,,81.50,78.00,,,23.99
2024-06-20T03:47:00Z,,,,87.00,,,94.00,,86.00,78.00,,,23.99
2024-06-20T22:14:00Z,,,,87.00,,,94.00,,86.00,78.20,,,23.99
2024-06-21T13:39:00Z,,,,87.00,,,94.00,,86.00,80.00,,,23.99
2024-06-22T01:50:00Z,,,,87.00,,,94.00,,88.00,80.00,,,23.99
2024-06-24T16:48:00Z,,,,87.00,,,94.00,,85.00,80.00,,,23.99
2024-06-27T15:46:00Z,,,,87.00,,,94.00,,85.00,77.00,,,23.99
2024-06-27T19:27:00Z,,,,87.00,,,94.00,,85.00,77.00,,,23.99
2024-06-27T20:25:00Z,,,,87.00,,,93.00,,85.00,77.00,,,23.99
2024-06-28T01:13:00Z,,,,87.00,,,93.00,,85.00,78.24,,,23.99
2024-07-01T01:25:00Z,,,,87.00,,,93.00,,85.00,78.24,,,34.00
2024-07-01T16:46:00Z,,,,87.00,,,93.00,,85.00,78.24,,,34.00
2024-07-01T20:14:00Z,,,,87.00,,,93.00,,85.00,78.24,,,32.00
2024-07-06T18:09:00Z,,,,87.00,,,93.00,,85.00,82.00,,,32.00
2024-07-06T18:55:00Z,,,,87.00,,,93.00,,85.00,76.00,,,32.00
2024-07-08T16:28:00Z,,,,87.00,,,93.00,,85.00,82.00,,,32.00
2024-07-08T18:14:00Z,,,,87.00,,,93.00,,85.00,76.00,,,32.00
2024-07-08T20:27:00Z,,,,87.00,,,93.00,,85.00,76.00,,,32.00
2024-07-09T02:36:00Z,,,,87.00,,,93.00,,85.00,76.00,,,38.00
2024-07-09T16:58:00Z,,,,87.00,,,93.00,,85.00,76.00,,,38.00
2024-07-09T22:12:00Z,,,,87.00,,,93.00,,85.00,82.00,,,38.00
2024-07-10T02:53:00Z,,,,87.00,,,93.00,,85.00,82.00,,,38.00
2024-07-15T01:10:00Z,,,,87.00,,,93.00,,85.00,76.00,,,38.00
2024-07-15T16:32:00Z,,,,87.00,,,93.00,,85.00,76.00,,,38.00
2024-07-20T20:00:00Z,,,,87.00,,,93.00,,85.00,77.00,,,38.00
2024-07-21T12:46:00Z,,,,87.00,,,93.00,,85.00,77.00,,,38.00
2024-07-21T16:07:00Z,,,,87.00,,,93.00,,85.00,79.00,,,38.00
2024-07-22T20:17:00Z,,,,87.00,,,93.00,,85.00,77.00,,,38.00
2024-07-23T16:40:00Z,,,,87.00,,,93.00,,85.00,72.00,,,38.00
2024-07-24T03:09:00Z,,,,87.00,,,90.22,,85.00,72.00,,,38.00
2024-07-24T15:14:00Z,,,,87.00,,,94.38,,85.00,72.00,,,38.00
2024-07-27T15:12:00Z,,,,87.00,,,94.38,,85.00,72.00,,,30.76
2024-07-27T22:54:00Z,,,,87.00,,,94.38,,85.00,72.00,,,32.00
2024-07-28T01:08:00Z,,,,87.00,,,94.38,,85.00,74.00,,,32.00
2024-07-28T01:56:00Z,,,,87.00,,,94.38,,85.00,72.82,,,32.00
2024-07-28T01:57:00Z,,,,87.00,,,94.38,,85.00,63.00,,,32.00
2024-07-29T15:41:00Z,,,,87.00,,,94.38,,85.00,73.00,,,32.00
2024-07-29T16:02:00Z,,,,87.00,,,94.38,,85.00,73.00,,,27.00
2024-07-29T21:03:00Z,,,,87.00,,,94.38,,85.00,73.00,,,32.27
2024-07-30T03:15:00Z,,,,87.00,,,94.38,,85.00,76.00,,,32.27
2024-07-30T17:13:00Z,,,,87.00,,,94.38,,85.00,76.00,,,28.00
2024-07-30T17:39:00Z,,,,87.00,,,94.38,,85.00,76.00,,,28.00
2024-07-30T21:25:00Z,,,,87.00,,,94.38,,85.00,76.00,,,28.00
2024-07-31T00:22:00Z,,,,87.00,,,94.38,,85.00,76.00,,,28.00
2024-07-31T00:53:00Z,,,,87.00,,,94.38,,85.00,76.00,,,27.00
2024-07-31T22:51:00Z,,,,87.00,,,94.38,,85.00,76.12,,,27.00
2024-08-01T19:54:00Z,,,,87.00,,,94.38,,85.00,76.12,,,28.00
2024-08-02T21:02:00Z,,,,87.00,,,94.38,,81.00,76.12,,,28.00
2024-08-02T21:27:00Z,,,,87.00,,,94.38,,81.00,70.57,,,28.00
2024-08-02T21:28:00Z,,,,87.00,,,94.38,,79.00,70.57,,,28.00
2024-08-03T03:34:00Z,,,,87.00,,,94.38,,78.00,70.57,,,28.00
2024-08-04T15:10:00Z,,,,87.00,,,94.38,,63.00,70.57,,,28.00
2024-08-05T14:18:00Z,,,,87.00,,,95.00,,63.00,70.57,,,28.00
2024-08-05T14:56:00Z,,,,87.00,,,95.00,,78.00,70.57,,,28.00
2024-08-05T16:46:00Z,,,,87.00,,,95.00,,74.00,70.57,,,28.00
2024-08-06T20:33:00Z,,,,87.00,,,95.00,,74.00,72.00,,,28.00
2024-08-07T12:39:00Z,,,,87.00,,,95.00,,74.00,72.00,,,26.26
2024-08-07T20:30:00Z,,,,87.00,,,95.00,,76.00,72.00,,,26.26
2024-08-07T21:30:00Z,,,,87.00,,,95.00,,76.00,70.00,,,26.26
2024-08-08T21:07:00Z,,,,87.00,,,95.00,,76.00,56.85,,,26.26
2024-08-08T21:10:00Z,,,,87.00,,,95.00,,76.00,56.85,,,22.00
2024-08-08T21:21:00Z,,,,87.00,,,95.00,,76.00,52.00,,,22.00
2024-08-08T21:24:00Z,,,,87.00,,,95.00,,76.00,63.00,,,22.00
2024-08-08T23:48:00Z,,,,87.00,,,95.00,,76.00,63.00,,,22.00
2024-08-09T13:48:00Z,,,,87.00,,,95.00,,76.00,53.00,,,22.00
2024-08-09T15:33:00Z,,,,87.00,,,95.00,,65.00,53.00,,,22.00
2024-08-10T02:02:00Z,,,,87.00,,,95.00,,65.00,53.00,,,22.00
2024-08-10T15:29:00Z,,,,87.00,,,95.00,,65.00,53.00,,,22.00
2024-08-10T16:22:00Z,,,,87.00,,,95.00,,65.00,53.00,,,22.29
2024-08-10T20:00:00Z,,,,87.00,,,95.00,,65.00,57.53,,,22.29
2024-08-10T20:38:00Z,,,,87.00,,,95.00,,65.00,61.00,,,22.29
2024-08-11T00:27:00Z,,,,87.00,,,95.00,,65.00,56.00,,,22.29
2024-08-11T23:15:00Z,,,,87.00,,,95.00,,72.00,56.00,,,22.29
2024-08-12T01:59:00Z,,,,87.00,,,95.00,,72.00,62.00,,,22.29
2024-08-12T02:54:00Z,,,,87.00,,,95.00,,72.00,57.00,,,22.29
2024-08-12T23:21:00Z,,,,87.00,,,95.00,,72.00,57.00,,,25.00
2024-08-13T01:46:00Z,,,,87.00,,,95.00,,72.00,57.00,,,25.00
2024-08-13T03:18:00Z,,,,87.00,,,95.00,,72.00,62.00,,,25.00
2024-08-13T03:19:00Z,,,,87.00,,,95.00,,72.00,62.00,,,25.00
2024-08-13T22:06:00Z,,,,87.00,,,95.00,,72.00,62.00,,,25.00
2024-08-13T23:37:00Z,,,,87.00,,,95.00,,72.00,62.00,,,25.00
2024-08-14T03:24:00Z,,,,87.00,,,95.00,,72.00,62.00,,,25.00
2024-08-14T03:29:00Z,,,,87.00,,,95.00,,72.00,62.00,,,26.50
2024-08-14T03:38:00Z,,,,87.00,,,95.00,,72.00,70.00,,,26.50
2024-08-14T16:16:00Z,,,,87.00,,,95.00,,72.00,64.00,,,26.50
2024-08-15T01:55:00Z,,,,87.00,,,95.00,,59.00,64.00,,,26.50
2024-08-15T15:50:00Z,,,,87.00,,,95.00,,74.00,64.00,,,26.50
2024-08-16T13:46:00Z,,,,87.00,,,95.00,,74.00,64.00,,,26.50
2024-08-16T21:47:00Z,,,,87.00,,,95.00,,74.00,56.98,,,26.50
2024-08-16T21:48:00Z,,,,87.00,,,95.00,,74.00,56.98,,,21.00
2024-08-20T01:04:00Z,,,,87.00,,,95.00,,74.00,57.00,,,21.00
2024-08-20T13:09:00Z,,,,87.00,,,95.00,,74.00,57.00,,,21.00
2024-08-20T17:38:00Z,,,,87.00,,,95.00,,74.00,57.41,,,21.00
2024-08-20T18:39:00Z,,,,87.00,,,95.00,,69.00,57.41,,,21.00
2024-08-20T19:07:00Z,,,,87.00,,,95.00,,69.00,46.19,,,21.00
2024-08-20T19:27:00Z,,,,87.00,,,95.00,,49.00,46.19,,,21.00
2024-08-20T20:05:00Z,,,,87.00,,,95.00,,49.00,47.00,,,21.00
2024-08-20T21:18:00Z,,,,87.00,,,95.00,,59.00,47.00,,,21.00
2024-08-20T23:17:00Z,,,,87.00,,,95.00,,59.00,47.00,,,21.00
2024-08-21T01:31:00Z,,,,87.00,,,95.00,,49.00,37.00,,,21.00
2024-08-21T12:12:00Z,,,,87.00,,,95.00,,49.00,37.00,,,21.00
2024-08-21T12:57:00Z,,,,99.00,,,95.00,,49.00,37.00,,,11.00
2024-08-21T16:35:00Z,,,,99.00,,,95.00,,49.00,47.00,,,11.00
2024-08-21T18:44:00Z,,,,99.00,,,95.00,,60.75,47.00,,,11.00
2024-08-22T02:10:00Z,,,,99.00,,,95.00,,60.00,47.00,,,11.00
2024-08-22T16:27:00Z,,,,99.00,,,95.00,,60.00,47.00,,,11.00
2024-08-22T20:01:00Z,,,,99.00,,,95.00,,60.00,47.00,,,11.00
2024-08-23T16:35:00Z,,,,99.00,,,95.00,,60.00,52.16,,,11.00
2024-08-23T21:17:00Z,,,,99.00,,,95.00,,60.00,52.16,,,21.00
2024-08-23T21:54:00Z,,,,99.00,,,95.00,,59.00,50.00,,,21.00
2024-08-23T22:45:00Z,,,,99.00,,,95.00,,72.00,50.00,,,21.00
2024-08-26T03:12:00Z,,,,99.00,,,95.00,,72.00,50.00,,,21.00
2024-08-26T14:49:00Z,,,,99.00,,,95.00,,59.00,50.00,,,21.00
2024-08-26T21:02:00Z,,,,99.00,,,95.00,,59.00,59.38,,,21.00
2024-08-26T22:39:00Z,,,,99.00,,,95.00,,59.00,60.00,,,21.00
2024-08-27T13:20:00Z,,,,99.00,,,95.00,,59.00,50.00,,,21.00
2024-08-28T20:52:00Z,,,,99.00,,,95.00,,59.00,60.00,,,21.00
2024-08-29T23:03:00Z,,,,99.00,,,95.00,,59.00,60.00,,,21.00
2024-08-30T13:33:00Z,,,,99.00,,,95.00,,59.00,50.00,,,21.00
2024-09-02T12:16:00Z,,,,99.00,,,95.00,,59.00,68.00,,,21.00
2024-09-02T18:39:00Z,,,,99.00,,,95.00,,59.00,68.00,,,21.00
2024-09-03T02:26:00Z,,,,99.00,,,85.00,,59.00,68.00,,,21.00
2024-09-03T02:45:00Z,,,,99.00,,,83.86,,59.00,68.00,,,21.00
2024-09-03T13:40:00Z,,,,99.00,,,83.86,,59.00,68.00,38.00,,21.00
2024-09-04T01:49:00Z,,,,99.00,,,83.86,,59.00,68.00,38.00,26.00,17.00
2024-09-04T12:05:00Z,,,,99.00,,,83.86,,59.00,68.00,38.00,26.00,10.39
2024-09-04T14:32:00Z,,,,99.00,,,83.86,,59.00,68.00,40.00,26.00,10.39
2024-09-04T14:53:00Z,,,,99.00,,,85.00,,59.00,68.00,40.00,26.00,10.39
2024-09-04T16:47:00Z,,,,99.00,,,85.00,,59.00,51.00,40.00,26.00,10.39
2024-09-04T17:15:00Z,,,,99.00,,,85.00,,59.00,51.00,29.00,26.00,10.39
2024-09-04T17:18:00Z,,,,99.00,,,85.00,,59.00,46.00,29.00,26.00,10.39
2024-09-04T17:24:00Z,,,,99.00,,,72.80,,59.00,46.00,29.00,26.00,10.39
2024-09-04T17:37:00Z,,,,99.00,,,40.00,,59.00,46.00,29.00,26.00,10.39
2024-09-04T17:38:00Z,,,,99.00,,,45.69,,59.00,46.00,29.00,26.00,10.39
2024-09-04T17:45:00Z,,,,99.00,,,45.69,,59.00,21.66,29.00,26.00,10.39
2024-09-04T17:47:00Z,,,,99.00,,,75.00,,59.00,10.00,29.00,26.00,10.39
2024-09-04T17:50:00Z,,,,99.00,,,75.00,,59.00,33.48,29.00,26.00,10.39
2024-09-04T18:06:00Z,,,,99.00,,,54.00,,59.00,14.68,29.00,26.00,10.39
2024-09-04T18:17:00Z,,,,99.00,,,54.00,,59.00,14.68,29.00,26.00,2.00
2024-09-04T18:33:00Z,,,,99.00,,,54.00,,59.00,14.68,29.00,26.00,2.00
2024-09-04T18:42:00Z,,,,99.00,,,54.00,,59.00,14.00,29.00,26.00,2.00
2024-09-04T18:49:00Z,,,,99.00,,,48.00,,59.00,14.00,29.00,26.00,2.00
2024-09-04T18:59:00Z,,,,99.00,,,35.00,,59.00,14.00,29.00,26.00,2.00
2024-09-04T19:00:00Z,,,,99.00,,,35.00,,59.00,3.00,29.00,26.00,2.00
2024-09-04T19:01:00Z,,,,99.00,,,44.00,,59.00,3.00,29.00,26.00,2.00
2024-09-04T19:04:00Z,,,,99.00,,,35.00,,59.00,3.00,29.00,26.00,2.00
2024-09-04T19:07:00Z,,,,99.00,,,24.00,,59.00,3.00,29.00,26.00,2.00
2024-09-04T19:08:00Z,,,,99.00,,,24.00,,59.00,3.00,29.00,26.00,2.00
2024-09-04T19:13:00Z,,,,99.00,,,44.00,,59.00,3.00,29.00,26.00,2.00
2024-09-04T19:29:00Z,,,,99.00,,,44.00,,59.00,3.00,29.00,26.00,2.00
2024-09-04T19:48:00Z,,,,99.00,,,44.00,,59.00,15.47,29.00,26.00,2.00
2024-09-04T20:09:00Z,,,,99.00,,64.00,44.00,,59.00,15.47,29.00,26.00,2.00
2024-09-04T21:17:00Z,,,,99.00,,60.00,46.00,,59.00,15.47,29.00,26.00,2.00
2024-09-04T21:42:00Z,,,,99.00,,60.00,55.00,,59.00,15.47,29.00,26.00,2.00
2024-09-04T22:15:00Z,,,,99.00,,60.00,60.82,,59.00,15.47,29.00,26.00,2.00
2024-09-04T22:24:00Z,,,,99.00,,60.00,41.00,,59.00,15.47,29.00,26.00,2.00
2024-09-04T23:50:00Z,,,,99.00,,60.00,41.00,,59.00,15.47,29.00,26.00,2.00
2024-09-05T00:06:00Z,,,,99.00,,60.00,41.00,,59.00,18.00,29.00,26.00,2.00
2024-09-05T00:19:00Z,,,,99.00,,65.00,41.00,,59.00,18.00,29.00,26.00,2.00
2024-09-05T02:20:00Z,,,,99.00,,72.00,41.00,,59.00,18.00,29.00,26.00,2.00
2024-09-05T03:25:00Z,,,,99.00,,72.00,60.00,,59.00,18.00,29.00,26.00,2.00
2024-09-05T03:48:00Z,,,,99.00,,72.00,39.00,,59.00,18.00,29.00,26.00,2.00
2024-09-05T13:47:00Z,,,,99.00,,72.00,39.00,,59.00,14.00,29.00,26.00,2.00
2024-09-05T13:57:00Z,,,,99.00,,72.00,39.00,,59.00,14.00,29.00,26.00,2.00
2024-09-05T17:49:00Z,,,,99.00,,72.00,47.00,,59.00,14.00,29.00,26.00,2.00
2024-09-05T17:59:00Z,,,,99.00,,72.00,60.00,,59.00,14.00,29.00,26.00,2.00
2024-09-05T18:01:00Z,,,,99.00,,72.00,59.42,,59.00,14.00,29.00,26.00,2.00
2024-09-05T18:02:00Z,,,,99.00,,72.00,68.00,,59.00,14.00,29.00,26.00,2.00
2024-09-05T18:04:00Z,,,,99.00,,72.00,68.00,,59.00,7.00,29.00,26.00,2.00
2024-09-05T20:33:00Z,,,,99.00,,72.00,68.00,,59.00,7.00,29.00,26.00,2.00
2024-09-05T20:40:00Z,,,,99.00,,72.00,68.00,,59.00,5.00,29.00,26.00,2.00
2024-09-05T20:52:00Z,,,,99.00,,72.00,55.00,,59.00,5.00,29.00,26.00,2.00
2024-09-05T22:09:00Z,,,,99.00,,72.00,71.69,,59.00,5.00,29.00,26.00,2.00
2024-09-05T22:48:00Z,,,,99.00,,72.00,72.00,,59.00,5.00,29.00,26.00,2.00
2024-09-05T22:51:00Z,,,,99.00,,72.00,72.00,,59.00,5.00,29.00,26.00,2.00
2024-09-06T01:32:00Z,,,,99.00,,72.00,72.00,,59.00,3.37,29.00,26.00,2.00
2024-09-06T14:38:00Z,,,,99.00,,72.00,72.00,,59.00,1.00,29.00,26.00,2.00
2024-09-06T16:12:00Z,,,,99.00,,72.00,72.00,,59.00,1.00,29.00,26.00,2.00
2024-09-06T18:46:00Z,,,,99.00,,72.00,71.00,,59.00,1.00,29.00,26.00,2.00
2024-09-06T19:55:00Z,,,,99.00,,72.00,72.29,,59.00,1.00,29.00,26.00,2.00
2024-09-07T00:07:00Z,,,,99.00,,72.00,72.29,,59.00,1.00,29.00,26.00,2.00
2024-09-07T00:11:00Z,,,,99.00,,84.00,72.29,,59.00,1.00,29.00,26.00,2.00
2024-09-07T03:53:00Z,,,99.00,99.00,,84.00,72.29,,59.00,1.00,29.00,26.00,2.00
2024-09-07T03:54:00Z,,,99.00,99.00,,84.00,72.29,,59.00,1.00,29.00,26.00,1.00
2024-09-07T19:30:00Z,,,99.00,99.00,,84.00,72.29,,59.00,8.53,29.00,26.00,1.00
2024-09-07T21:51:00Z,,,99.00,99.00,,84.00,72.29,,59.00,8.53,29.00,26.00,1.00
2024-09-08T15:55:00Z,,,99.00,99.00,,85.00,72.29,,59.00,8.53,29.00,26.00,1.00
2024-09-09T02:25:00Z,,,99.00,99.00,,85.00,72.29,,59.00,8.53,29.00,26.00,1.00
2024-09-09T15:53:00Z,,,99.00,99.00,,85.00,72.29,,59.00,8.53,4.95,26.00,1.00
2024-09-09T16:19:00Z,,,99.00,99.00,,84.00,72.29,,59.00,8.53,4.95,26.00,1.00
2024-09-09T17:20:00Z,,,99.00,99.00,,84.00,72.29,,59.00,10.00,4.95,26.00,1.00
2024-09-09T17:22:00Z,,,99.00,99.00,,84.00,72.29,,59.00,10.00,4.95,26.00,1.00
2024-09-09T20:46:00Z,,,99.00,99.00,,84.00,72.29,,59.00,10.00,4.41,26.00,1.00
2024-09-10T15:21:00Z,,,99.00,99.00,,84.00,72.29,,59.00,9.00,4.41,26.00,1.00
2024-09-10T17:39:00Z,,,99.00,99.00,,76.00,72.29,,59.00,9.00,4.41,26.00,1.00
2024-09-10T17:54:00Z,,,99.00,99.00,,75.00,72.29,,59.00,9.00,4.41,26.00,1.00
2024-09-11T01:48:00Z,,,99.00,99.00,,75.00,72.29,,59.00,9.00,5.00,26.00,1.00
2024-09-11T12:51:00Z,,,99.00,99.00,,75.00,72.29,,59.00,9.00,1.34,26.00,1.00
2024-09-11T22:22:00Z,,,99.00,99.00,,77.92,72.29,,59.00,9.00,1.34,26.00,1.00
2024-09-12T14:40:00Z,,,99.00,99.00,,77.92,72.29,,59.00,3.00,1.34,26.00,1.00
2024-09-12T19:25:00Z,,,99.00,99.00,,71.00,72.29,,59.00,3.00,1.34,26.00,1.00
2024-09-12T22:06:00Z,,,99.00,99.00,,70.59,72.29,,59.00,3.00,1.34,26.00,1.00
2024-09-13T01:07:00Z,,,99.00,99.00,,67.69,72.29,,59.00,3.00,1.34,26.00,1.00
2024-09-13T15:39:00Z,,,99.00,99.00,,67.69,72.29,,59.00,7.00,1.34,26.00,1.00
2024-09-13T17:18:00Z,,,99.00,99.00,,73.00,72.29,,59.00,7.00,1.34,26.00,1.00
2024-09-13T18:11:00Z,,,99.00,99.00,,73.00,72.29,,59.00,7.00,1.34,26.00,1.00
2024-09-13T19:42:00Z,,,99.00,99.00,,73.00,72.29,,59.00,7.82,1.34,26.00,1.00
2024-09-13T22:05:00Z,,,99.00,99.00,,73.00,55.00,28.00,59.00,7.82,1.34,26.00,1.00
2024-09-13T23:25:00Z,,,99.00,99.00,,73.00,55.00,28.00,59.00,8.00,1.34,26.00,1.00
2024-09-13T23:44:00Z,,,99.00,99.00,,73.00,55.00,28.00,59.00,8.00,1.34,26.00,1.00
2024-09-13T23:55:00Z,,,99.00,99.00,,73.00,60.00,28.00,59.00,8.00,1.34,26.00,1.00
2024-09-14T01:20:00Z,,,99.00,99.00,,73.00,60.00,28.00,59.00,8.00,1.34,26.00,1.00
2024-09-14T01:21:00Z,,,99.00,99.00,,73.00,60.00,28.00,59.00,8.00,1.34,26.00,1.00
2024-09-14T01:22:00Z,,,99.00,99.00,,73.00,60.00,28.00,59.00,8.00,1.34,26.00,1.00
2024-09-14T01:24:00Z,,,99.00,99.00,,73.00,60.00,28.00,59.00,8.00,1.34,26.00,1.00
2024-09-14T13:56:00Z,,,99.00,99.00,,73.00,62.00,28.00,59.00,8.00,1.34,26.00,1.00
2024-09-14T15:11:00Z,,,99.00,99.00,,73.00,62.00,28.00,59.00,8.00,1.34,26.00,1.00
2024-09-14T15:26:00Z,,,99.00,99.00,,73.00,62.00,28.00,59.00,8.00,1.34,26.00,1.00
2024-09-14T15:43:00Z,,,99.00,99.00,,73.00,62.00,28.00,59.00,8.00,1.34,26.00,1.00
2024-09-14T16:56:00Z,,,99.00,99.00,,73.00,67.00,28.00,59.00,8.00,1.34,26.00,1.00
2024-09-14T17:24:00Z,,,99.00,99.00,,73.00,67.00,29.00,59.00,8.00,1.34,26.00,1.00
2024-09-14T18:11:00Z,,,99.00,99.00,,73.00,67.00,29.00,59.00,8.00,1.34,26.00,1.00
2024-09-14T20:00:00Z,,,99.00,99.00,,73.00,66.00,29.00,59.00,8.00,1.34,26.00,1.00
2024-09-14T20:17:00Z,,,99.00,99.00,,72.89,66.00,29.00,59.00,8.00,1.34,26.00,1.00
2024-09-14T20:20:00Z,,,99.00,99.00,91.00,72.89,66.00,29.00,59.00,8.00,1.34,26.00,1.00
2024-09-14T21:01:00Z,,,99.00,99.00,91.00,72.89,66.00,30.00,59.00,8.00,1.34,26.00,1.00
2024-09-14T21:17:00Z,,,99.00,99.00,91.00,72.89,60.00,30.00,59.00,8.00,1.34,26.00,1.00
2024-09-14T23:09:00Z,,,99.00,99.00,91.00,74.00,60.00,30.00,59.00,8.00,1.34,26.00,1.00
2024-09-14T23:13:00Z,,,99.00,99.00,91.00,74.00,62.00,30.00,59.00,8.00,1.34,26.00,1.00
2024-09-15T01:02:00Z,,,99.00,99.00,91.00,74.00,62.00,30.00,59.00,8.00,1.34,26.00,1.00
2024-09-15T13:19:00Z,,,99.00,99.00,91.00,74.00,62.00,30.00,59.00,8.00,1.34,26.00,1.00
2024-09-15T16:25:00Z,,,99.00,99.00,91.00,74.00,62.00,35.00,59.00,8.00,1.34,26.00,1.00
2024-09-15T17:54:00Z,,,99.00,99.00,91.00,74.00,63.00,35.00,59.00,8.00,1.34,26.00,1.00
2024-09-15T20:17:00Z,,,99.00,99.00,91.00,74.00,56.00,35.00,59.00,8.00,1.34,26.00,1.00
2024-09-15T21:54:00Z,,,99.00,99.00,91.00,74.00,53.12,35.00,59.00,8.00,1.34,26.00,1.00
2024-09-16T00:07:00Z,,,99.00,99.00,91.00,72.00,53.12,35.00,59.00,8.00,1.34,26.00,1.00
2024-09-16T00:14:00Z,,,99.00,99.00,91.00,72.00,53.12,35.00,59.00,8.00,1.34,26.00,1.00
2024-09-16T12:51:00Z,,,99.00,99.00,91.00,72.00,53.12,35.00,59.00,8.00,1.00,26.00,1.00
2024-09-16T17:45:00Z,,,99.00,99.00,91.00,72.00,53.12,35.00,59.00,8.00,2.00,26.00,1.00
2024-09-16T17:46:00Z,,,99.00,99.00,91.00,72.31,53.12,35.00,59.00,8.00,2.00,26.00,1.00
2024-09-16T19:24:00Z,,,99.00,99.00,91.00,72.31,52.00,35.00,59.00,8.00,2.00,26.00,1.00
2024-09-16T19:32:00Z,,,99.00,99.00,91.00,75.07,52.00,35.00,59.00,8.00,2.00,26.00,1.00
2024-09-16T20:04:00Z,,,99.00,99.00,91.00,75.07,53.00,35.00,59.00,8.00,2.00,26.00,1.00
2024-09-16T21:19:00Z,,,99.00,99.00,91.00,75.07,53.00,39.00,59.00,8.00,2.00,26.00,1.00
2024-09-16T21:36:00Z,,,99.00,99.00,91.00,75.07,53.00,39.00,59.00,8.00,2.00,26.00,1.00
2024-09-16T22:10:00Z,,,99.00,99.00,91.00,75.07,53.00,39.00,59.00,8.00,4.00,26.00,1.00
2024-09-16T23:07:00Z,,,99.00,99.00,91.00,75.07,53.00,39.00,59.00,7.38,4.00,26.00,1.00
2024-09-17T01:28:00Z,,,99.00,99.00,91.00,75.07,53.00,39.00,59.00,7.38,4.00,26.00,1.00
2024-09-17T02:30:00Z,,,99.00,99.00,91.00,75.07,53.00,39.00,59.00,7.38,4.00,26.00,1.00
2024-09-17T03:28:00Z,,,99.00,99.00,91.00,76.25,53.00,39.00,59.00,7.38,4.00,26.00,1.00
2024-09-17T03:32:00Z,,,99.00,99.00,91.00,76.25,53.00,39.00,59.00,7.38,4.00,26.00,1.00
2024-09-17T13:32:00Z,,,99.00,99.00,91.00,81.00,53.00,39.00,59.00,7.38,4.00,26.00,1.00
2024-09-17T13:43:00Z,,,99.00,99.00,91.00,81.00,53.00,39.00,59.00,7.38,1.00,26.00,1.00
2024-09-17T15:48:00Z,,,99.00,99.00,91.00,81.00,50.00,35.00,59.00,7.38,1.00,26.00,1.00
2024-09-17T16:17:00Z,,,99.00,99.00,91.00,78.00,50.00,35.00,59.00,7.38,1.00,26.00,1.00
2024-09-17T16:18:00Z,,,99.00,99.00,91.00,78.00,50.00,35.00,59.00,7.38,1.00,26.00,1.00
2024-09-17T16:33:00Z,,,99.00,99.00,91.00,78.00,59.00,35.00,59.00,7.38,1.00,26.00,1.00
2024-09-17T16:40:00Z,,,99.00,99.00,91.00,78.00,59.00,40.00,59.00,7.38,1.00,26.00,1.00
2024-09-17T16:56:00Z,,,99.00,99.00,91.00,78.00,59.00,40.00,59.00,7.38,1.00,26.00,1.00
2024-09-17T17:39:00Z,,,99.00,99.00,91.00,78.00,59.00,40.00,59.00,7.38,1.00,26.00,1.00
2024-09-17T19:13:00Z,,,99.00,99.00,91.00,84.00,59.00,40.00,59.00,7.38,1.00,26.00,1.00
2024-09-18T00:20:00Z,,,99.00,99.00,91.00,84.00,59.00,40.00,59.00,7.38,1.00,26.00,1.00
2024-09-18T01:35:00Z,,,99.00,99.00,91.00,78.00,59.00,40.00,59.00,7.38,1.00,26.00,1.00
2024-09-18T01:42:00Z,,,99.00,99.00,91.00,81.00,59.00,40.00,59.00,7.38,1.00,26.00,1.00
2024-09-18T03:36:00Z,,,99.00,99.00,91.00,84.00,59.00,40.00,59.00,7.38,1.00,26.00,1.00
2024-09-18T13:22:00Z,,,99.00,99.00,91.00,84.00,59.00,43.00,59.00,7.38,1.00,26.00,1.00
2024-09-18T21:12:00Z,,,99.00,99.00,91.00,84.00,63.00,43.00,59.00,7.38,1.00,26.00,1.00
2024-09-19T02:07:00Z,,,99.00,99.00,91.00,84.00,63.00,43.00,59.00,7.38,1.00,26.00,1.00
2024-09-19T02:38:00Z,,,99.00,99.00,91.00,84.00,63.00,43.00,59.00,7.38,1.00,26.00,1.00
2024-09-19T03:37:00Z,,,99.00,99.00,91.00,84.00,56.00,43.00,59.00,7.38,1.00,26.00,1.00
2024-09-19T03:51:00Z,,,99.00,99.00,91.00,84.00,63.13,43.00,59.00,7.38,1.00,26.00,1.00
2024-09-19T15:28:00Z,,,99.00,99.00,91.00,84.00,99.00,43.00,59.00,7.38,1.00,26.00,1.00
2024-09-19T15:29:00Z,,,99.00,99.00,91.00,84.00,56.00,43.00,59.00,7.38,1.00,26.00,1.00
2024-09-19T15:30:00Z,,,99.00,99.00,91.00,84.00,64.00,43.00,59.00,7.38,1.00,26.00,1.00
2024-09-19T17:42:00Z,,,99.00,99.00,88.00,84.00,64.00,43.00,59.00,7.38,1.00,26.00,1.00
2024-09-19T19:22:00Z,,,99.00,99.00,88.00,82.00,64.00,43.00,59.00,7.38,1.00,26.00,1.00
2024-09-19T19:24:00Z,,,99.00,99.00,88.00,80.00,64.00,43.00,59.00,7.38,1.00,26.00,1.00
2024-09-19T19:40:00Z,,,99.00,99.00,88.00,80.00,54.40,43.00,59.00,7.38,1.00,26.00,1.00
2024-09-19T22:53:00Z,,,99.00,99.00,88.00,80.00,54.40,31.00,59.00,7.38,1.00,26.00,1.00
2024-09-20T01:20:00Z,,,99.00,99.00,88.00,80.00,54.40,39.03,59.00,7.38,1.00,26.00,1.00
2024-09-20T12:05:00Z,,,99.00,99.00,88.00,80.00,54.40,40.00,59.00,7.38,1.00,26.00,1.00
2024-09-20T12:10:00Z,,,99.00,99.00,88.00,80.00,58.53,40.00,59.00,7.38,1.00,26.00,1.00
2024-09-20T12:14:00Z,,,99.00,99.00,88.00,80.00,50.00,40.00,59.00,7.38,1.00,26.00,1.00
2024-09-20T18:37:00Z,,,99.00,99.00,88.00,80.00,50.00,40.00,59.00,7.38,1.00,26.00,1.00
2024-09-20T23:58:00Z,,,99.00,99.00,88.00,80.00,50.00,40.00,59.00,8.04,1.00,26.00,1.00
2024-09-21T00:57:00Z,,,99.00,99.00,88.00,80.00,53.00,40.00,59.00,8.04,1.00,26.00,1.00
2024-09-21T03:11:00Z,,,99.00,99.00,88.00,80.00,52.58,40.00,59.00,8.04,1.00,26.00,1.00
2024-09-21T17:44:00Z,,,99.00,99.00,88.00,80.00,51.00,40.00,59.00,8.04,1.00,26.00,1.00
2024-09-21T23:29:00Z,,,99.00,99.00,88.00,78.84,51.00,40.00,59.00,8.04,1.00,26.00,1.00
2024-09-21T23:49:00Z,,,99.00,99.00,88.00,78.84,54.00,40.00,59.00,8.04,1.00,26.00,1.00
2024-09-22T00:13:00Z,,,99.00,99.00,88.00,78.84,54.00,40.00,59.00,8.04,1.00,26.00,1.00
2024-09-22T01:15:00Z,,,99.00,99.00,88.00,78.84,50.00,40.00,59.00,8.04,1.00,26.00,1.00
2024-09-22T13:32:00Z,,,99.00,99.00,88.00,78.84,54.00,40.00,59.00,8.04,1.00,26.00,1.00
2024-09-22T13:33:00Z,,,99.00,99.00,88.00,78.84,54.00,40.00,59.00,8.00,1.00,26.00,1.00
2024-09-22T15:04:00Z,,,99.00,99.00,88.00,80.04,54.00,40.00,59.00,8.00,1.00,26.00,1.00
2024-09-22T15:06:00Z,,,99.00,99.00,88.00,80.04,54.00,40.00,59.00,8.00,1.00,26.00,1.00
2024-09-22T15:20:00Z,,,99.00,99.00,88.00,80.04,54.00,40.00,59.00,8.00,1.00,26.00,1.00
2024-09-22T16:57:00Z,,,99.00,99.00,88.00,80.04,54.00,40.00,59.00,8.00,1.00,26.00,1.00
2024-09-22T18:19:00Z,,,99.00,99.00,88.00,80.04,56.50,40.00,59.00,8.00,1.00,26.00,1.00
2024-09-22T20:08:00Z,,,99.00,99.00,88.00,80.04,58.00,40.00,59.00,8.00,1.00,26.00,1.00
2024-09-22T21:17:00Z,,,99.00,99.00,88.00,80.04,58.00,40.00,59.00,8.00,1.00,26.00,1.00
2024-09-22T22:39:00Z,,,99.00,99.00,88.00,80.04,58.00,40.00,59.00,6.00,1.00,26.00,1.00
2024-09-22T22:51:00Z,,,99.00,99.00,88.00,80.04,57.00,40.00,59.00,6.00,1.00,26.00,1.00
2024-09-23T01:45:00Z,,,99.00,99.00,88.00,81.00,57.00,40.00,59.00,6.00,1.00,26.00,1.00
2024-09-23T03:08:00Z,,,99.00,99.00,96.45,81.00,57.00,40.00,59.00,6.00,1.00,26.00,1.00
2024-09-23T03:56:00Z,,,99.00,99.00,96.45,81.00,57.00,40.00,59.00,3.02,1.00,26.00,1.00
2024-09-23T12:02:00Z,,,99.00,99.00,96.45,81.00,57.00,40.00,59.00,6.00,2.00,1.00,1.00
2024-09-23T12:03:00Z,,,96.00,95.00,93.00,77.00,52.00,40.00,59.00,6.00,2.00,1.00,1.00
2024-09-23T16:13:00Z,,,96.00,95.00,93.00,77.00,52.00,40.00,59.00,4.00,2.00,1.00,1.00
2024-09-23T16:21:00Z,,,96.00,95.00,93.00,80.85,52.00,40.00,59.00,4.00,2.00,1.00,1.00
2024-09-23T16:29:00Z,,,96.00,95.00,93.00,80.85,52.00,40.00,59.00,4.00,1.00,1.00,1.00
2024-09-23T16:31:00Z,,,96.00,95.00,93.00,83.00,52.00,40.00,59.00,4.00,1.00,1.00,1.00
2024-09-23T16:34:00Z,,,96.00,95.00,93.00,83.00,52.00,40.00,59.00,3.00,1.00,1.00,1.00
2024-09-23T16:37:00Z,,,96.00,95.00,93.00,83.00,52.00,40.00,59.00,1.00,1.00,1.00,1.00
2024-09-23T18:04:00Z,,,96.00,95.00,93.00,82.00,52.00,40.00,59.00,1.00,1.00,1.00,1.00
2024-09-23T18:49:00Z,,,96.00,95.00,93.00,82.00,52.00,40.00,59.00,1.00,1.00,1.00,1.00
2024-09-23T18:56:00Z,,,96.00,95.00,95.00,82.00,52.00,40.00,59.00,1.00,1.00,1.00,1.00
2024-09-23T20:58:00Z,,,96.00,95.00,95.00,82.00,57.00,40.00,59.00,1.00,1.00,1.00,1.00
2024-09-23T23:00:00Z,,,96.00,95.00,95.00,82.00,57.00,40.00,59.00,1.00,1.00,1.00,1.00
2024-09-23T23:23:00Z,,,96.00,95.00,95.00,78.20,53.00,40.00,59.00,1.00,1.00,1.00,1.00
2024-09-24T00:51:00Z,,,96.00,95.00,95.00,78.20,47.77,40.00,59.00,1.00,1.00,1.00,1.00
2024-09-24T01:04:00Z,,,96.00,95.00,95.00,78.20,49.00,40.00,59.00,1.00,1.00,1.00,1.00
2024-09-24T01:11:00Z,,,96.00,95.00,95.00,78.20,50.00,40.00,59.00,1.00,1.00,1.00,1.00
2024-09-24T01:22:00Z,,,96.00,95.00,95.00,77.00,50.00,40.00,59.00,1.00,1.00,1.00,1.00
2024-09-24T01:34:00Z,,,96.00,95.00,93.14,77.00,50.00,40.00,59.00,1.00,1.00,1.00,1.00
2024-09-24T12:07:00Z,,,96.00,95.00,93.14,77.00,50.00,40.00,59.00,1.00,1.00,1.00,1.00
2024-09-24T14:25:00Z,,,96.00,95.00,93.14,77.00,51.00,40.00,59.00,1.00,1.00,1.00,1.00
2024-09-24T14:50:00Z,,,99.00,95.00,93.14,77.00,51.00,40.00,59.00,1.00,1.00,1.00,1.00
2024-09-24T17:25:00Z,,,99.00,95.00,93.14,77.00,51.00,40.00,59.00,1.00,1.00,1.00,1.00
2024-09-24T17:56:00Z,,,99.00,95.00,93.14,77.00,51.00,40.00,59.00,1.00,1.00,1.00,1.00
2024-09-24T17:57:00Z,,,99.00,95.00,93.14,77.00,51.00,40.00,59.00,1.00,1.00,1.00,1.00
2024-09-24T19:22:00Z,,,99.00,95.00,93.14,77.00,51.00,40.00,59.00,1.00,1.00,1.00,1.00
2024-09-24T20:15:00Z,,,99.00,95.00,93.14,77.00,51.00,40.00,59.00,1.00,1.00,1.00,1.00
2024-09-24T20:27:00Z,,,99.00,95.00,93.14,77.00,51.00,40.00,59.00,1.00,1.00,1.00,1.00
2024-09-24T22:51:00Z,,,99.00,95.00,93.14,77.00,51.00,40.00,59.00,1.00,1.00,1.00,1.00
2024-09-24T23:30:00Z,,,99.00,95.00,93.14,77.00,51.00,40.00,59.00,1.00,1.00,1.00,1.00
2024-09-24T23:49:00Z,,,99.00,95.00,93.14,77.00,51.00,40.00,59.00,1.00,1.00,1.00,1.00
2024-09-24T23:51:00Z,,,99.00,95.00,93.14,77.00,51.00,40.00,59.00,1.00,1.00,1.00,1.00
2024-09-25T00:24:00Z,,,99.00,95.00,93.14,77.00,51.00,40.00,59.00,1.00,1.00,1.00,1.00
2024-09-25T01:25:00Z,,,99.00,95.00,93.14,78.00,51.00,40.00,59.00,1.00,1.00,1.00,1.00
2024-09-25T02:27:00Z,,,99.00,95.00,93.14,78.00,51.00,40.00,59.00,1.00,1.00,1.00,1.00
2024-09-25T14:20:00Z,,,99.00,95.00,93.14,78.00,53.00,40.00,59.00,1.00,1.00,1.00,1.00
2024-09-25T19:12:00Z,,,99.00,95.00,93.15,78.00,53.00,40.00,59.00,1.00,1.00,1.00,1.00
2024-09-25T19:46:00Z,,,99.00,95.00,93.15,78.00,53.00,40.00,59.00,1.00,1.00,1.00,1.00
2024-09-25T20:05:00Z,,,99.00,95.00,93.15,74.00,53.00,40.00,59.00,1.00,1.00,1.00,1.00
2024-09-25T21:36:00Z,,,99.00,95.00,93.15,74.00,53.00,40.00,59.00,1.00,1.00,1.00,1.00
2024-09-25T22:10:00Z,,,99.00,95.00,93.15,77.00,53.00,40.00,59.00,1.00,1.00,1.00,1.00
2024-09-25T22:56:00Z,,,99.00,95.00,93.15,77.00,48.00,40.00,59.00,1.00,1.00,1.00,1.00
2024-09-25T23:14:00Z,,,99.00,95.00,93.15,78.00,48.00,40.00,59.00,1.00,1.00,1.00,1.00
2024-09-26T00:16:00Z,,,99.00,95.00,93.15,78.00,48.00,40.00,59.00,1.00,1.00,1.00,1.00
2024-09-26T02:15:00Z,,,99.00,95.00,93.15,78.00,52.00,40.00,59.00,1.00,1.00,1.00,1.00
2024-09-26T03:37:00Z,,,99.00,95.00,93.15,78.00,48.00,40.00,59.00,1.00,1.00,1.00,1.00
2024-09-26T15:01:00Z,,,99.00,95.00,94.00,78.00,48.00,40.00,59.00,1.00,1.00,1.00,1.00
2024-09-26T15:35:00Z,,,99.00,95.00,94.00,78.00,52.00,40.00,59.00,1.00,1.00,1.00,1.00
2024-09-26T16:55:00Z,,,99.00,95.00,93.00,78.00,52.00,40.00,59.00,1.00,1.00,1.00,1.00
2024-09-26T17:23:00Z,,,99.00,95.00,93.00,78.00,52.00,40.00,59.00,1.00,1.00,1.00,1.00
2024-09-26T17:30:00Z,,,99.00,95.00,93.00,78.00,52.00,40.00,59.00,1.00,1.00,1.00,1.00
2024-09-26T18:47:00Z,,,99.00,95.00,93.00,78.00,49.00,40.00,59.00,1.00,1.00,1.00,1.00
2024-09-26T20:19:00Z,,,99.00,95.00,93.00,78.00,49.77,40.00,59.00,1.00,1.00,1.00,1.00
2024-09-26T20:43:00Z,,,99.00,95.00,93.00,78.00,48.00,40.00,59.00,1.00,1.00,1.00,1.00
2024-09-26T21:00:00Z,,,99.00,95.00,93.00,78.00,50.00,40.00,59.00,1.00,1.00,1.00,1.00
2024-09-26T23:57:00Z,,,99.00,95.00,93.00,78.00,50.00,40.00,59.00,1.00,1.00,1.00,1.00
2024-09-26T23:58:00Z,,,99.00,95.00,93.00,78.00,50.00,40.00,59.00,1.00,1.00,1.00,1.00
2024-09-27T00:21:00Z,,,99.00,95.00,92.00,78.00,50.00,40.00,59.00,1.00,1.00,1.00,1.00
2024-09-27T01:41:00Z,,,99.00,95.00,92.00,69.70,50.00,40.00,59.00,1.00,1.00,1.00,1.00
2024-09-27T01:42:00Z,,,99.00,95.00,92.00,69.70,48.49,40.00,59.00,1.00,1.00,1.00,1.00
2024-09-27T12:44:00Z,,,99.00,95.00,92.00,69.70,47.20,40.00,59.00,1.00,1.00,1.00,1.00
2024-09-27T12:46:00Z,,,99.00,95.00,92.00,72.00,47.20,40.00,59.00,1.00,1.00,1.00,1.00
2024-09-27T12:48:00Z,,,99.00,95.00,92.00,72.00,53.00,40.00,59.00,1.00,1.00,1.00,1.00
2024-09-27T12:50:00Z,,,99.00,95.00,92.00,72.00,53.00,40.00,59.00,1.00,1.00,1.00,1.00
2024-09-27T13:16:00Z,,,99.00,95.00,92.00,72.00,55.00,40.00,59.00,1.00,1.00,1.00,1.00
2024-09-27T13:48:00Z,,,99.00,95.00,92.00,72.00,52.00,40.00,59.00,1.00,1.00,1.00,1.00
2024-09-27T13:49:00Z,,,99.00,95.00,92.00,74.00,52.00,40.00,59.00,1.00,1.00,1.00,1.00
2024-09-27T13:51:00Z,,,99.00,95.00,92.00,66.48,52.00,40.00,59.00,1.00,1.00,1.00,1.00
2024-09-27T13:58:00Z,,,99.00,95.00,92.00,66.48,45.00,40.00,59.00,1.00,1.00,1.00,1.00
2024-09-27T14:05:00Z,,,99.00,95.00,92.00,67.00,45.00,40.00,59.00,1.00,1.00,1.00,1.00
2024-09-27T14:50:00Z,,,99.00,95.00,92.00,67.00,45.00,40.00,59.00,1.00,1.00,1.00,1.00
2024-09-27T14:51:00Z,,,99.00,95.00,92.00,67.00,46.00,40.00,59.00,1.00,1.00,1.00,1.00
2024-09-27T15:35:00Z,,,99.00,95.00,92.00,67.00,46.00,40.00,59.00,1.00,1.00,1.00,1.00
2024-09-27T16:24:00Z,,,99.00,95.00,92.00,68.00,46.00,40.00,59.00,1.00,1.00,1.00,1.00
2024-09-27T16:49:00Z,,,99.00,95.00,92.00,68.00,46.00,40.00,59.00,1.00,1.00,1.00,1.00
2024-09-27T17:43:00Z,,,99.00,95.00,92.00,67.00,46.00,40.00,59.00,1.00,1.00,1.00,1.00
2024-09-27T18:50:00Z,,,99.00,95.00,92.00,67.00,47.00,40.00,59.00,1.00,1.00,1.00,1.00
2024-09-27T18:55:00Z,,,99.00,95.00,92.00,67.00,47.00,40.00,59.00,1.00,1.00,1.00,1.00
2024-09-27T19:45:00Z,,,99.00,95.00,92.00,67.00,47.00,40.00,59.00,1.00,1.00,1.00,1.00
2024-09-27T19:57:00Z,,,99.00,95.00,92.00,68.83,47.00,40.00,59.00,1.00,1.00,1.00,1.00
2024-09-27T20:08:00Z,,,99.00,95.00,92.00,63.20,42.21,40.00,59.00,1.00,1.00,1.00,1.00
2024-09-27T20:17:00Z,,,99.00,95.00,92.00,63.20,39.00,40.00,59.00,1.00,1.00,1.00,1.00
2024-09-27T20:30:00Z,,,99.00,95.00,92.00,66.00,39.00,40.00,59.00,1.00,1.00,1.00,1.00
2024-09-27T22:09:00Z,,,99.00,95.00,92.00,66.00,39.00,40.00,59.00,5.12,1.00,1.00,1.00
2024-09-27T22:21:00Z,,,99.00,95.00,92.00,66.00,39.00,40.00,59.00,1.16,1.00,1.00,1.00
2024-09-27T22:47:00Z,,,99.00,95.00,92.00,66.00,39.00,40.00,59.00,1.00,1.00,1.00,1.00
2024-09-28T00:04:00Z,,,99.00,95.00,90.00,66.00,39.00,40.00,59.00,1.00,1.00,1.00,1.00
2024-09-28T00:18:00Z,,,99.00,95.00,90.00,66.00,39.00,40.00,59.00,1.00,1.00,1.00,1.00
2024-09-28T00:19:00Z,,,99.00,95.00,90.00,66.00,39.00,40.00,12.00,1.00,1.00,1.00,1.00
2024-09-28T00:27:00Z,,,99.00,95.00,90.00,67.00,39.00,40.00,12.00,1.00,1.00,1.00,1.00
2024-09-28T01:46:00Z,,,99.00,95.00,90.00,67.00,46.00,40.00,12.00,1.00,1.00,1.00,1.00
2024-09-28T03:56:00Z,,,99.00,95.00,90.00,67.00,35.60,40.00,12.00,1.00,1.00,1.00,1.00
2024-09-28T13:41:00Z,,,99.00,95.00,90.00,68.32,35.60,40.00,12.00,1.00,1.00,1.00,1.00
2024-09-28T14:33:00Z,,,99.00,95.00,90.00,68.32,54.00,40.00,12.00,1.00,1.00,1.00,1.00
2024-09-28T15:18:00Z,,,99.00,95.00,90.00,71.00,54.00,40.00,12.00,1.00,1.00,1.00,1.00
2024-09-28T17:58:00Z,,,99.00,95.00,90.00,71.00,54.00,40.00,12.00,1.00,1.31,1.00,1.00
2024-09-28T18:48:00Z,,,99.00,95.00,90.00,69.00,54.00,40.00,12.00,1.00,1.31,1.00,1.00
2024-09-28T20:31:00Z,,,99.00,95.00,90.00,68.00,54.00,40.00,12.00,1.00,1.31,1.00,1.00
2024-09-28T20:58:00Z,,,99.00,95.00,90.00,61.23,39.00,40.00,12.00,1.00,1.31,1.00,1.00
2024-09-28T23:52:00Z,,,99.00,95.00,90.00,61.23,46.00,40.00,12.00,1.00,1.31,1.00,1.00
2024-09-29T00:20:00Z,,,99.00,95.00,90.00,69.00,46.00,40.00,12.00,1.00,1.31,1.00,1.00
2024-09-29T01:38:00Z,,,99.00,96.00,89.00,69.00,46.00,40.00,12.00,4.00,1.31,1.00,1.00
2024-09-29T01:48:00Z,,,99.00,96.00,89.00,69.00,44.00,40.00,12.00,4.00,1.31,1.00,1.00
2024-09-29T14:43:00Z,,,99.00,96.00,89.00,69.00,44.00,40.00,12.00,4.00,1.31,1.00,1.00
2024-09-29T15:10:00Z,,,99.00,96.00,89.00,69.00,44.00,40.00,12.00,4.00,1.31,1.00,1.00
2024-09-29T15:28:00Z,,,99.00,96.00,89.00,69.00,44.00,40.00,12.00,4.00,1.31,1.00,1.00
2024-09-29T15:35:00Z,,,99.00,96.00,89.00,69.00,44.00,40.00,12.00,4.00,1.31,1.00,1.00
2024-09-29T15:56:00Z,,,99.00,96.00,89.00,69.00,39.00,40.00,12.00,4.00,1.31,1.00,1.00
2024-09-29T16:07:00Z,,,99.00,96.00,89.00,69.00,44.00,40.00,12.00,4.00,1.31,1.00,1.00
2024-09-29T16:12:00Z,,,99.00,96.00,89.00,69.00,44.00,40.00,12.00,4.00,1.31,1.00,1.00
2024-09-29T18:03:00Z,,,99.00,96.00,89.00,69.00,44.00,40.00,12.00,4.00,1.31,1.00,1.00
2024-09-29T18:04:00Z,,,99.00,96.00,89.00,69.00,44.00,40.00,11.00,4.00,1.31,1.00,1.00
2024-09-29T18:37:00Z,,,99.00,96.00,89.00,69.00,44.00,40.00,11.00,4.00,1.31,1.00,1.00
2024-09-29T21:06:00Z,,,99.00,97.00,89.00,69.00,44.00,40.00,11.00,4.00,1.31,1.00,1.00
2024-09-29T21:39:00Z,,,99.00,97.00,89.00,69.00,44.00,40.00,12.22,4.00,1.31,1.00,1.00
2024-09-29T22:03:00Z,,,99.00,97.00,89.00,69.00,44.00,40.00,12.22,4.00,1.31,1.00,1.00
2024-09-29T22:23:00Z,,,99.00,97.00,89.00,69.00,44.51,40.00,12.22,4.00,1.31,1.00,1.00
2024-09-29T22:31:00Z,,,99.00,97.00,89.00,68.00,39.00,40.00,12.22,4.00,1.31,1.00,1.00
2024-09-29T22:43:00Z,,,99.00,97.00,89.00,68.00,45.00,40.00,12.22,4.00,1.31,1.00,1.00
2024-09-29T23:13:00Z,,,99.00,97.00,89.75,68.00,45.00,40.00,12.22,4.00,1.31,1.00,1.00
2024-09-29T23:14:00Z,,,99.00,97.00,89.75,68.00,45.00,40.00,12.22,4.00,1.31,1.00,1.00
2024-09-29T23:25:00Z,,,99.00,97.00,89.75,69.00,45.00,40.00,12.22,4.00,1.31,1.00,1.00
2024-09-29T23:43:00Z,,,99.00,97.00,89.75,69.00,45.00,40.00,12.22,4.00,1.00,1.00,1.00
2024-09-29T23:53:00Z,,,99.00,97.00,89.75,69.00,46.00,40.00,12.22,4.00,1.00,1.00,1.00
2024-09-30T00:10:00Z,,,99.00,97.00,89.75,69.00,46.00,40.00,12.22,4.00,1.00,1.00,1.00
2024-09-30T00:30:00Z,,,99.00,97.00,89.75,69.00,46.00,40.00,12.22,2.00,1.00,1.00,1.00
2024-09-30T00:37:00Z,,,99.00,97.00,91.00,69.00,46.00,40.00,12.22,2.00,1.00,1.00,1.00
2024-09-30T00:40:00Z,,,99.00,97.00,91.00,71.00,46.00,40.00,12.22,2.00,1.00,1.00,1.00
2024-09-30T00:42:00Z,,,99.00,97.00,91.00,71.00,46.00,40.00,12.00,2.00,1.00,1.00,1.00
2024-09-30T00:50:00Z,,,99.00,97.00,91.00,71.00,46.00,40.00,12.00,2.00,1.00,1.00,1.00
2024-09-30T01:01:00Z,,,99.00,97.00,91.00,71.00,46.00,40.00,12.00,2.00,1.00,1.00,1.00
2024-09-30T01:07:00Z,,,99.00,97.00,91.00,71.00,42.02,40.00,12.00,2.00,1.00,1.00,1.00
2024-09-30T01:39:00Z,,,99.00,97.00,91.00,71.00,42.02,40.00,12.00,3.00,1.00,1.00,1.00
2024-09-30T01:47:00Z,,,99.00,97.00,91.00,71.00,42.00,40.00,12.00,3.00,1.00,1.00,1.00
2024-09-30T02:25:00Z,,,99.00,97.00,91.00,71.00,42.00,40.00,12.00,3.00,1.00,1.00,1.00
2024-09-30T02:54:00Z,,,99.00,97.00,91.00,71.00,42.00,40.00,12.00,3.00,1.00,1.00,1.00
2024-09-30T12:08:00Z,,,99.00,97.00,91.00,71.00,40.00,40.00,12.00,3.00,1.00,1.00,1.00
2024-09-30T12:35:00Z,,,99.00,97.00,91.00,68.00,40.00,40.00,12.00,3.00,1.00,1.00,1.00
2024-09-30T13:07:00Z,,,99.00,97.00,91.00,68.00,40.00,40.00,13.97,3.00,1.00,1.00,1.00
2024-09-30T13:25:00Z,,,99.00,97.00,91.00,68.00,45.00,40.00,13.97,3.00,1.00,1.00,1.00
2024-09-30T13:26:00Z,,,99.00,97.00,91.00,68.00,45.00,40.00,13.97,3.00,1.00,1.00,1.00
2024-09-30T14:11:00Z,,,99.00,97.00,91.00,69.00,45.00,40.00,13.97,3.00,1.00,1.00,1.00
2024-09-30T14:14:00Z,,,99.00,97.00,91.00,69.00,46.00,40.00,13.97,3.00,1.00,1.00,1.00
2024-09-30T15:06:00Z,,,99.00,97.00,91.00,69.00,47.00,40.00,13.97,3.00,1.00,1.00,1.00
2024-09-30T15:16:00Z,,,99.00,97.00,91.00,69.00,46.00,40.00,13.97,3.00,1.00,1.00,1.00
2024-09-30T15:44:00Z,,,99.00,97.00,91.00,69.00,46.00,40.00,13.97,3.00,1.00,1.00,1.00
2024-09-30T16:06:00Z,,,99.00,97.00,91.00,71.00,46.00,40.00,13.97,3.00,1.00,1.00,1.00
2024-09-30T16:10:00Z,,,99.00,97.00,91.00,65.00,46.00,40.00,13.97,3.00,1.00,1.00,1.00
2024-09-30T16:26:00Z,,,99.00,97.00,88.65,63.56,39.79,40.00,13.97,3.00,1.00,1.00,1.00
2024-09-30T16:31:00Z,,,99.00,97.00,88.65,69.00,39.79,40.00,13.97,3.00,1.00,1.00,1.00
2024-09-30T16:33:00Z,,,99.00,97.00,88.65,69.00,45.00,40.00,13.97,3.00,1.00,1.00,1.00
2024-09-30T17:00:00Z,,,99.00,97.00,88.65,69.00,45.00,40.00,13.97,3.00,1.00,1.00,1.00
2024-09-30T17:02:00Z,,,99.00,97.00,88.65,70.00,45.00,40.00,13.97,3.00,1.00,1.00,1.00
2024-09-30T17:11:00Z,,,99.00,97.00,88.65,72.00,45.00,40.00,13.97,3.00,1.00,1.00,1.00
2024-09-30T17:56:00Z,,,99.00,97.00,91.00,72.00,45.00,40.00,11.00,3.00,1.00,1.00,1.00
2024-09-30T17:57:00Z,,,99.00,97.00,91.00,72.00,45.00,40.00,11.00,3.00,1.00,1.00,1.00
2024-09-30T18:03:00Z,,,99.00,97.00,91.00,72.00,45.00,40.00,11.00,3.00,1.00,1.00,1.00
2024-09-30T18:44:00Z,,,99.00,97.00,91.00,72.00,47.00,40.00,10.00,3.00,1.00,1.00,1.00
2024-09-30T19:38:00Z,,,99.00,97.00,91.00,72.00,37.00,40.00,10.00,3.00,1.00,1.00,1.00
2024-09-30T19:45:00Z,,,99.00,97.00,91.00,72.00,37.00,40.00,10.00,3.00,1.00,1.00,1.00
2024-09-30T20:03:00Z,,,99.00,97.00,91.00,72.00,45.00,40.00,10.00,3.00,1.00,1.00,1.00
2024-09-30T20:15:00Z,,,99.00,97.00,91.00,72.00,45.00,40.00,10.00,3.00,1.00,1.00,1.00
2024-09-30T20:17:00Z,,,99.00,97.00,91.00,72.00,45.00,40.00,10.00,3.00,1.00,1.00,1.00
2024-09-30T20:30:00Z,,,99.00,97.00,91.00,72.00,45.00,40.00,10.00,3.00,1.00,1.00,1.00
2024-09-30T20:49:00Z,,,99.00,97.00,91.00,72.00,48.00,40.00,10.00,3.00,1.00,1.00,1.00
2024-09-30T20:55:00Z,,,99.00,97.00,91.00,72.00,48.00,40.00,10.00,3.00,1.00,1.00,1.00
2024-09-30T21:03:00Z,,,99.00,97.00,91.00,72.00,48.00,40.00,8.77,3.00,1.00,1.00,1.00
2024-09-30T21:04:00Z,,,99.00,97.00,94.00,72.00,48.00,40.00,8.77,3.00,1.00,1.00,1.00
2024-09-30T21:05:00Z,,,99.00,97.00,94.00,72.00,50.10,40.00,8.77,3.00,1.00,1.00,1.00
2024-09-30T21:08:00Z,,,99.00,97.00,94.00,72.00,50.10,40.00,8.77,3.00,1.00,1.00,1.00
2024-09-30T21:16:00Z,,,99.00,97.00,94.00,72.00,50.10,40.00,8.00,3.00,1.00,1.00,1.00
2024-09-30T21:17:00Z,,,99.00,97.00,94.00,72.00,50.10,40.00,8.00,3.00,1.00,1.00,1.00
2024-09-30T21:39:00Z,,,99.00,97.00,94.00,72.00,51.00,40.00,8.00,3.00,1.00,1.00,1.00
2024-09-30T21:48:00Z,,,99.00,97.00,94.00,64.00,39.00,40.00,8.00,3.00,1.00,1.00,1.00
2024-09-30T21:55:00Z,,,99.00,97.00,94.00,64.00,49.00,40.00,8.00,3.00,1.00,1.00,1.00
2024-09-30T22:01:00Z,,,99.00,97.00,94.00,64.00,39.00,40.00,8.00,3.00,1.00,1.00,1.00
2024-09-30T22:06:00Z,,,99.00,97.00,94.00,64.00,49.00,40.00,8.00,3.00,1.00,1.00,1.00
2024-09-30T22:09:00Z,,,99.00,97.00,94.00,64.00,49.00,40.00,8.00,3.00,1.00,1.00,1.00
2024-09-30T22:12:00Z,,,99.00,97.00,94.00,72.00,49.00,40.00,8.00,3.00,1.00,1.00,1.00
2024-09-30T22:13:00Z,,,99.00,97.00,94.00,72.00,50.76,40.00,8.00,3.00,1.00,1.00,1.00
2024-09-30T22:21:00Z,,,99.00,97.00,94.00,72.00,50.00,40.00,8.00,3.00,1.00,1.00,1.00
2024-09-30T22:38:00Z,,,99.00,97.00,94.00,72.00,50.00,40.00,8.00,3.00,1.00,1.00,1.00
2024-09-30T23:46:00Z,,,99.00,97.00,94.00,73.00,50.00,40.00,8.00,3.00,1.00,1.00,1.00
2024-10-01T00:02:00Z,,,99.00,97.00,94.00,73.00,50.00,40.00,8.00,3.00,1.00,1.00,1.00
2024-10-01T00:13:00Z,,,99.00,97.00,94.00,73.00,50.00,40.00,8.00,3.00,1.00,1.00,1.00
2024-10-01T00:14:00Z,,,99.00,97.00,94.00,73.00,50.00,40.00,8.00,3.00,1.00,1.00,1.00
2024-10-01T00:31:00Z,,,99.00,97.00,94.00,73.00,50.00,40.00,8.00,2.71,1.00,1.00,1.00
2024-10-01T00:46:00Z,,,99.00,97.00,94.00,73.00,50.00,40.00,8.00,2.71,1.00,1.00,1.00
2024-10-01T00:47:00Z,,,99.00,97.00,94.00,73.00,49.00,40.00,8.00,2.71,1.00,1.00,1.00
2024-10-01T00:56:00Z,,,99.00,97.00,94.00,80.00,49.00,40.00,8.00,2.71,1.00,1.00,1.00
2024-10-01T01:50:00Z,,,99.00,97.00,94.00,80.00,50.00,40.00,8.00,2.71,1.00,1.00,1.00
2024-10-01T02:07:00Z,,,99.00,97.00,94.00,80.00,50.00,40.00,7.00,2.71,1.00,1.00,1.00
2024-10-01T02:08:00Z,,,99.00,97.00,94.00,80.00,50.00,40.00,5.55,2.71,1.00,1.00,1.00
2024-10-01T02:11:00Z,,,99.00,97.00,94.00,72.55,50.00,40.00,5.55,2.71,1.00,1.00,1.00
2024-10-01T02:23:00Z,,,99.00,97.00,89.02,61.93,50.00,40.00,5.55,2.71,1.00,1.00,1.00
2024-10-01T02:24:00Z,,,99.00,96.00,87.00,61.93,38.05,40.00,5.55,2.71,1.00,1.00,1.00
2024-10-01T02:26:00Z,,,99.00,96.00,92.00,61.93,38.05,40.00,5.55,2.71,1.00,1.00,1.00
2024-10-01T02:28:00Z,,,99.00,96.00,92.00,61.93,40.00,40.00,5.55,2.71,1.00,1.00,1.00
2024-10-01T02:30:00Z,,,99.00,97.00,92.00,61.93,40.00,40.00,5.55,2.71,1.00,1.00,1.00
2024-10-01T02:31:00Z,,,99.00,97.00,92.00,61.93,40.00,40.00,5.55,2.71,1.00,1.00,1.00
2024-10-01T02:49:00Z,,,99.00,97.00,92.00,61.93,40.00,40.00,5.55,2.71,1.00,1.00,1.00
2024-10-01T02:50:00Z,,,99.00,97.00,92.00,61.93,40.00,40.00,5.55,2.71,1.00,1.00,1.00
2024-10-01T02:57:00Z,,,99.00,97.00,92.00,61.93,40.00,40.00,5.55,2.71,1.00,1.00,1.00
2024-10-01T03:08:00Z,,,99.00,97.00,92.00,66.00,40.00,40.00,5.55,2.71,1.00,1.00,1.00
2024-10-01T03:13:00Z,,,99.00,97.00,92.00,66.00,40.00,40.00,5.55,2.71,1.00,1.00,1.00
2024-10-01T03:25:00Z,,,99.00,97.00,92.00,66.00,40.00,40.00,5.55,2.71,1.00,1.00,1.00
2024-10-01T03:27:00Z,,,99.00,97.00,92.00,66.00,40.00,40.00,5.55,2.71,1.00,1.00,1.00
2024-10-01T03:49:00Z,,,99.00,97.00,92.00,66.00,40.00,40.00,5.55,2.71,1.00,1.00,1.00
2024-10-01T03:52:00Z,,,99.00,97.00,92.00,66.00,40.00,40.00,5.55,2.71,1.00,1.00,1.00
2024-10-01T03:55:00Z,,,99.00,97.00,92.00,66.00,40.00,40.00,11.00,2.71,1.00,1.00,1.00
2024-10-01T12:47:00Z,,,99.00,97.00,92.00,66.00,35.00,40.00,11.00,2.71,1.00,1.00,1.00
2024-10-01T13:06:00Z,,,99.00,97.00,92.00,66.00,35.00,40.00,11.00,2.71,1.00,1.00,1.00
2024-10-01T13:13:00Z,,,99.00,97.00,92.00,66.00,35.00,40.00,11.00,2.71,1.00,1.00,1.00
2024-10-01T13:19:00Z,,,99.00,97.00,92.00,66.00,35.00,40.00,11.00,2.71,1.00,1.00,1.00
2024-10-01T13:24:00Z,,,99.00,97.00,92.00,63.50,35.00,40.00,11.00,2.71,1.00,1.00,1.00
2024-10-01T13:46:00Z,,,99.00,97.00,92.00,61.24,35.00,40.00,11.00,2.71,1.00,1.00,1.00
2024-10-01T13:49:00Z,,,99.00,97.00,92.00,61.24,27.09,40.00,11.00,2.71,1.00,1.00,1.00
2024-10-01T13:51:00Z,,,99.00,97.00,92.00,61.24,27.00,40.00,11.00,2.71,1.00,1.00,1.00
2024-10-01T13:56:00Z,,,99.00,97.00,81.85,61.24,27.00,40.00,11.00,2.71,1.00,1.00,1.00
2024-10-01T13:57:00Z,,,99.00,97.00,79.26,61.24,27.00,40.00,11.00,2.71,1.00,1.00,1.00
2024-10-01T13:58:00Z,,,99.00,90.73,79.26,61.24,27.00,40.00,11.00,2.71,1.00,1.00,1.00
2024-10-01T14:00:00Z,,,99.00,90.73,79.26,61.24,27.00,40.00,11.00,2.71,1.00,1.00,1.00
2024-10-01T14:14:00Z,,,99.00,90.73,79.26,61.24,27.00,40.00,11.00,2.71,1.00,1.00,1.00
2024-10-01T14:27:00Z,,,99.00,90.73,79.26,59.00,27.00,40.00,11.00,2.71,1.00,1.00,1.00
2024-10-01T14:47:00Z,,,99.00,90.73,79.26,59.00,18.48,40.00,11.00,2.71,1.00,1.00,1.00
2024-10-01T14:48:00Z,,,99.00,90.73,79.26,55.18,18.48,40.00,11.00,2.71,1.00,1.00,1.00
2024-10-01T14:53:00Z,,,99.00,90.73,85.00,55.18,18.48,40.00,11.00,2.71,1.00,1.00,1.00
2024-10-01T15:09:00Z,,,99.00,90.73,85.00,55.18,22.30,40.00,11.00,2.71,1.00,1.00,1.00
2024-10-01T15:12:00Z,,,99.00,90.73,85.46,55.18,22.30,40.00,11.00,2.71,1.00,1.00,1.00
2024-10-01T15:26:00Z,,,99.00,90.73,85.00,55.18,22.30,40.00,11.00,2.71,1.00,1.00,1.00
2024-10-01T15:29:00Z,,,99.00,90.73,85.00,55.18,24.40,40.00,11.00,2.71,1.00,1.00,1.00
2024-10-01T15:32:00Z,,,99.00,90.73,85.00,49.00,24.40,40.00,11.00,2.71,1.00,1.00,1.00
2024-10-01T15:51:00Z,,,99.00,90.73,85.00,57.12,25.87,40.00,11.00,2.71,1.00,1.00,1.00
2024-10-01T16:01:00Z,,,99.00,90.73,85.00,58.28,25.87,40.00,11.00,2.71,1.00,1.00,1.00
2024-10-01T16:03:00Z,,,99.00,90.73,85.00,58.28,17.11,40.00,11.00,2.71,1.00,1.00,1.00
2024-10-01T16:10:00Z,,,99.00,90.73,85.00,58.28,25.00,40.00,11.00,2.71,1.00,1.00,1.00
2024-10-01T16:11:00Z,,,99.00,90.73,85.00,58.28,26.00,40.00,11.00,2.71,1.00,1.00,1.00
2024-10-01T16:23:00Z,,,99.00,90.73,85.41,58.28,26.00,40.00,11.00,2.71,1.00,1.00,1.00
2024-10-01T16:35:00Z,,,99.00,90.73,85.41,58.28,22.00,40.00,11.00,2.71,1.00,1.00,1.00
2024-10-01T16:46:00Z,,,99.00,90.73,85.41,58.28,22.00,40.00,2.54,2.71,1.00,1.00,1.00
2024-10-01T16:47:00Z,,,99.00,90.73,85.41,58.28,22.00,40.00,2.54,2.71,1.35,1.00,1.00
2024-10-01T16:52:00Z,,,99.00,90.73,85.41,58.28,25.00,40.00,2.54,2.71,1.35,1.00,1.00
2024-10-01T16:55:00Z,,,99.00,90.73,85.41,57.00,25.00,40.00,2.54,2.71,1.35,1.00,1.00
2024-10-01T17:06:00Z,,,99.00,90.73,85.31,57.00,25.00,40.00,2.54,2.71,1.35,1.00,1.00
2024-10-01T17:20:00Z,,,99.00,90.73,85.31,57.00,17.00,40.00,2.54,2.71,1.35,1.00,1.00
2024-10-01T17:27:00Z,,,99.00,90.73,85.31,60.00,17.00,40.00,2.54,2.71,1.35,1.00,1.00
2024-10-01T17:44:00Z,,,99.00,90.73,85.31,60.00,16.76,40.00,2.54,2.71,1.35,1.00,1.00
2024-10-01T17:45:00Z,,,99.00,90.73,85.31,57.00,16.76,40.00,2.54,2.71,1.35,1.00,1.00
2024-10-01T17:47:00Z,,,99.00,90.73,86.00,57.00,16.76,40.00,2.54,2.71,1.35,1.00,1.00
2024-10-01T17:48:00Z,,,99.00,94.00,86.00,57.00,16.76,40.00,2.54,2.71,1.35,1.00,1.00
2024-10-01T17:49:00Z,,,99.00,94.00,86.00,57.00,24.08,40.00,2.54,2.71,1.35,1.00,1.00
2024-10-01T17:50:00Z,,,99.00,94.00,86.00,57.00,24.08,40.00,2.54,2.71,1.35,1.00,1.00
2024-10-01T18:04:00Z,,,99.00,94.00,86.00,57.00,24.08,40.00,2.54,2.71,1.35,1.00,1.00
2024-10-01T18:05:00Z,,,99.00,94.00,85.00,57.00,24.08,40.00,2.54,2.71,1.35,1.00,1.00
2024-10-01T18:08:00Z,,,99.00,94.00,85.00,57.00,24.00,40.00,2.54,2.71,1.35,1.00,1.00
2024-10-01T18:09:00Z,,,99.00,94.00,86.00,57.00,24.00,40.00,2.54,2.71,1.35,1.00,1.00
2024-10-01T18:12:00Z,,,99.00,94.00,86.00,57.00,24.00,40.00,2.54,2.71,1.35,1.00,1.00
2024-10-01T18:25:00Z,,,99.00,94.00,86.00,57.00,24.00,40.00,2.54,2.71,1.35,1.00,1.00
2024-10-01T18:57:00Z,,,99.00,94.00,86.00,59.00,24.00,40.00,2.54,2.71,1.35,1.00,1.00
2024-10-01T19:02:00Z,,,99.00,94.00,86.00,59.00,24.00,40.00,2.54,2.71,1.35,1.00,1.00
2024-10-01T19:03:00Z,,,99.00,94.00,86.00,59.00,24.00,40.00,2.54,2.71,1.35,1.00,1.00
2024-10-01T19:09:00Z,,,99.00,96.00,86.00,59.00,24.00,40.00,2.54,2.71,1.35,1.00,1.00
2024-10-01T19:19:00Z,,,99.00,96.00,86.00,59.00,25.00,40.00,2.54,2.71,1.35,1.00,1.00
2024-10-01T19:23:00Z,,,99.00,96.00,86.00,59.00,25.00,40.00,2.54,2.71,1.35,1.00,1.00
2024-10-01T19:32:00Z,,,99.00,96.00,86.00,59.00,25.00,40.00,2.54,2.71,1.35,1.00,1.00
2024-10-01T19:36:00Z,,,99.00,96.00,86.00,57.00,25.00,40.00,2.54,2.71,1.35,1.00,1.00
2024-10-01T19:46:00Z,,,99.00,96.00,86.00,57.00,25.00,40.00,2.54,2.71,1.35,1.00,1.00
2024-10-01T19:48:00Z,,,99.00,96.00,86.00,57.00,25.00,40.00,2.54,2.71,1.35,1.00,1.00
2024-10-01T19:58:00Z,,,99.00,96.00,81.00,57.00,25.00,40.00,2.54,2.71,1.35,1.00,1.00
2024-10-01T20:02:00Z,,,99.00,96.00,81.00,57.00,25.00,40.00,2.54,2.71,1.35,1.00,1.00
2024-10-01T20:05:00Z,,,99.00,96.00,81.00,59.00,25.00,40.00,2.54,2.71,1.35,1.00,1.00
2024-10-01T20:06:00Z,,,99.00,96.00,81.00,59.00,22.00,40.00,2.54,2.71,1.35,1.00,1.00
2024-10-01T20:08:00Z,,,99.00,96.00,81.00,59.00,22.00,40.00,2.54,2.71,1.35,1.00,1.00
2024-10-01T20:14:00Z,,,99.00,96.00,87.13,59.00,22.00,40.00,2.54,2.71,1.35,1.00,1.00
2024-10-01T20:19:00Z,,,99.00,96.00,87.13,59.00,20.09,40.00,2.54,2.71,1.35,1.00,1.00
2024-10-01T20:20:00Z,,,99.00,96.00,87.13,53.00,20.09,40.00,2.54,2.71,1.35,1.00,1.00
2024-10-01T20:24:00Z,,,99.00,96.00,87.13,57.54,20.09,40.00,2.54,2.71,1.35,1.00,1.00
2024-10-01T20:27:00Z,,,99.00,96.00,87.13,57.54,21.00,40.00,2.54,2.71,1.35,1.00,1.00
2024-10-01T20:32:00Z,,,99.00,96.00,87.13,57.54,14.30,40.00,2.54,2.71,1.35,1.00,1.00
2024-10-01T20:39:00Z,,,99.00,96.00,87.13,57.00,14.30,40.00,2.54,2.71,1.35,1.00,1.00
2024-10-01T20:42:00Z,,,99.00,96.00,87.13,57.00,14.30,40.00,2.54,2.71,1.35,1.00,1.00
2024-10-01T20:53:00Z,,,99.00,96.00,87.13,53.33,14.30,40.00,2.54,2.71,1.35,1.00,1.00
2024-10-01T20:58:00Z,,,99.00,96.00,87.13,53.33,14.30,40.00,2.54,2.71,1.35,1.00,1.00
2024-10-01T20:59:00Z,,,99.00,96.00,78.60,53.33,14.30,40.00,2.54,2.71,1.35,1.00,1.00
2024-10-01T21:01:00Z,,,99.00,96.00,78.60,53.33,17.00,40.00,2.54,2.71,1.35,1.00,1.00
2024-10-01T21:02:00Z,,,99.00,96.00,78.60,53.00,17.00,40.00,2.54,2.71,1.35,1.00,1.00
2024-10-01T21:27:00Z,,,99.00,96.00,84.00,53.00,17.00,40.00,2.54,2.71,1.35,1.00,1.00
2024-10-01T21:32:00Z,,,99.00,96.00,85.48,53.00,17.00,40.00,2.54,2.71,1.35,1.00,1.00
2024-10-01T21:36:00Z,,,99.00,96.00,85.48,46.77,17.00,40.00,2.54,2.71,1.35,1.00,1.00
2024-10-01T21:42:00Z,,,99.00,96.00,73.45,55.00,17.00,40.00,2.54,2.71,1.35,1.00,1.00
2024-10-01T21:44:00Z,,,99.00,96.00,73.45,55.00,15.66,40.00,2.54,2.71,1.35,1.00,1.00
2024-10-01T21:46:00Z,,,99.00,96.00,73.45,24.00,15.66,40.00,2.54,2.71,1.35,1.00,1.00
2024-10-01T21:48:00Z,,,99.00,96.00,2.00,25.00,15.66,40.00,2.54,2.71,1.35,1.00,1.00
2024-10-01T21:56:00Z,,,99.00,96.00,86.00,25.00,15.66,40.00,2.54,2.71,1.35,1.00,1.00
2024-10-01T21:57:00Z,,,99.00,96.00,86.00,53.00,15.66,40.00,2.54,2.71,1.35,1.00,1.00
2024-10-01T22:02:00Z,,,99.00,95.00,86.00,53.00,15.66,40.00,2.54,2.71,1.35,1.00,1.00
2024-10-01T22:03:00Z,,,99.00,91.00,86.00,53.00,15.66,40.00,2.54,2.71,1.35,1.00,1.00
2024-10-01T22:28:00Z,,,99.00,91.00,82.00,53.00,15.66,40.00,2.54,2.71,1.35,1.00,1.00
2024-10-01T22:44:00Z,,,99.00,91.00,82.00,53.00,15.66,40.00,3.00,2.71,1.35,1.00,1.00
2024-10-01T23:18:00Z,,,99.00,91.00,82.00,49.00,15.66,40.00,3.00,2.71,1.35,1.00,1.00
2024-10-01T23:28:00Z,,,99.00,91.00,72.00,49.00,15.66,40.00,3.00,2.71,1.35,1.00,1.00
2024-10-01T23:29:00Z,,,99.00,91.00,72.00,52.00,15.66,40.00,3.00,2.71,1.35,1.00,1.00
2024-10-01T23:30:00Z,,,99.00,91.00,72.00,52.00,15.66,40.00,2.00,2.71,1.35,1.00,1.00
2024-10-02T00:10:00Z,,,99.00,91.00,71.00,52.00,15.66,40.00,2.00,2.71,1.35,1.00,1.00
2024-10-02T00:15:00Z,,,99.00,91.00,81.00,52.00,15.66,40.00,2.00,2.71,1.35,1.00,1.00
2024-10-02T00:16:00Z,,,99.00,91.00,81.00,45.00,15.66,40.00,2.00,2.71,1.35,1.00,1.00
2024-10-02T00:18:00Z,,,99.00,91.00,81.00,46.26,15.00,40.00,2.00,2.71,1.35,1.00,1.00
2024-10-02T00:23:00Z,,,99.00,91.00,81.00,46.26,15.00,40.00,2.00,2.71,1.35,1.00,1.00
2024-10-02T00:28:00Z,,,99.00,91.00,81.00,47.56,15.00,40.00,2.00,2.71,1.35,1.00,1.00
2024-10-02T00:40:00Z,,,99.00,91.00,81.00,50.00,15.00,40.00,2.00,2.71,1.35,1.00,1.00
2024-10-02T00:47:00Z,,,99.00,91.00,81.00,50.00,15.00,40.00,2.00,2.71,1.35,1.00,1.00
2024-10-02T01:24:00Z,,,99.00,91.00,81.00,50.00,15.00,40.00,2.00,2.71,1.35,1.00,1.00
2024-10-02T01:25:00Z,,,99.00,91.00,81.00,50.00,15.00,40.00,2.00,2.71,1.35,1.00,1.00
2024-10-02T01:30:00Z,,,99.00,91.00,81.00,50.00,15.00,40.00,1.00,2.71,1.35,1.00,1.00
2024-10-02T01:42:00Z,,,99.00,91.00,82.00,50.00,15.00,40.00,1.00,2.71,1.35,1.00,1.00
2024-10-02T02:18:00Z,,,99.00,91.00,82.00,41.36,15.00,40.00,1.00,2.71,1.35,1.00,1.00
2024-10-02T02:21:00Z,,,99.00,91.00,83.00,41.36,15.00,40.00,1.00,2.71,1.35,1.00,1.00
2024-10-02T02:22:00Z,,,99.00,91.00,83.00,41.36,15.00,40.00,1.00,2.71,1.35,1.00,1.00
2024-10-02T02:28:00Z,,,99.00,91.00,83.00,47.00,15.00,40.00,1.00,2.71,1.35,1.00,1.00
2024-10-02T02:41:00Z,,,99.00,91.00,83.00,47.00,15.00,40.00,1.00,2.71,1.35,1.00,1.00
2024-10-02T03:06:00Z,,,99.00,91.00,83.00,47.05,15.00,40.00,1.00,2.71,1.35,1.00,1.00
2024-10-02T03:53:00Z,,,99.00,91.00,82.00,47.05,15.00,40.00,1.00,2.71,1.35,1.00,1.00
2024-10-02T12:01:00Z,,,99.00,91.00,82.00,17.16,15.00,40.00,1.00,2.71,1.35,1.00,1.00
2024-10-02T12:09:00Z,,,99.00,91.00,82.00,17.16,15.00,40.00,1.00,2.71,1.35,1.00,1.00
2024-10-02T12:10:00Z,,,99.00,91.00,82.00,49.00,15.00,40.00,1.00,2.71,1.35,1.00,1.00
2024-10-02T12:24:00Z,,,99.00,91.00,82.00,45.00,15.00,40.00,1.00,2.71,1.35,1.00,1.00
2024-10-02T12:25:00Z,,,99.00,91.00,82.00,45.00,12.00,40.00,1.00,2.71,1.35,1.00,1.00
2024-10-02T12:58:00Z,,,99.00,91.00,82.00,45.00,4.00,40.00,1.00,2.71,1.35,1.00,1.00
2024-10-02T13:05:00Z,,,99.00,91.00,82.00,30.00,4.00,40.00,1.00,2.71,1.35,1.00,1.00
2024-10-02T13:06:00Z,,,99.00,91.00,82.00,28.00,4.00,40.00,1.00,2.71,1.35,1.00,1.00
2024-10-02T13:20:00Z,,,99.00,91.00,74.00,28.00,4.00,40.00,1.00,2.71,1.35,1.00,1.00
2024-10-02T13:28:00Z,,,99.00,91.00,75.00,28.00,4.00,40.00,1.00,2.71,1.35,1.00,1.00
2024-10-02T13:43:00Z,,,99.00,91.00,75.00,33.16,4.00,40.00,1.00,2.71,1.35,1.00,1.00
2024-10-02T13:44:00Z,,,99.00,91.00,75.00,36.00,4.00,40.00,1.00,2.71,1.35,1.00,1.00
2024-10-02T13:48:00Z,,,99.00,91.00,75.00,36.00,4.00,40.00,2.00,2.71,1.35,1.00,1.00
2024-10-02T13:59:00Z,,,99.00,91.00,75.00,28.00,4.00,40.00,2.00,2.71,1.35,1.00,1.00
2024-10-02T14:04:00Z,,,99.00,91.00,75.00,28.00,3.00,40.00,2.00,2.71,1.35,1.00,1.00
2024-10-02T14:16:00Z,,,99.00,91.00,75.00,25.00,3.00,40.00,2.00,2.71,1.35,1.00,1.00
2024-10-02T14:21:00Z,,,99.00,91.00,75.00,25.00,6.64,40.00,2.00,2.71,1.35,1.00,1.00
2024-10-02T14:22:00Z,,,99.00,91.00,75.00,25.00,7.00,40.00,2.00,2.71,1.35,1.00,1.00
2024-10-02T14:28:00Z,,,99.00,91.00,75.00,25.00,7.00,40.00,2.00,2.71,1.35,1.00,1.00
2024-10-02T14:29:00Z,,,99.00,91.00,66.67,25.00,7.00,40.00,2.00,2.71,1.35,1.00,1.00
2024-10-02T14:38:00Z,,,99.00,91.00,72.00,25.00,7.00,40.00,2.00,2.71,1.35,1.00,1.00
2024-10-02T14:48:00Z,,,99.00,91.00,74.00,22.03,7.00,40.00,2.00,2.71,1.35,1.00,1.00
2024-10-02T14:52:00Z,,,99.00,91.00,74.00,16.00,7.00,40.00,2.00,2.71,1.35,1.00,1.00
2024-10-02T14:55:00Z,,,99.00,91.00,59.00,16.00,7.00,40.00,2.00,2.71,1.35,1.00,1.00
2024-10-02T14:56:00Z,,,99.00,91.00,68.00,16.00,6.00,40.00,2.00,2.71,1.35,1.00,1.00
2024-10-02T15:00:00Z,,,99.00,91.00,56.00,16.00,6.00,40.00,2.00,2.71,1.35,1.00,1.00
2024-10-02T15:02:00Z,,,99.00,91.00,56.00,40.00,6.00,40.00,3.00,2.71,1.35,1.00,1.00
2024-10-02T15:13:00Z,,,99.00,91.00,65.00,40.00,6.00,40.00,3.00,2.71,1.35,1.00,1.00
2024-10-02T15:14:00Z,,,99.00,91.00,65.00,22.43,5.21,40.00,3.00,2.71,1.35,1.00,1.00
2024-10-02T15:20:00Z,,,99.00,89.00,65.00,18.00,5.21,40.00,3.00,2.71,1.35,1.00,1.00
2024-10-02T15:21:00Z,,,99.00,93.00,65.00,18.00,5.21,40.00,3.00,2.71,1.35,1.00,1.00
2024-10-02T15:50:00Z,,,99.00,93.00,65.00,14.70,1.00,40.00,3.00,2.71,1.35,1.00,1.00
2024-10-02T15:55:00Z,,,99.00,93.00,65.00,14.70,1.00,40.00,3.00,2.71,1.35,1.00,1.00
2024-10-02T16:02:00Z,,,99.00,93.00,65.00,11.00,1.00,40.00,3.00,2.71,1.35,1.00,1.00
2024-10-02T16:03:00Z,,,99.00,93.00,55.00,11.00,1.00,40.00,3.00,2.71,1.35,1.00,1.00
2024-10-02T16:12:00Z,,,99.00,93.00,49.98,11.00,1.00,40.00,3.00,2.71,1.35,1.00,1.00
2024-10-02T16:20:00Z,,,99.00,93.00,49.98,18.58,1.00,40.00,3.00,2.71,1.35,1.00,1.00
2024-10-02T16:33:00Z,,,99.00,93.00,49.98,19.00,1.00,40.00,3.00,2.71,1.35,1.00,1.00
2024-10-02T16:36:00Z,,,99.00,93.00,60.00,19.00,1.00,40.00,3.00,2.71,1.35,1.00,1.00
2024-10-02T16:44:00Z,,,99.00,93.00,60.00,18.00,1.00,40.00,3.00,2.71,1.35,1.00,1.00
2024-10-02T16:55:00Z,,,99.00,93.00,39.74,18.00,1.00,40.00,3.00,2.71,1.35,1.00,1.00
2024-10-02T17:32:00Z,,,99.00,93.00,41.00,18.00,1.00,40.00,3.00,2.71,1.35,1.00,1.00
2024-10-02T17:54:00Z,,,99.00,93.00,41.00,8.00,1.00,40.00,3.00,2.71,1.35,1.00,1.00
2024-10-02T17:55:00Z,,,99.00,93.00,41.00,8.00,1.00,40.00,3.00,2.71,1.35,1.00,1.00
2024-10-02T18:00:00Z,,,99.00,93.00,59.14,8.00,1.00,40.00,3.00,2.71,1.35,1.00,1.00
2024-10-02T18:27:00Z,,,99.00,90.00,59.14,8.00,1.00,40.00,3.00,2.71,1.35,1.00,1.00
2024-10-02T18:35:00Z,,,99.00,90.00,59.14,8.00,4.00,40.00,3.00,2.71,1.35,1.00,1.00
2024-10-02T18:42:00Z,,,99.00,90.00,62.57,8.00,4.00,40.00,3.00,2.71,1.35,1.00,1.00
2024-10-02T19:17:00Z,,,97.20,90.00,62.57,8.00,4.00,40.00,3.00,2.71,1.35,1.00,1.00
2024-10-02T19:18:00Z,,,97.20,90.00,62.00,8.00,4.00,40.00,3.00,2.71,1.35,1.00,1.00
2024-10-02T19:34:00Z,,,97.20,90.00,61.00,8.00,4.00,40.00,3.00,2.71,1.35,1.00,1.00
2024-10-02T19:36:00Z,,,97.20,90.00,47.24,8.00,4.00,40.00,3.00,2.71,1.35,1.00,1.00
2024-10-02T19:50:00Z,,,97.20,90.00,47.24,8.00,4.00,40.00,3.00,2.71,1.35,1.00,1.00
2024-10-02T19:58:00Z,,,97.20,90.00,47.24,14.00,3.00,40.00,3.00,2.71,1.35,1.00,1.00
2024-10-02T19:59:00Z,,,97.20,90.00,50.00,14.00,3.00,40.00,3.00,2.71,1.35,1.00,1.00
2024-10-02T20:27:00Z,,,97.20,90.00,36.00,14.00,3.00,40.00,3.00,2.71,1.35,1.00,1.00
2024-10-02T20:33:00Z,,,97.20,90.00,35.00,14.00,3.00,40.00,3.00,2.71,1.35,1.00,1.00
2024-10-02T20:59:00Z,,,97.20,90.00,43.00,14.00,3.00,40.00,3.00,2.71,1.35,1.00,1.00
2024-10-02T21:04:00Z,,,97.20,73.29,43.00,14.00,3.00,40.00,3.00,2.71,1.35,1.00,1.00
2024-10-02T21:05:00Z,,,97.20,73.29,32.00,14.00,3.00,40.00,3.00,2.71,1.35,1.00,1.00
2024-10-02T21:07:00Z,,,97.20,73.00,32.00,14.00,3.00,40.00,3.00,2.71,2.00,1.00,1.00
2024-10-02T21:08:00Z,,,97.20,71.45,40.48,14.00,3.00,40.00,3.00,2.71,2.00,1.00,1.00
2024-10-02T21:10:00Z,,,97.20,71.45,40.48,4.00,3.00,40.00,3.00,2.71,2.00,1.00,1.00
2024-10-02T21:14:00Z,,,97.20,71.45,30.00,4.00,3.00,40.00,3.00,2.71,2.00,1.00,1.00
2024-10-02T21:15:00Z,,,97.20,67.00,30.00,4.00,3.00,40.00,3.00,2.71,2.00,1.00,1.00
2024-10-02T21:16:00Z,,,97.20,67.00,28.00,4.00,3.00,40.00,3.00,2.71,2.00,1.00,1.00
2024-10-02T21:20:00Z,,,97.20,76.00,40.48,11.39,3.00,40.00,3.00,2.71,2.00,1.00,1.00
2024-10-02T21:27:00Z,,,97.20,75.00,40.48,11.39,3.00,40.00,3.00,2.71,2.00,1.00,1.00
2024-10-02T21:51:00Z,,,97.20,75.00,41.03,12.08,3.00,40.00,3.00,2.71,2.00,1.00,1.00
2024-10-02T22:12:00Z,,,97.20,75.00,23.26,12.08,3.00,40.00,3.00,2.71,2.00,1.00,1.00
2024-10-02T22:25:00Z,,,97.20,75.00,47.00,12.08,3.00,40.00,3.00,2.71,2.00,1.00,1.00
2024-10-02T22:28:00Z,,,97.20,75.00,47.00,12.08,3.00,40.00,3.00,2.71,2.00,1.00,1.00
2024-10-02T22:30:00Z,,,97.20,75.00,27.00,12.08,3.00,40.00,3.00,2.71,2.00,1.00,1.00
2024-10-02T22:32:00Z,,,97.20,75.00,27.00,12.00,3.00,40.00,3.00,2.71,2.00,1.00,1.00
2024-10-02T22:44:00Z,,,97.20,75.00,27.00,5.00,3.00,40.00,3.00,2.71,2.00,1.00,1.00
2024-10-02T22:45:00Z,,,97.20,75.00,26.00,5.00,3.00,40.00,3.00,2.71,2.00,1.00,1.00
2024-10-02T22:53:00Z,,,97.20,75.00,43.45,5.00,3.00,40.00,3.00,2.71,2.00,1.00,1.00
2024-10-02T23:01:00Z,,,97.20,75.00,41.00,5.00,3.00,40.00,3.00,2.71,2.00,1.00,1.00
2024-10-02T23:12:00Z,,,97.20,75.00,41.00,5.00,3.00,40.00,3.00,2.71,2.00,1.00,1.00
2024-10-02T23:15:00Z,,,97.20,75.00,41.00,11.05,3.00,40.00,3.00,2.71,2.00,1.00,1.00
2024-10-02T23:30:00Z,,,97.20,75.00,41.00,11.05,1.00,40.00,3.00,2.71,2.00,1.00,1.00
2024-10-03T00:25:00Z,,,97.20,75.00,41.00,4.00,1.00,40.00,3.00,2.71,2.00,1.00,1.00
2024-10-03T00:32:00Z,,,97.20,75.00,28.00,4.00,1.00,40.00,3.00,2.71,2.00,1.00,1.00
2024-10-03T00:39:00Z,,,97.20,75.00,23.00,4.00,1.00,40.00,3.00,2.71,2.00,1.00,1.00
2024-10-03T00:50:00Z,,,97.20,75.00,38.35,4.00,1.00,40.00,3.00,2.71,2.00,1.00,1.00
2024-10-03T01:09:00Z,,,97.20,75.00,20.00,4.00,1.00,40.00,3.00,2.71,2.00,1.00,1.00
2024-10-03T01:14:00Z,,,97.20,75.00,20.00,4.00,1.00,40.00,3.00,2.71,2.00,1.00,1.00
2024-10-03T01:21:00Z,,,97.20,66.13,20.00,4.00,1.00,40.00,3.00,2.71,2.00,1.00,1.00
2024-10-03T01:24:00Z,,,97.20,66.13,20.00,4.00,1.00,40.00,3.00,2.71,2.00,1.00,1.00
2024-10-03T01:40:00Z,,,97.20,59.77,20.00,4.00,1.00,40.00,3.00,2.71,2.00,1.00,1.00
2024-10-03T01:41:00Z,,,80.00,59.77,20.00,4.00,1.00,40.00,3.00,2.71,2.00,1.00,1.00
2024-10-03T01:42:00Z,,,80.00,59.77,15.00,4.00,1.00,40.00,3.00,2.71,2.00,1.00,1.00
2024-10-03T01:50:00Z,,,80.00,59.77,15.00,4.00,1.00,40.00,3.00,2.71,2.00,1.00,1.00
2024-10-03T01:53:00Z,,,80.00,46.46,15.00,4.00,1.00,40.00,3.00,2.71,2.00,1.00,1.00
2024-10-03T01:55:00Z,,,80.00,30.00,15.00,4.00,1.00,40.00,3.00,2.71,2.00,1.00,1.00
2024-10-03T01:56:00Z,,,80.00,30.00,10.00,4.00,1.00,40.00,3.00,2.71,2.00,1.00,1.00
2024-10-03T01:58:00Z,,,80.00,30.00,8.00,4.00,1.00,40.00,3.00,2.71,2.00,1.00,1.00
2024-10-03T02:03:00Z,,,80.00,53.00,8.00,4.00,1.00,40.00,3.00,2.71,2.00,1.00,1.00
2024-10-03T02:11:00Z,,,78.21,53.00,8.00,4.00,1.00,40.00,3.00,2.71,2.00,1.00,1.00
2024-10-03T02:15:00Z,,,93.00,53.00,8.00,4.00,1.00,40.00,3.00,2.71,2.00,1.00,1.00
2024-10-03T02:17:00Z,,,93.00,53.00,19.34,4.00,1.00,40.00,3.00,2.71,2.00,1.00,1.00
2024-10-03T02:22:00Z,,,93.00,53.00,19.34,6.19,1.00,40.00,3.00,2.71,2.00,1.00,1.00
2024-10-03T02:39:00Z,,,93.00,53.00,5.00,6.19,1.00,40.00,3.00,2.71,2.00,1.00,1.00
2024-10-03T02:40:00Z,,,93.00,53.00,5.00,1.00,1.00,40.00,3.00,2.71,2.00,1.00,1.00
2024-10-03T02:42:00Z,,,93.00,53.00,5.00,1.00,1.00,40.00,3.00,2.71,2.00,1.00,1.00
2024-10-03T02:47:00Z,,,91.70,53.00,5.00,1.00,1.00,40.00,3.00,2.71,2.00,1.00,1.00
2024-10-03T02:53:00Z,,,91.70,53.00,30.00,1.00,1.00,40.00,3.00,2.71,2.00,1.00,1.00
2024-10-03T02:57:00Z,,,91.70,53.00,10.00,1.00,1.00,40.00,3.00,2.71,2.00,1.00,1.00
2024-10-03T03:34:00Z,,,93.00,53.00,10.00,1.00,1.00,40.00,3.00,2.71,2.00,1.00,1.00
2024-10-03T03:35:00Z,,,93.00,53.00,18.00,1.00,1.00,40.00,3.00,2.71,2.00,1.00,1.00
2024-10-03T03:49:00Z,,,93.00,53.00,18.00,5.00,1.00,40.00,3.00,2.71,2.00,1.00,1.00
2024-10-03T12:08:00Z,,,93.00,53.00,18.00,5.00,1.00,40.00,1.00,2.71,2.00,1.00,1.00
2024-10-03T12:11:00Z,,94.44,93.00,53.00,18.00,5.00,1.00,40.00,1.00,2.71,2.00,1.00,1.00
2024-10-03T12:16:00Z,,94.44,93.00,30.00,18.00,5.00,1.00,40.00,1.00,2.71,2.00,1.00,1.00
2024-10-03T12:25:00Z,,94.44,93.00,30.00,5.00,5.00,1.00,40.00,1.00,2.71,2.00,1.00,1.00
2024-10-03T12:27:00Z,,94.44,58.02,30.00,5.00,5.00,1.00,40.00,1.00,2.71,2.00,1.00,1.00
2024-10-03T12:37:00Z,,94.44,75.00,30.00,5.00,5.00,1.00,40.00,1.00,2.71,2.00,1.00,1.00
2024-10-03T12:54:00Z,,94.44,75.00,30.00,5.00,5.00,1.00,40.00,1.00,2.71,2.00,1.00,1.00
2024-10-03T13:06:00Z,,94.44,75.00,30.00,1.00,1.00,1.00,40.00,1.00,2.71,2.00,1.00,1.00
2024-10-03T13:16:00Z,,94.44,65.00,30.00,1.00,1.00,1.00,40.00,1.00,2.71,2.00,1.00,1.00
2024-10-03T13:30:00Z,,94.44,65.00,30.00,1.00,1.00,1.00,40.00,1.00,2.71,2.00,1.00,1.00
2024-10-03T13:58:00Z,,94.44,65.00,30.00,13.06,1.00,1.00,40.00,1.00,2.71,2.00,1.00,1.00
2024-10-03T14:03:00Z,,94.44,65.00,30.00,13.06,1.00,1.00,40.00,1.00,2.71,2.00,1.00,1.00
2024-10-03T14:06:00Z,,94.44,65.00,25.06,13.06,1.00,1.00,40.00,1.00,2.71,2.00,1.00,1.00
2024-10-03T14:09:00Z,,94.44,65.00,35.00,10.00,1.00,1.00,40.00,1.00,2.71,2.00,1.00,1.00
2024-10-03T14:29:00Z,,94.44,65.00,16.00,10.00,1.00,1.00,40.00,1.00,2.71,2.00,1.00,1.00
2024-10-03T14:33:00Z,,94.44,65.00,28.00,10.00,1.00,1.00,40.00,1.00,2.71,2.00,1.00,1.00
2024-10-03T14:40:00Z,,94.44,65.00,29.76,10.00,1.00,1.00,40.00,1.00,2.71,2.00,1.00,1.00
2024-10-03T14:51:00Z,,94.44,65.00,32.00,10.00,1.00,1.00,40.00,1.00,2.71,2.00,1.00,1.00
2024-10-03T14:53:00Z,,94.44,65.00,23.00,10.00,1.00,1.00,40.00,1.00,2.71,2.00,1.00,1.00
2024-10-03T14:58:00Z,,94.44,73.00,23.00,10.00,1.00,1.00,40.00,1.00,2.71,2.00,1.00,1.00
2024-10-03T15:18:00Z,,94.44,73.00,23.00,1.00,1.00,1.00,40.00,1.00,2.71,2.00,1.00,1.00
2024-10-03T15:19:00Z,,94.44,73.00,28.00,1.00,1.00,1.00,40.00,1.00,2.71,2.00,1.00,1.00
2024-10-03T15:34:00Z,,94.44,73.00,22.00,1.00,1.00,1.00,40.00,1.00,2.71,2.00,1.00,1.00
2024-10-03T15:35:00Z,,94.44,73.00,22.00,1.00,1.00,1.00,40.00,1.00,2.71,2.00,1.00,1.00
2024-10-03T15:42:00Z,,94.44,73.00,17.00,1.00,1.00,1.00,40.00,1.00,2.71,2.00,1.00,1.00
2024-10-03T15:46:00Z,,94.44,62.00,17.00,1.00,1.00,1.00,40.00,1.00,2.71,2.00,1.00,1.00
2024-10-03T15:50:00Z,,94.44,60.00,17.00,1.00,1.00,1.00,40.00,1.00,2.71,2.00,1.00,1.00
2024-10-03T15:52:00Z,,94.44,60.00,15.00,1.00,1.00,1.00,40.00,1.00,2.71,2.00,1.00,1.00
2024-10-03T15:55:00Z,,94.44,60.00,20.00,1.00,1.00,1.00,40.00,1.00,2.71,2.00,1.00,1.00
2024-10-03T16:15:00Z,,94.44,66.00,20.00,1.00,1.00,1.00,40.00,1.00,2.71,2.00,1.00,1.00
2024-10-03T16:29:00Z,,94.00,73.00,20.00,1.00,1.00,1.00,40.00,1.00,2.71,2.00,1.00,1.00
2024-10-03T16:32:00Z,,94.00,73.00,17.24,1.00,1.00,1.00,40.00,1.00,2.71,2.00,1.00,1.00
2024-10-03T16:39:00Z,,94.00,60.00,17.24,1.00,1.00,1.00,40.00,1.00,2.71,2.00,1.00,1.00
2024-10-03T16:44:00Z,,94.00,60.00,18.25,1.00,1.00,1.00,40.00,1.00,2.71,2.00,1.00,1.00
2024-10-03T16:45:00Z,,94.00,60.00,18.25,3.31,1.00,1.00,40.00,1.00,2.71,2.00,1.00,1.00
2024-10-03T16:52:00Z,,94.00,60.00,14.00,3.31,1.00,1.00,40.00,1.00,2.71,2.00,1.00,1.00
2024-10-03T17:02:00Z,,94.00,60.00,10.21,3.31,1.00,1.00,40.00,1.00,2.71,2.00,1.00,1.00
2024-10-03T17:06:00Z,,94.00,51.17,10.21,3.31,1.00,1.00,40.00,1.00,2.71,2.00,1.00,1.00
2024-10-03T17:08:00Z,,94.00,51.17,5.00,3.31,1.00,1.00,40.00,1.00,2.71,2.00,1.00,1.00
2024-10-03T17:11:00Z,,94.00,51.17,5.00,4.00,1.00,1.01,40.00,1.00,2.71,2.00,1.00,1.00
2024-10-03T17:18:00Z,,94.00,51.00,5.00,4.00,1.00,1.01,40.00,1.00,2.71,2.00,1.00,1.00
2024-10-03T17:26:00Z,,94.00,51.00,8.51,4.00,1.00,1.01,40.00,1.00,2.71,2.00,1.00,1.00
2024-10-03T17:28:00Z,,91.00,51.00,8.51,4.00,1.00,1.01,40.00,1.00,2.71,2.00,1.00,1.00
2024-10-03T17:37:00Z,,91.00,51.00,8.51,3.00,1.00,1.01,40.00,1.00,2.71,2.00,1.00,1.00
2024-10-03T17:46:00Z,,91.00,51.00,6.00,3.00,1.00,1.01,40.00,1.00,2.71,2.00,1.00,1.00
2024-10-03T17:47:00Z,,91.00,51.00,6.00,1.00,1.00,1.01,40.00,1.00,2.71,2.00,1.00,1.00
2024-10-03T17:48:00Z,,91.00,51.00,6.00,1.00,1.00,1.01,40.00,1.00,2.71,2.00,1.00,1.00
2024-10-03T17:49:00Z,,91.00,51.00,5.74,1.00,1.00,1.01,40.00,1.00,2.71,2.00,1.00,1.00
2024-10-03T17:51:00Z,,91.00,45.00,5.74,1.00,1.00,1.01,40.00,1.00,2.71,2.00,1.00,1.00
2024-10-03T17:52:00Z,,91.00,45.00,5.74,1.00,1.00,1.01,40.00,1.00,2.71,2.00,1.00,1.00
2024-10-03T17:55:00Z,,91.00,45.00,5.74,1.00,1.00,1.01,40.00,1.00,2.71,2.00,1.00,1.00
2024-10-03T18:18:00Z,,91.00,31.88,5.74,1.00,1.00,1.01,40.00,1.00,2.71,2.00,1.00,1.00
2024-10-03T18:20:00Z,,91.00,21.00,5.74,1.00,1.00,1.01,40.00,1.00,2.71,2.00,1.00,1.00
2024-10-03T18:22:00Z,,91.00,29.00,5.74,1.00,1.00,1.01,40.00,1.00,2.71,2.00,1.00,1.00
2024-10-03T18:24:00Z,,91.00,28.00,5.00,1.00,1.00,1.01,40.00,1.00,2.71,2.00,1.00,1.00
2024-10-03T18:25:00Z,,91.00,28.00,5.00,1.00,1.00,1.01,40.00,1.00,2.71,2.00,1.00,1.00
2024-10-03T18:26:00Z,,91.00,28.00,5.00,1.00,1.00,1.01,40.00,1.00,2.71,2.00,1.00,1.00
2024-10-03T18:30:00Z,,91.00,28.00,5.00,1.00,1.00,1.01,40.00,1.00,2.71,2.00,1.00,1.00
2024-10-03T18:40:00Z,,91.00,21.00,5.00,1.00,1.00,1.01,40.00,1.00,2.71,2.00,1.00,1.00
2024-10-03T18:44:00Z,,91.00,22.00,5.00,1.00,1.00,1.01,40.00,1.00,2.71,2.00,1.00,1.00
2024-10-03T18:52:00Z,,91.00,22.00,5.00,1.00,1.00,1.01,40.00,1.00,2.71,2.00,1.00,1.00
2024-10-03T18:55:00Z,,91.00,22.00,4.74,1.00,1.00,1.01,40.00,1.00,2.71,2.00,1.00,1.00
2024-10-03T18:57:00Z,,91.00,18.00,4.74,1.00,1.00,1.01,40.00,1.00,2.71,2.00,1.00,1.00
2024-10-03T19:07:00Z,,91.00,18.00,4.74,1.00,1.00,1.01,40.00,1.00,2.71,2.00,1.00,1.00
2024-10-03T19:38:00Z,,91.00,19.22,4.74,1.00,1.00,1.01,40.00,1.00,2.71,2.00,1.00,1.00
2024-10-03T19:46:00Z,,91.00,15.46,4.74,1.00,1.00,1.01,40.00,1.00,2.71,2.00,1.00,1.00
2024-10-03T19:50:00Z,,58.33,15.46,4.74,1.00,1.00,1.01,40.00,1.00,2.71,2.00,1.00,1.00
2024-10-03T19:56:00Z,,58.33,15.00,4.74,1.00,1.00,1.01,40.00,1.00,2.71,2.00,1.00,1.00
2024-10-03T20:07:00Z,,38.37,15.00,4.74,1.00,1.00,1.01,40.00,1.00,2.71,2.00,1.00,1.00
2024-10-03T20:11:00Z,,38.37,15.00,1.00,1.00,1.00,1.01,40.00,1.00,2.71,2.00,1.00,1.00
2024-10-03T20:21:00Z,,38.37,15.00,1.00,1.00,1.00,1.01,40.00,1.00,2.71,2.00,1.00,1.00
2024-10-03T20:27:00Z,,38.37,15.00,1.00,1.00,1.00,1.01,40.00,1.00,2.71,2.00,1.00,1.00
2024-10-03T20:51:00Z,,38.37,15.00,3.00,1.00,1.00,1.00,40.00,1.00,2.71,2.00,1.00,1.00
2024-10-03T20:52:00Z,,38.37,12.00,3.00,1.00,1.00,1.00,40.00,1.00,2.71,2.00,1.00,1.00
2024-10-03T20:54:00Z,,38.37,12.00,3.02,1.00,1.00,1.00,40.00,1.00,2.71,2.00,1.00,1.00
2024-10-03T21:04:00Z,,38.37,4.00,3.02,1.00,1.00,1.00,40.00,1.00,2.71,2.00,1.00,1.00
2024-10-03T21:06:00Z,,38.37,4.00,3.02,1.00,1.00,1.00,40.00,1.00,2.71,2.00,1.00,1.00
2024-10-03T21:07:00Z,,65.00,4.00,5.71,1.00,1.00,1.00,40.00,1.00,2.71,2.00,1.00,1.00
2024-10-03T21:26:00Z,,65.00,8.00,5.71,1.00,1.00,2.60,40.00,1.00,2.71,2.00,1.00,1.00
2024-10-03T21:28:00Z,,65.00,8.00,5.71,1.00,1.00,2.60,40.00,1.00,2.71,2.00,1.00,1.00
2024-10-03T21:29:00Z,,65.00,12.00,5.71,1.00,1.00,2.60,40.00,1.00,2.71,2.00,1.00,1.00
2024-10-03T21:37:00Z,,65.00,13.33,5.71,1.00,1.00,2.60,40.00,1.00,2.71,2.00,1.00,1.00
2024-10-03T21:47:00Z,,80.00,13.33,5.71,1.00,1.00,2.60,40.00,1.00,2.71,2.00,1.00,1.00
2024-10-03T21:54:00Z,,85.00,13.33,5.71,1.00,1.00,2.60,40.00,1.00,2.71,2.00,1.00,1.00
2024-10-03T22:01:00Z,,53.80,13.33,5.71,1.00,1.00,2.60,40.00,1.00,2.71,2.00,1.00,1.00
2024-10-03T22:03:00Z,,53.80,13.80,5.71,1.00,1.00,2.60,40.00,1.00,2.71,2.00,1.00,1.00
2024-10-03T22:27:00Z,,53.80,14.00,5.71,1.00,1.00,2.60,40.00,1.00,2.71,2.00,1.00,1.00
2024-10-03T22:34:00Z,,53.80,14.00,5.00,1.00,1.00,2.60,40.00,1.00,2.71,2.00,1.00,1.00
2024-10-03T22:35:00Z,,53.80,11.00,5.00,1.00,1.00,2.60,40.00,1.00,2.71,2.00,1.00,1.00
2024-10-03T22:57:00Z,,53.80,11.00,5.00,1.00,1.00,2.60,40.00,1.00,2.71,2.00,1.00,1.00
2024-10-03T23:05:00Z,,79.00,11.00,5.00,1.00,1.00,2.60,40.00,1.00,2.71,2.00,1.00,1.00
2024-10-03T23:23:00Z,,79.00,11.00,5.00,1.00,1.00,2.60,40.00,1.00,2.71,2.00,1.00,1.00
2024-10-03T23:26:00Z,,79.00,11.00,5.00,1.00,1.00,2.60,40.00,1.00,2.71,2.00,1.00,1.00
2024-10-03T23:35:00Z,,79.00,11.00,5.00,1.00,1.00,1.00,40.00,1.00,2.71,2.00,1.00,1.00
2024-10-03T23:48:00Z,,79.00,11.00,5.00,1.00,1.00,1.00,40.00,1.00,2.71,2.00,1.00,1.00
2024-10-04T00:07:00Z,,79.00,11.00,5.00,1.00,1.00,1.00,40.00,1.00,2.71,2.00,1.00,1.00
2024-10-04T00:17:00Z,,79.00,13.95,5.00,1.00,1.00,1.00,40.00,1.00,2.71,2.00,1.00,1.00
2024-10-04T00:21:00Z,,78.00,13.95,5.00,1.00,1.00,1.00,40.00,1.00,2.71,2.00,1.00,1.00
2024-10-04T00:38:00Z,,78.00,13.95,5.00,1.00,1.00,1.00,40.00,1.00,2.71,2.00,1.00,1.00
2024-10-04T00:49:00Z,,78.00,14.00,5.00,1.00,1.00,1.00,40.00,1.00,2.71,2.00,1.00,1.00
2024-10-04T00:52:00Z,,78.00,14.00,5.00,1.00,1.00,1.00,40.00,1.00,2.71,2.00,1.00,1.00
2024-10-04T01:05:00Z,,78.00,12.00,5.00,1.00,1.00,1.00,40.00,1.00,2.71,2.00,1.00,1.00
2024-10-04T01:20:00Z,,78.00,12.00,5.73,1.00,1.00,1.00,40.00,1.00,2.71,2.00,1.00,1.00
2024-10-04T01:47:00Z,,78.00,24.00,5.73,1.00,1.00,1.00,40.00,1.00,2.71,2.00,1.00,1.00
2024-10-04T12:01:00Z,,65.00,24.00,5.73,1.00,1.00,1.00,40.00,1.00,2.71,2.00,1.00,1.00
2024-10-04T12:23:00Z,,65.00,22.00,5.73,1.00,1.00,1.00,40.00,1.00,2.71,2.00,1.00,1.00
2024-10-04T12:34:00Z,,65.00,12.00,5.73,1.00,1.00,1.00,40.00,1.00,2.71,2.00,1.00,1.00
2024-10-04T13:04:00Z,,55.00,12.00,5.73,1.00,1.00,1.00,40.00,1.00,2.71,2.00,1.00,1.00
2024-10-04T15:04:00Z,,55.00,9.68,5.73,1.00,1.00,1.00,40.00,1.00,2.71,2.00,1.00,1.00
2024-10-04T15:17:00Z,,55.00,10.00,5.73,1.00,1.00,1.00,40.00,1.00,2.71,2.00,1.00,1.00
2024-10-04T15:30:00Z,,55.00,10.00,6.00,1.00,1.00,1.00,40.00,1.00,2.71,2.00,1.00,1.00
2024-10-04T15:32:00Z,,55.00,10.00,6.00,1.64,1.00,1.00,40.00,1.00,2.71,2.00,1.00,1.00
2024-10-04T15:35:00Z,,55.00,3.00,6.00,1.64,1.00,1.00,40.00,1.00,2.71,2.00,1.00,1.00
2024-10-04T15:44:00Z,,55.00,15.54,6.00,1.64,1.00,1.00,40.00,1.00,2.71,2.00,1.00,1.00
2024-10-04T16:00:00Z,,55.00,15.54,6.00,1.64,1.00,1.00,40.00,1.00,2.71,2.00,1.00,1.00
2024-10-04T16:09:00Z,,55.00,8.00,6.00,1.64,1.00,1.00,40.00,1.00,2.71,2.00,1.00,1.00
2024-10-04T16:18:00Z,,55.00,7.00,6.00,1.64,1.00,1.00,40.00,1.00,2.71,2.00,1.00,1.00
2024-10-04T16:22:00Z,,35.07,7.00,6.00,1.64,1.00,1.00,40.00,1.00,2.71,2.00,1.00,1.00
2024-10-04T16:25:00Z,,35.07,7.00,6.00,1.64,1.00,1.00,40.00,1.00,2.71,2.00,1.00,1.00
2024-10-04T16:30:00Z,,31.00,7.00,6.00,1.64,1.00,1.00,40.00,1.00,2.71,2.00,1.00,1.00
2024-10-04T16:35:00Z,,31.53,7.00,6.00,1.64,1.00,1.00,40.00,1.00,2.71,2.00,1.00,1.00
2024-10-04T16:46:00Z,,30.26,7.00,6.00,1.64,1.00,1.00,40.00,1.00,2.71,2.00,1.00,1.00
2024-10-04T16:47:00Z,,30.26,7.00,6.00,1.64,1.00,1.00,40.00,1.00,2.71,2.00,1.00,1.00
2024-10-04T16:58:00Z,,26.00,7.00,6.00,1.64,1.00,1.00,40.00,1.00,2.71,2.00,1.00,1.00
2024-10-04T16:59:00Z,,25.00,7.00,6.00,1.64,1.00,1.00,40.00,1.00,2.71,2.00,1.00,1.00
2024-10-04T17:05:00Z,,22.00,7.00,6.00,1.64,1.00,1.00,40.00,1.00,2.71,2.00,1.00,1.00
2024-10-04T17:06:00Z,,22.00,7.00,6.00,1.64,1.00,1.00,40.00,1.00,2.71,2.00,1.00,1.00
2024-10-04T17:17:00Z,,20.00,7.00,6.00,1.64,1.00,1.00,40.00,1.00,2.71,2.00,1.00,1.00
2024-10-04T17:18:00Z,,20.00,7.00,6.00,1.64,1.00,1.00,40.00,1.00,2.71,2.00,1.00,1.00
2024-10-04T17:23:00Z,,20.00,7.00,6.00,1.64,1.00,1.00,40.00,1.00,2.71,2.00,1.00,1.00
2024-10-04T17:47:00Z,,15.00,7.00,6.00,1.64,1.00,1.00,40.00,1.00,2.71,2.00,1.00,1.00
2024-10-04T18:01:00Z,,24.64,7.00,6.00,1.64,1.00,1.00,40.00,1.00,2.71,2.00,1.00,1.00
2024-10-04T19:30:00Z,,15.00,7.00,6.00,1.64,1.00,1.00,40.00,1.00,2.71,2.00,1.00,1.00
2024-10-04T20:45:00Z,,6.00,7.00,6.00,1.64,1.00,1.00,40.00,1.00,2.71,2.00,1.00,1.00
2024-10-04T21:08:00Z,,25.00,7.00,6.00,1.64,1.00,1.00,40.00,1.00,2.71,2.00,1.00,1.00
2024-10-04T21:24:00Z,,25.00,7.00,6.00,1.64,1.00,1.00,40.00,1.00,2.71,2.00,1.00,1.00
2024-10-04T21:29:00Z,,17.24,7.00,6.00,1.64,1.00,1.00,40.00,1.00,2.71,2.00,1.00,1.00
2024-10-04T21:37:00Z,,17.00,7.00,6.00,1.64,1.00,1.00,40.00,1.00,2.71,2.00,1.00,1.00
2024-10-04T22:45:00Z,,17.00,7.00,6.00,1.64,1.00,1.00,40.00,1.00,2.71,2.00,1.00,1.00
2024-10-05T13:27:00Z,,8.00,7.00,6.00,1.64,1.00,1.00,40.00,1.00,2.71,2.00,1.00,1.00
2024-10-05T15:39:00Z,,8.00,7.00,6.00,1.64,1.00,1.00,40.00,1.00,2.71,2.00,1.00,1.00
2024-10-05T17:41:00Z,,1.00,7.00,6.00,1.64,1.00,1.00,40.00,1.00,2.71,2.00,1.00,1.00
2024-10-05T19:18:00Z,,1.00,7.00,6.00,1.64,1.00,1.00,40.00,1.00,2.71,2.00,1.00,1.00
2024-10-05T20:18:00Z,,1.00,7.00,6.00,1.64,1.00,1.00,40.00,1.00,2.71,2.00,1.00,1.00
2024-10-06T00:13:00Z,,1.00,7.00,6.00,1.64,1.00,1.00,40.00,1.00,2.71,2.00,1.00,1.00
2024-10-06T00:52:00Z,,5.41,7.00,6.00,1.64,1.00,1.00,40.00,1.00,2.71,2.00,1.00,1.00
2024-10-06T14:03:00Z,,10.00,7.00,6.00,1.64,1.00,1.00,40.00,1.00,2.71,2.00,1.00,1.00
2024-10-06T15:00:00Z,,6.00,7.00,6.00,1.64,1.00,1.00,40.00,1.00,2.71,2.00,1.00,1.00
2024-10-06T15:12:00Z,,3.00,7.00,6.00,1.64,1.00,1.00,40.00,1.00,2.71,2.00,1.00,1.00
2024-10-06T15:58:00Z,,3.00,7.00,6.00,1.64,1.00,1.00,40.00,1.00,2.71,2.00,1.00,1.00
2024-10-06T16:47:00Z,,1.25,7.00,6.00,1.64,1.00,1.00,40.00,1.00,2.71,2.00,1.00,1.00
2024-10-06T19:59:00Z,,1.00,7.00,6.00,1.64,1.00,1.00,40.00,1.00,2.71,2.00,1.00,1.00
2024-10-06T20:36:00Z,,5.87,7.00,6.00,1.64,1.00,1.00,40.00,1.00,2.71,2.00,1.00,1.00
2024-10-06T20:40:00Z,,1.00,7.00,6.00,1.64,1.00,1.00,40.00,1.00,2.71,2.00,1.00,1.00
2024-10-06T21:35:00Z,,1.00,7.00,6.00,1.64,1.00,1.00,40.00,1.00,2.71,2.00,1.00,1.00
2024-10-06T23:00:00Z,,3.00,7.00,6.00,1.64,1.00,1.00,40.00,1.00,2.71,2.00,1.00,1.00
2024-10-06T23:57:00Z,,5.09,7.00,6.00,1.64,1.00,1.00,40.00,1.00,2.71,2.00,1.00,1.00
2024-10-07T00:00:00Z,,5.09,7.00,6.00,1.64,2.70,2.29,1.50,1.00,2.71,2.00,1.00,1.00
2024-10-07T02:13:00Z,,1.00,7.00,6.00,1.64,2.70,2.29,1.50,1.00,2.71,2.00,1.00,1.00
2024-10-07T03:28:00Z,,6.90,7.00,6.00,1.64,2.70,2.29,1.50,1.00,2.71,2.00,1.00,1.00
2024-10-07T13:20:00Z,,1.00,7.00,6.00,1.64,2.70,2.29,1.50,1.00,2.71,2.00,1.00,1.00
2024-10-07T13:51:00Z,,1.00,7.00,6.00,1.64,2.70,2.29,1.50,1.00,2.71,2.00,1.00,1.00