timestamp,Above 45,Above 47,Above 50,Above 52,Above 55,Above 60,Above 75,Above 90
2024-03-21T19:09:00Z,,,,,,,62.00,
2024-03-22T17:09:00Z,,,,,,,62.00,43.00
2024-03-23T02:21:00Z,,,,,,,62.00,40.40
2024-03-23T02:40:00Z,,,,,,,62.00,39.00
2024-03-24T15:22:00Z,,,,,,,62.00,34.80
2024-03-24T18:24:00Z,,,,,,,62.00,35.00
2024-03-24T19:33:00Z,,,,,,68.00,62.00,35.00
2024-03-26T02:25:00Z,,,,,,68.00,62.00,34.00
2024-03-26T03:13:00Z,,,,,,62.00,62.00,34.00
2024-03-26T18:24:00Z,,,,,,62.00,56.91,34.00
2024-03-26T18:25:00Z,,,,,,62.00,56.91,35.00
2024-03-26T20:38:00Z,,,,,,64.00,56.91,35.00
2024-03-27T14:33:00Z,,,,,,68.00,56.91,35.00
2024-03-29T15:18:00Z,,,,,,68.00,62.00,35.00
2024-03-29T15:20:00Z,,,,,,68.00,60.00,35.00
2024-03-29T15:25:00Z,,,,,,68.00,63.00,35.00
2024-03-29T22:26:00Z,,,,,,73.00,63.00,35.00
2024-03-30T21:09:00Z,,,,,,73.00,54.00,35.00
2024-03-31T17:10:00Z,,,,,,68.32,54.00,35.00
2024-04-01T23:52:00Z,74.00,,,,,68.32,54.00,35.00
2024-04-01T23:57:00Z,68.00,,,,,59.00,47.57,35.00
2024-04-02T01:11:00Z,69.66,,,,,59.00,39.33,35.00
2024-04-03T14:34:00Z,69.66,,,,,57.81,39.33,35.00
2024-04-03T14:35:00Z,74.00,,,,,57.81,39.33,35.00
2024-04-03T14:56:00Z,74.00,,,,,62.16,39.33,35.00
2024-04-03T21:16:00Z,74.00,,,,,62.16,38.00,35.00
2024-04-04T13:56:00Z,74.00,,,,,62.16,38.00,17.81
2024-04-04T14:02:00Z,74.00,,,,,62.16,38.00,18.00
2024-04-08T17:43:00Z,74.00,,,,,62.16,41.00,18.00
2024-04-08T18:50:00Z,74.00,,,,,62.16,42.54,18.00
2024-04-08T22:48:00Z,78.00,,,,,62.16,42.54,18.00
2024-04-09T03:14:00Z,78.00,,,,,62.16,40.00,18.00
2024-04-09T14:26:00Z,77.00,,,,,62.16,40.00,18.00
2024-04-09T19:03:00Z,77.00,,,,,62.16,43.00,18.00
2024-04-09T21:34:00Z,77.00,,,,,62.16,43.00,18.00
2024-04-10T15:42:00Z,77.00,,,,,57.00,43.00,18.00
2024-04-10T15:43:00Z,77.00,,,,,57.00,39.00,18.00
2024-04-10T16:29:00Z,77.00,,,,,59.00,39.00,18.00
2024-04-10T17:33:00Z,77.00,,,,,55.15,39.00,18.00
2024-04-10T18:19:00Z,76.00,,,,,55.15,39.00,18.00
2024-04-10T18:21:00Z,76.00,,,,,58.00,39.00,18.00
2024-04-10T18:25:00Z,76.00,,,,,58.00,38.00,18.00
2024-04-10T19:29:00Z,76.00,,,,,54.00,38.00,18.00
2024-04-11T12:53:00Z,76.00,,,,,54.00,38.00,18.00
2024-04-11T12:54:00Z,76.88,,,,,54.00,40.00,18.00
2024-04-11T20:23:00Z,76.88,,,,,54.00,40.00,18.00
2024-04-11T22:13:00Z,76.88,,,,,54.00,40.00,14.22
2024-04-11T23:54:00Z,76.88,,,,,54.00,40.00,8.00
2024-04-12T00:38:00Z,76.88,,,,,54.00,40.00,12.00
2024-04-12T18:56:00Z,76.88,,,,,54.00,40.00,11.00
2024-04-13T16:47:00Z,80.00,,,,,54.00,40.00,11.00
2024-04-14T01:45:00Z,80.00,,,,,63.00,40.00,11.00
2024-04-14T21:34:00Z,81.00,,,,,63.00,40.00,11.00
2024-04-15T00:09:00Z,81.00,,,,,63.00,40.00,11.00
2024-04-15T17:49:00Z,81.00,,,,,63.00,43.00,11.00
2024-04-16T00:09:00Z,81.00,,,,,65.00,43.00,11.00
2024-04-17T13:23:00Z,81.00,,,,,65.00,43.11,11.00
2024-04-18T17:19:00Z,81.00,,,,,65.00,43.11,12.00
2024-04-19T14:35:00Z,81.00,,,,,65.00,43.11,12.00
2024-04-19T22:42:00Z,82.00,,,,,65.00,43.11,12.00
2024-04-20T14:36:00Z,82.00,,,,,65.00,44.00,12.00
2024-04-21T15:59:00Z,82.00,,,,,65.00,44.00,12.00
2024-04-21T22:09:00Z,82.00,,,,,65.00,44.00,12.00
2024-04-22T14:32:00Z,82.00,,,,,65.00,44.00,13.00
2024-04-22T20:29:00Z,82.00,,,,,65.00,44.00,13.00
2024-04-23T17:12:00Z,82.00,,,,,65.00,44.00,13.00
2024-04-26T16:28:00Z,82.00,,,,,65.00,39.00,13.00
2024-04-28T18:26:00Z,82.00,,,,,65.00,39.00,13.00
2024-04-29T16:00:00Z,82.00,,,,,65.00,39.00,13.00
2024-04-29T16:01:00Z,82.00,,,,,65.00,39.00,14.00
2024-04-30T14:03:00Z,82.00,,,,,63.19,39.00,14.00
2024-04-30T20:06:00Z,82.00,,,,,63.19,39.00,9.19
2024-05-01T01:18:00Z,82.00,,,,,63.00,39.00,9.19
2024-05-01T02:27:00Z,82.00,,,,,63.00,39.00,9.00
2024-05-01T23:52:00Z,82.00,,,,,65.00,39.00,9.00
2024-05-02T22:21:00Z,82.00,,,,,65.00,39.00,13.00
2024-05-03T00:28:00Z,82.00,,,,,65.00,43.00,13.00
2024-05-03T00:29:00Z,82.00,,,,,65.00,43.00,10.00
2024-05-03T16:21:00Z,82.00,,,,,62.00,43.00,10.00
2024-05-03T18:29:00Z,82.00,,,,,62.00,38.00,10.00
2024-05-04T00:10:00Z,82.00,,,,,62.00,38.00,13.00
2024-05-05T14:59:00Z,82.00,,,,,62.00,38.00,13.00
2024-05-06T18:11:00Z,82.00,,,,,62.00,42.77,13.00
2024-05-06T18:44:00Z,82.00,,,,,62.00,43.28,13.00
2024-05-08T16:05:00Z,82.00,,,,,62.00,44.00,13.00
2024-05-08T22:51:00Z,81.00,,,,,62.00,44.00,13.00
2024-05-10T14:17:00Z,81.00,,,,,60.00,44.00,13.00
2024-05-11T02:22:00Z,81.00,,,,,60.00,44.00,13.00
2024-05-11T17:00:00Z,81.00,,,,,60.00,38.26,13.00
2024-05-11T19:06:00Z,81.00,,,,,60.00,38.26,13.00
2024-05-13T20:29:00Z,81.00,,,,,60.00,38.26,13.00
2024-05-14T02:07:00Z,81.00,,,,,64.00,43.00,13.00
2024-05-14T12:43:00Z,82.92,,,,,64.00,43.00,13.00
2024-05-14T12:44:00Z,82.92,,,,,65.00,43.00,13.00
2024-05-14T12:58:00Z,82.92,,,,,65.00,48.00,13.00
2024-05-14T12:59:00Z,82.92,,,,,65.00,48.00,16.00
2024-05-14T13:38:00Z,92.00,,,,,65.00,48.00,16.00
2024-05-14T16:01:00Z,92.00,,,,,71.00,48.00,16.00
2024-05-14T19:54:00Z,92.00,,,,,71.00,48.00,16.00
2024-05-14T20:11:00Z,92.00,,,,,71.00,46.00,16.00
2024-05-14T21:21:00Z,88.00,,,,,71.00,46.00,16.00
2024-05-15T00:18:00Z,88.00,,,,,74.00,46.00,16.00
2024-05-15T03:25:00Z,88.00,,,,,74.00,52.00,16.00
2024-05-15T14:00:00Z,88.00,,,,,74.00,47.03,16.00
2024-05-15T16:45:00Z,91.90,,,,,76.00,47.03,11.00
2024-05-15T18:04:00Z,91.90,,,,,76.00,47.00,11.00
2024-05-15T20:39:00Z,91.90,,,,,76.00,49.00,11.00
2024-05-15T21:48:00Z,91.90,,,,,76.00,49.00,15.00
2024-05-15T22:44:00Z,91.90,,,,,76.00,45.00,15.00
2024-05-15T23:52:00Z,91.90,,,,,76.00,43.00,15.00
2024-05-16T02:20:00Z,91.90,,,,,76.00,46.66,15.00
2024-05-16T02:21:00Z,91.90,,,,,76.00,50.00,15.00
2024-05-16T02:44:00Z,91.90,,,,,76.00,46.33,15.00
2024-05-16T02:51:00Z,91.90,,,,,76.00,48.00,15.00
2024-05-16T03:29:00Z,91.90,,,,,76.00,45.00,15.00
2024-05-16T03:32:00Z,91.90,,,,,67.57,45.00,15.00
2024-05-16T03:57:00Z,91.90,,,,,68.00,46.00,15.00
2024-05-16T14:03:00Z,86.00,,,,,68.00,46.00,15.00
2024-05-16T15:52:00Z,86.00,,,,,68.00,4.96,15.00
2024-05-16T15:54:00Z,86.00,,,,,68.00,66.25,10.00
2024-05-16T16:17:00Z,86.00,,,,,55.30,66.25,10.00
2024-05-16T16:26:00Z,86.00,,,,,55.30,26.00,10.00
2024-05-16T17:21:00Z,86.00,,,,,55.30,83.00,10.00
2024-05-16T17:53:00Z,86.00,,,,,52.23,25.50,10.00
2024-05-16T17:55:00Z,86.00,,,,,52.23,69.00,10.00
2024-05-16T18:03:00Z,86.00,,,,,50.00,69.00,10.00
2024-05-16T18:19:00Z,86.00,,,,,50.00,35.00,10.00
2024-05-16T18:25:00Z,86.00,,,,,50.63,35.00,10.00
2024-05-16T19:31:00Z,86.00,,,,,50.63,20.00,10.00
2024-05-16T19:47:00Z,86.00,,,,,10.00,20.00,10.00
2024-05-16T19:48:00Z,86.00,,,,,32.50,20.00,10.00
2024-05-16T20:09:00Z,86.00,,,,,32.50,20.00,1.00
2024-05-16T20:11:00Z,31.00,,,,,32.50,20.00,1.00
2024-05-16T20:18:00Z,32.00,,,,,32.50,20.00,1.00
2024-05-16T20:24:00Z,32.00,,,,,32.50,20.00,1.00
2024-05-16T20:50:00Z,32.00,,,,,32.50,3.00,1.00
2024-05-16T21:18:00Z,36.00,,,,,32.50,3.00,1.00
2024-05-16T21:29:00Z,36.00,,,,,15.00,3.00,1.00
2024-05-16T21:34:00Z,36.00,,,,,14.01,3.00,1.00
2024-05-16T21:45:00Z,36.00,,,,,52.50,7.00,1.00
2024-05-16T22:02:00Z,36.00,,,,,52.50,7.00,1.00
2024-05-16T22:24:00Z,36.00,,,,,44.71,8.23,1.00
2024-05-16T22:43:00Z,36.00,,,,,44.71,10.00,1.00
2024-05-16T23:26:00Z,36.00,,,,,44.71,3.00,1.00
2024-05-16T23:28:00Z,36.00,,,,,44.71,3.00,1.00
2024-05-16T23:34:00Z,36.00,,,,,44.71,3.00,1.00
2024-05-16T23:39:00Z,36.00,,,,,44.71,3.00,1.00
2024-05-16T23:52:00Z,36.00,,,,,49.00,3.00,1.00
2024-05-16T23:53:00Z,36.00,,,,,49.00,3.15,1.00
2024-05-16T23:56:00Z,36.00,,,,,49.00,3.15,8.68
2024-05-17T00:13:00Z,36.00,,,,,14.90,10.00,8.68
2024-05-17T00:25:00Z,36.00,,,,,14.90,22.00,8.68
2024-05-17T00:45:00Z,36.00,,,,,14.90,10.00,8.68
2024-05-17T01:06:00Z,36.00,,,,,43.00,10.00,8.68
2024-05-17T01:08:00Z,36.00,,,,,43.00,10.00,8.68
2024-05-17T01:14:00Z,36.00,,,,,43.00,15.00,8.68
2024-05-17T13:32:00Z,36.00,,,,,43.00,15.00,4.00
2024-05-17T14:07:00Z,43.00,,,,,43.00,15.00,4.00
2024-05-17T15:16:00Z,43.00,,,,,42.41,15.00,4.00
2024-05-17T15:17:00Z,43.59,,,,,42.41,15.00,4.00
2024-05-17T15:35:00Z,43.59,,,,,11.20,15.00,4.00
2024-05-17T15:44:00Z,43.59,,,,,9.00,15.00,4.00
2024-05-17T15:56:00Z,42.25,,,,,9.00,15.00,4.00
2024-05-17T18:15:00Z,62.93,,,,,9.00,15.00,4.00
2024-05-17T19:01:00Z,62.93,,,,,2.00,15.00,4.00
2024-05-17T19:18:00Z,63.00,,,,,2.00,15.00,4.00
2024-05-17T19:51:00Z,63.00,,,,,2.00,15.00,4.00
2024-05-17T21:18:00Z,63.00,,,,,23.00,15.00,4.00
2024-05-17T21:19:00Z,63.00,,,,,23.00,15.00,4.00
2024-05-17T21:37:00Z,63.00,,,,,23.00,15.00,4.00
2024-05-17T23:03:00Z,63.00,,,,,23.00,15.00,4.00
2024-05-18T00:00:00Z,53.00,,,,,23.00,15.00,4.00
2024-05-18T00:11:00Z,53.00,,,,,23.00,15.00,2.00
2024-05-18T00:13:00Z,40.06,,,,,23.00,15.00,2.00
2024-05-18T00:29:00Z,40.06,,,,,23.00,9.00,2.00
2024-05-18T00:34:00Z,40.06,,,,,23.00,9.00,2.00
2024-05-18T01:31:00Z,52.00,,,,,23.00,9.00,2.00
2024-05-18T01:48:00Z,52.00,,,,,23.00,9.00,2.00
2024-05-18T03:47:00Z,52.00,,,,,23.00,9.00,2.00
2024-05-18T13:44:00Z,62.00,,,,,23.00,9.00,2.00
2024-05-18T13:45:00Z,63.00,,,,,23.00,9.00,2.00
2024-05-18T18:32:00Z,63.00,,,,,23.00,9.00,2.00
2024-05-18T19:50:00Z,63.00,,,,,23.00,9.00,2.00
2024-05-18T21:18:00Z,63.00,,,,,13.39,9.00,2.00
2024-05-18T23:39:00Z,63.00,,39.00,,,13.39,9.00,2.00
2024-05-18T23:45:00Z,63.00,,39.00,,,12.00,9.00,2.00
2024-05-19T14:48:00Z,63.00,,39.00,,,12.00,9.00,2.00
2024-05-19T15:54:00Z,63.00,,44.53,,,12.00,9.00,2.00
2024-05-19T17:21:00Z,59.00,,44.53,,,12.00,9.00,2.00
2024-05-19T18:03:00Z,59.00,,44.53,,,12.00,9.00,3.00
2024-05-19T18:07:00Z,59.00,,44.53,,,12.00,9.00,3.00
2024-05-19T18:28:00Z,59.00,,44.53,,,29.00,9.00,3.00
2024-05-19T18:50:00Z,59.00,,44.53,,,29.00,9.00,3.00
2024-05-19T18:51:00Z,55.00,,44.53,,,15.00,9.00,3.00
2024-05-19T21:39:00Z,55.00,,44.53,,,15.00,9.00,3.00
2024-05-19T21:40:00Z,55.00,,44.53,,,15.00,6.00,3.00
2024-05-20T02:03:00Z,62.00,,44.53,,,15.00,6.00,3.00
2024-05-20T02:04:00Z,62.00,,44.53,,,15.00,6.00,3.00
2024-05-20T14:53:00Z,62.00,,40.00,,,15.00,6.00,3.00
2024-05-20T16:17:00Z,60.00,,40.00,,,15.00,6.00,3.00
2024-05-20T17:16:00Z,60.00,,40.00,,,13.00,6.00,3.00
2024-05-20T17:43:00Z,60.00,,50.00,,,13.00,6.00,3.00
2024-05-20T20:01:00Z,60.00,,50.00,,,13.00,4.00,3.00
2024-05-20T20:12:00Z,60.00,,50.00,,,13.00,4.00,3.00
2024-05-20T22:58:00Z,60.00,,50.00,,,13.00,4.00,3.00
2024-05-21T00:17:00Z,61.00,,50.00,,,13.00,4.00,3.00
2024-05-21T01:03:00Z,61.00,,50.00,,,13.00,4.00,3.00
2024-05-21T01:04:00Z,59.00,,50.00,,,13.00,4.00,3.00
2024-05-21T01:38:00Z,59.00,,50.00,,,14.00,4.00,3.00
2024-05-21T16:14:00Z,59.00,,50.00,,,14.00,4.27,3.00
2024-05-21T20:48:00Z,59.00,,50.00,,,14.00,6.00,3.00
2024-05-21T20:55:00Z,61.00,,50.00,,,14.00,6.00,3.00
2024-05-21T20:56:00Z,61.00,,40.00,,,14.00,6.00,3.00
2024-05-22T00:36:00Z,60.00,,40.00,,,14.00,6.00,3.00
2024-05-22T18:54:00Z,60.00,,40.00,,,16.27,4.00,3.00
2024-05-22T23:26:00Z,60.00,,40.00,,,16.27,5.00,3.00
2024-05-22T23:57:00Z,62.00,,40.00,,,16.27,5.00,3.00
2024-05-23T02:42:00Z,62.00,,40.00,,,16.27,4.00,3.00
2024-05-23T12:01:00Z,56.84,,39.60,,,16.27,4.00,3.00
2024-05-23T13:07:00Z,56.84,,39.60,,,16.27,2.00,3.00
2024-05-23T13:13:00Z,56.84,,37.00,,,16.27,2.00,3.00
2024-05-23T14:38:00Z,56.84,,37.00,,,18.00,2.00,3.00
2024-05-23T17:15:00Z,56.84,,37.00,,,16.00,2.00,3.00
2024-05-23T17:18:00Z,52.00,,37.00,,,16.00,2.00,3.00
2024-05-23T23:49:00Z,48.12,,37.00,,,18.00,2.00,3.00
2024-05-24T13:44:00Z,52.00,,37.00,,,18.00,2.00,3.00
2024-05-24T14:17:00Z,52.00,,37.00,,,18.00,2.00,3.00
2024-05-24T16:46:00Z,52.00,,37.00,,,18.00,2.00,3.00
2024-05-24T17:31:00Z,52.00,,37.00,,,18.00,2.00,3.00
2024-05-25T03:32:00Z,52.03,,37.00,,,18.00,2.00,3.00
2024-05-25T03:34:00Z,53.91,,37.00,,,18.00,2.00,3.00
2024-05-25T16:13:00Z,53.91,,37.00,,,13.00,2.00,3.00
2024-05-26T16:53:00Z,50.00,,37.00,,,13.00,2.00,3.00
2024-05-26T21:08:00Z,48.00,,37.00,,,13.00,2.00,3.00
2024-05-27T16:48:00Z,50.00,,37.00,,,13.00,2.00,3.00
2024-05-27T17:08:00Z,48.00,,37.00,,,13.00,2.00,3.00
2024-05-27T17:28:00Z,48.00,,37.00,,,16.82,2.00,3.00
2024-05-27T20:19:00Z,48.00,,32.00,,,16.82,2.00,3.00
2024-05-28T20:09:00Z,50.00,,32.00,,,16.82,2.00,3.00
2024-05-28T21:28:00Z,50.82,,32.00,,,16.82,2.00,3.00
2024-05-28T22:35:00Z,50.82,,32.00,,,17.00,2.00,3.00
2024-05-30T14:20:00Z,50.82,,33.00,,,17.00,2.00,3.00
2024-05-30T17:40:00Z,50.00,,33.00,,,17.00,2.00,3.00
2024-05-31T17:01:00Z,50.00,,32.63,,,17.00,2.00,3.00
2024-05-31T18:34:00Z,50.00,,32.63,,,15.00,2.00,3.00
2024-05-31T20:26:00Z,50.00,,32.63,,,12.00,2.00,3.00
2024-06-01T00:30:00Z,50.00,,32.63,,,12.00,2.00,3.00
2024-06-01T16:42:00Z,50.00,,32.63,,,12.00,2.00,3.00
2024-06-02T20:33:00Z,48.00,,32.63,,,12.00,2.00,3.00
2024-06-03T01:46:00Z,48.00,,32.63,,,12.00,2.00,3.00
2024-06-03T03:37:00Z,46.00,,32.63,,,12.00,2.00,3.00
2024-06-04T01:25:00Z,48.00,,32.63,,,12.00,2.00,3.00
2024-06-04T21:26:00Z,52.00,,32.63,,,12.00,2.00,3.00
2024-06-05T01:18:00Z,46.00,,32.63,,,12.00,2.00,3.00
2024-06-05T21:41:00Z,46.00,,32.63,,,12.00,2.00,1.00
2024-06-06T00:20:00Z,52.00,,32.63,,,12.00,2.00,1.00
2024-06-06T02:17:00Z,52.00,,32.63,,,12.00,2.00,1.00
2024-06-06T03:10:00Z,52.00,,36.00,,,12.00,2.00,1.00
2024-06-06T15:48:00Z,52.00,,36.00,,,12.00,5.41,1.00
2024-06-06T19:13:00Z,52.00,,36.00,,,16.00,5.41,1.00
2024-06-07T16:12:00Z,52.00,,36.00,,,16.00,5.41,1.00
2024-06-07T16:15:00Z,52.00,,30.00,,,16.00,5.41,1.00
2024-06-08T00:03:00Z,52.00,,32.33,,,16.00,5.41,1.00
2024-06-08T14:46:00Z,52.00,,34.00,,,16.00,5.41,1.00
2024-06-10T03:20:00Z,52.00,,34.00,,,16.00,5.41,1.07
2024-06-10T18:03:00Z,51.00,,34.00,,,16.00,5.41,1.07
2024-06-11T16:47:00Z,47.00,,34.00,,,16.00,5.41,1.07
2024-06-12T16:29:00Z,46.85,,34.00,,,16.00,5.41,1.07
2024-06-12T18:24:00Z,46.85,,34.10,,,16.00,5.41,1.07
2024-06-12T19:08:00Z,50.00,,34.10,,,16.00,5.41,1.07
2024-06-12T19:51:00Z,50.00,,34.10,,,17.00,5.41,1.07
2024-06-13T17:06:00Z,50.00,,37.00,,,17.00,5.41,1.07
2024-06-13T22:35:00Z,50.00,,37.00,,,17.00,5.41,1.07
2024-06-14T17:08:00Z,50.00,,37.00,,,17.00,6.00,1.07
2024-06-15T15:41:00Z,54.00,,37.00,,,17.00,6.00,1.07
2024-06-16T16:54:00Z,59.72,,42.64,,,17.00,6.00,1.07
2024-06-17T19:22:00Z,61.00,,42.64,,,17.00,6.00,1.07
2024-06-18T03:07:00Z,61.00,,48.00,,,17.00,6.00,1.07
2024-06-18T14:55:00Z,61.00,,48.00,,,17.00,6.00,1.07
2024-06-18T16:15:00Z,61.00,,48.00,,,17.00,6.00,1.07
2024-06-18T18:37:00Z,61.00,,48.00,,,22.00,6.00,1.07
2024-06-19T19:25:00Z,67.00,,48.00,,,22.00,6.00,1.07
2024-06-20T19:37:00Z,67.00,,44.00,,,22.00,6.00,1.07
2024-06-21T13:27:00Z,67.00,,44.00,,,22.00,6.00,1.07
2024-06-24T17:02:00Z,67.00,,44.00,,,22.00,6.00,1.07
2024-06-25T00:07:00Z,67.00,,44.00,,,22.00,4.00,1.07
2024-06-27T02:30:00Z,67.00,,44.00,,,22.00,4.00,1.07
2024-06-27T16:49:00Z,67.00,,44.00,,,22.00,4.00,1.07
2024-06-27T18:16:00Z,67.00,,42.00,,,22.00,4.00,1.07
2024-06-27T19:23:00Z,67.00,,42.00,,,22.00,6.00,1.07
2024-06-28T03:11:00Z,67.00,,42.00,,,22.00,6.00,3.00
2024-06-28T21:26:00Z,65.00,,48.00,,,22.00,6.00,3.00
2024-06-28T23:24:00Z,65.00,,48.00,,,22.00,6.00,3.00
2024-06-29T00:56:00Z,65.75,,48.00,,,22.00,6.00,3.00
2024-06-29T02:09:00Z,64.35,,48.00,,,22.00,6.00,3.00
2024-06-29T13:10:00Z,64.35,,48.00,,,22.00,8.69,3.00
2024-06-29T13:22:00Z,69.00,,48.00,,,22.00,8.69,3.00
2024-06-30T00:12:00Z,69.00,,46.00,,,22.00,8.69,3.00
2024-06-30T19:02:00Z,69.00,,46.00,,,21.00,8.69,3.00
2024-06-30T23:48:00Z,69.00,,46.00,,,23.00,8.69,3.00
2024-07-01T00:53:00Z,69.00,,46.00,,,23.00,8.69,3.00
2024-07-01T01:05:00Z,63.00,,46.00,,,23.00,8.69,3.00
2024-07-01T13:45:00Z,63.00,,50.00,,,23.00,8.69,3.00
2024-07-01T16:23:00Z,64.00,,46.00,,,23.00,8.69,3.00
2024-07-02T03:14:00Z,69.00,,46.00,,,23.00,8.69,3.00
2024-07-02T18:22:00Z,69.00,,46.00,,,23.00,8.69,3.00
2024-07-02T23:44:00Z,69.00,,46.00,,,23.00,8.69,3.00
2024-07-03T20:23:00Z,69.00,,46.00,,,23.00,8.69,3.00
2024-07-04T18:36:00Z,69.00,,51.00,,,23.00,8.69,3.00
2024-07-05T14:53:00Z,69.00,,47.00,,,23.00,8.69,3.00
2024-07-08T00:47:00Z,69.00,,51.00,,,23.00,8.69,3.00
2024-07-08T16:41:00Z,66.00,,51.00,,,23.00,8.69,3.00
2024-07-08T23:12:00Z,63.00,,51.00,,,23.00,8.69,3.00
2024-07-09T01:13:00Z,63.00,,51.00,,,23.00,8.69,3.00
2024-07-09T16:57:00Z,63.00,,51.00,,,23.00,8.69,3.00
2024-07-09T19:17:00Z,63.00,,51.00,,,23.00,8.69,3.00
2024-07-09T20:58:00Z,63.00,,46.00,,,23.00,8.69,3.00
2024-07-09T22:14:00Z,63.00,,46.00,,,23.00,9.00,3.00
2024-07-10T19:32:00Z,63.00,,46.00,,,24.00,9.00,3.00
2024-07-11T03:16:00Z,63.00,,46.00,,,21.00,9.00,3.00
2024-07-11T13:23:00Z,63.00,,51.37,,,21.00,9.00,3.00
2024-07-11T13:24:00Z,63.00,,53.00,,,24.00,9.00,3.00
2024-07-11T16:10:00Z,63.00,,53.00,,,26.00,9.00,3.00
2024-07-11T19:05:00Z,63.00,,55.00,,,26.00,9.00,3.00
2024-07-11T19:11:00Z,63.00,,55.00,,,26.00,9.00,3.00
2024-07-11T19:27:00Z,63.00,,57.00,,,26.00,9.00,3.00
2024-07-11T21:39:00Z,63.00,,57.00,,,26.00,10.00,3.00
2024-07-12T18:39:00Z,63.00,,51.00,,,26.00,10.00,3.00
2024-07-12T18:55:00Z,67.00,,51.00,,,26.00,10.00,3.00
2024-07-12T20:35:00Z,67.00,,57.00,,,26.00,10.00,3.00
2024-07-12T20:36:00Z,67.00,,57.00,,,26.00,10.00,3.00
2024-07-13T00:40:00Z,67.00,,57.00,,,26.00,10.00,3.00
2024-07-13T22:11:00Z,67.00,,51.00,,,26.00,10.00,3.00
2024-07-14T21:46:00Z,67.00,,57.00,,,26.00,10.00,3.00
2024-07-15T00:28:00Z,67.00,,57.00,,,26.00,10.00,3.00
2024-07-15T19:28:00Z,67.00,,52.00,,,26.00,10.00,3.00
2024-07-15T20:38:00Z,72.61,,52.00,,,26.00,10.00,3.00
2024-07-15T21:48:00Z,72.61,,52.00,,,26.00,11.00,3.00
2024-07-16T14:17:00Z,68.00,,52.00,,,26.00,11.00,3.00
2024-07-16T22:37:00Z,68.00,,52.00,,,28.00,11.00,3.00
2024-07-17T02:09:00Z,68.00,,52.00,,,28.00,11.00,3.00
2024-07-17T03:09:00Z,73.00,,52.00,,,28.00,11.00,3.00
2024-07-17T20:59:00Z,73.00,,52.00,,,28.00,11.00,3.00
2024-07-19T19:24:00Z,73.00,,59.00,,,28.00,11.00,3.00
2024-07-20T00:20:00Z,71.00,,59.00,,,28.00,11.00,3.00
2024-07-20T02:13:00Z,71.00,,54.00,,,28.00,11.00,3.00
2024-07-20T13:53:00Z,69.00,,54.00,,,28.00,11.00,3.00
2024-07-21T20:04:00Z,69.00,,59.00,,,28.00,11.00,3.00
2024-07-22T01:02:00Z,77.00,,59.00,,,28.00,11.00,3.00
2024-07-22T15:53:00Z,77.00,,56.18,,,28.00,11.00,3.00
2024-07-22T16:45:00Z,75.00,,56.18,,,28.00,11.00,3.00
2024-07-22T17:21:00Z,75.00,,54.00,,,28.00,11.00,3.00
2024-07-22T19:17:00Z,75.00,,51.00,,,28.00,11.00,3.00
2024-07-22T21:31:00Z,75.00,,51.00,,,28.00,11.00,3.00
2024-07-23T01:16:00Z,75.00,,51.00,,,22.00,11.00,3.00
2024-07-23T03:13:00Z,69.00,,51.00,,,22.00,11.00,3.00
2024-07-23T12:36:00Z,69.00,,51.00,,,22.00,11.00,3.00
2024-07-23T14:54:00Z,69.00,,51.00,,,22.00,11.00,3.00
2024-07-23T18:19:00Z,69.00,,51.00,,,22.00,11.00,3.00
2024-07-23T22:35:00Z,69.00,,51.00,,,22.00,11.00,3.00
2024-07-24T15:31:00Z,69.00,,51.00,,,22.00,11.00,3.00
2024-07-26T01:24:00Z,69.00,,49.34,,,22.00,11.00,3.00
2024-07-27T23:13:00Z,69.00,,49.34,,,19.00,11.00,3.00
2024-07-27T23:28:00Z,69.00,,49.34,,,19.00,11.00,3.00
2024-07-27T23:31:00Z,69.00,,49.34,,,19.00,11.00,3.00
2024-07-27T23:39:00Z,69.00,,49.34,,,16.00,11.00,3.00
2024-07-28T16:53:00Z,69.00,,49.34,,,16.00,9.00,3.00
2024-07-29T22:42:00Z,72.00,,52.00,,,16.00,9.00,3.00
2024-07-30T01:57:00Z,72.00,,52.00,,,16.00,9.00,3.00
2024-07-30T16:48:00Z,72.00,,52.00,,,16.00,9.00,3.00
2024-08-01T02:13:00Z,72.00,,52.00,,,16.00,9.00,3.00
2024-08-01T13:01:00Z,72.00,,52.00,,,16.00,9.00,3.00
2024-08-02T12:19:00Z,72.00,,52.00,,,16.00,9.00,4.00
2024-08-02T15:43:00Z,72.00,,52.00,,,16.00,9.00,4.00
2024-08-02T16:04:00Z,72.00,,48.00,,,16.00,9.00,4.00
2024-08-05T15:21:00Z,72.00,,48.00,,,16.00,5.00,4.00
2024-08-05T15:35:00Z,72.00,,48.00,,,16.00,5.00,4.00
2024-08-05T20:57:00Z,72.00,,48.00,,,23.00,5.00,4.00
2024-08-05T23:37:00Z,72.00,,48.00,,,23.00,5.00,4.00
2024-08-07T01:05:00Z,72.00,,52.00,,,23.00,5.00,4.00
2024-08-08T00:38:00Z,72.00,,48.00,,,23.00,5.00,4.00
2024-08-09T20:11:00Z,72.00,,46.73,,,23.00,5.00,4.00
2024-08-09T20:23:00Z,72.00,,46.73,,,23.00,5.00,4.00
2024-08-12T18:04:00Z,72.00,,46.73,,,17.67,5.00,4.00
2024-08-12T22:04:00Z,62.98,,46.73,,,17.67,5.00,4.00
2024-08-13T16:49:00Z,62.98,,46.73,,,18.00,5.00,4.00
2024-08-13T20:22:00Z,62.00,,46.73,,,18.00,5.00,4.00
2024-08-14T01:58:00Z,62.77,,46.73,,,18.00,5.00,4.00
2024-08-14T19:05:00Z,62.77,,46.73,,,14.66,5.00,4.00
2024-08-14T20:00:00Z,65.00,,46.73,,,14.66,5.00,4.00
2024-08-14T21:15:00Z,65.00,,46.73,,,14.66,5.00,4.00
2024-08-15T22:52:00Z,65.00,,47.01,,,14.66,5.00,4.00
2024-08-17T20:02:00Z,65.00,,47.00,,,19.00,5.00,4.00
2024-08-18T15:26:00Z,66.00,,47.00,,,19.00,5.00,4.00
2024-08-18T17:49:00Z,61.00,,47.00,,,19.00,5.00,4.00
2024-08-18T18:00:00Z,61.00,,47.00,,,15.00,5.00,4.00
2024-08-19T16:58:00Z,61.00,,47.00,,,15.00,5.00,4.00
2024-08-19T17:02:00Z,66.00,,47.00,,,15.00,5.00,4.00
2024-08-19T17:03:00Z,66.00,,48.00,,,15.00,5.00,4.00
2024-08-19T20:28:00Z,64.00,,48.00,,,15.00,5.00,4.00
2024-08-19T21:45:00Z,64.00,,48.00,,,20.00,5.00,4.00
2024-08-20T01:37:00Z,64.00,,48.00,,,20.00,5.00,4.00
2024-08-20T15:18:00Z,64.00,,48.00,,,20.00,5.00,4.00
2024-08-20T19:06:00Z,64.00,,48.00,,,16.00,5.00,4.00
2024-08-20T20:14:00Z,64.00,,49.00,,,16.00,5.00,4.00
2024-08-21T13:56:00Z,64.00,,49.00,,,18.00,5.00,4.00
2024-08-21T14:21:00Z,62.77,,49.00,,,18.00,5.00,4.00
2024-08-21T14:31:00Z,62.77,,49.00,,,18.00,5.00,4.00
2024-08-21T17:01:00Z,62.00,,49.00,,,18.00,5.00,4.00
2024-08-21T22:08:00Z,62.00,,43.00,,,18.00,5.00,4.00
2024-08-22T02:41:00Z,62.00,,43.00,,,18.00,7.00,4.00
2024-08-22T16:53:00Z,58.93,,43.00,,,18.00,7.00,4.00
2024-08-22T17:08:00Z,58.93,,45.00,,,18.00,7.00,4.00
2024-08-23T18:54:00Z,58.93,,45.00,,,15.00,7.00,4.00
2024-08-24T02:28:00Z,57.00,,45.00,,,15.00,7.00,4.00
2024-08-24T18:57:00Z,57.00,,43.00,,,15.00,7.00,4.00
2024-08-25T16:24:00Z,57.00,,43.00,,,15.00,7.00,3.00
2024-08-26T22:05:00Z,57.00,,43.00,,,15.00,3.00,3.00
2024-08-27T03:23:00Z,57.00,,39.00,,,15.00,3.00,3.00
2024-08-27T17:31:00Z,62.00,,39.00,,,15.00,3.00,3.00
2024-08-27T17:46:00Z,62.00,,39.00,,,15.00,3.00,3.00
2024-08-29T00:41:00Z,62.00,,44.00,,,15.00,3.00,3.00
2024-08-29T01:58:00Z,62.00,,44.00,,,15.00,3.00,3.00
2024-08-29T13:34:00Z,62.00,,44.00,,,15.00,3.00,3.00
2024-08-30T01:48:00Z,60.00,,44.00,,,15.00,3.00,3.00
2024-08-30T12:26:00Z,71.15,,44.00,,,15.00,3.00,3.00
2024-09-01T22:10:00Z,71.15,,44.00,,,19.00,3.00,3.00
2024-09-02T15:34:00Z,82.08,,44.00,,,19.00,3.00,3.00
2024-09-02T15:35:00Z,61.50,,44.00,,,19.00,3.00,3.00
2024-09-02T16:06:00Z,61.50,,44.00,,,19.00,7.00,3.00
2024-09-03T19:42:00Z,62.14,,44.00,,,19.00,7.00,3.00
2024-09-03T19:45:00Z,62.00,,44.00,,,19.00,7.00,3.00
2024-09-04T12:16:00Z,62.00,,44.00,,,19.00,7.00,3.00
2024-09-04T15:27:00Z,62.00,,44.00,,,17.00,7.00,3.00
2024-09-04T17:45:00Z,62.00,,44.00,,,20.00,7.00,3.00
2024-09-05T02:52:00Z,62.00,,44.00,,,20.00,7.00,3.00
2024-09-05T17:56:00Z,62.00,,44.00,,,13.00,7.00,3.00
2024-09-05T23:42:00Z,66.96,,44.00,,,13.00,7.00,3.00
2024-09-06T13:09:00Z,70.00,,44.00,,,13.00,7.00,3.00
2024-09-06T17:00:00Z,70.00,,44.00,,,13.00,7.00,3.00
2024-09-06T23:27:00Z,66.00,,44.00,,,13.00,7.00,3.00
2024-09-07T14:55:00Z,66.00,,48.86,,,13.00,7.00,3.00
2024-09-07T14:57:00Z,66.00,,48.86,,,13.00,4.00,3.00
2024-09-07T16:10:00Z,66.00,,51.92,,,13.00,4.00,3.00
2024-09-07T16:11:00Z,66.00,,51.92,,,22.00,4.00,3.00
2024-09-07T16:25:00Z,70.00,,51.92,,,22.00,4.00,3.00
2024-09-09T18:59:00Z,70.00,,51.92,,,17.00,4.00,3.00
2024-09-09T20:06:00Z,70.00,,51.92,,,17.00,4.00,3.00
2024-09-10T00:45:00Z,70.00,,49.00,,,17.00,4.00,3.00
2024-09-10T01:15:00Z,70.00,,49.00,,,17.00,4.00,3.00
2024-09-10T12:17:00Z,70.00,,49.00,,,21.00,4.00,3.00
2024-09-10T20:37:00Z,68.00,,49.00,,,21.00,4.00,3.00
2024-09-10T23:28:00Z,68.00,,49.00,,,16.00,4.00,3.00
2024-09-10T23:57:00Z,67.00,,49.00,,,16.00,4.00,3.00
2024-09-11T01:32:00Z,67.00,,52.00,,,16.00,4.00,3.00
2024-09-11T13:53:00Z,67.00,,48.00,,,16.00,4.00,3.00
2024-09-11T14:48:00Z,67.00,,48.00,,,16.00,4.00,3.00
2024-09-11T15:31:00Z,67.00,,48.00,,,16.00,3.99,3.00
2024-09-11T16:04:00Z,67.00,,52.00,,,16.00,3.99,3.00
2024-09-11T16:05:00Z,67.00,,47.00,,,16.00,3.99,3.00
2024-09-11T17:42:00Z,56.31,,47.00,,,16.00,3.99,3.00
2024-09-11T17:55:00Z,72.00,,47.00,,,16.00,3.99,3.00
2024-09-11T23:33:00Z,74.00,,47.00,,,16.00,3.99,3.00
2024-09-11T23:51:00Z,74.00,,50.00,,,16.00,3.99,3.00
2024-09-12T01:12:00Z,74.00,,54.00,,,16.00,3.99,3.00
2024-09-12T03:47:00Z,74.00,,54.00,,,16.00,3.99,3.00
2024-09-12T13:17:00Z,74.00,,54.00,,,17.00,3.99,3.00
2024-09-12T16:56:00Z,74.00,,49.06,,,17.00,3.99,3.00
2024-09-12T18:00:00Z,70.00,,49.06,,,17.00,3.99,3.00
2024-09-12T19:51:00Z,70.00,,53.00,,,17.00,3.99,3.00
2024-09-12T20:41:00Z,74.00,,53.00,,,17.00,4.00,3.00
2024-09-12T22:08:00Z,74.00,,49.00,,,17.00,4.00,3.00
2024-09-13T01:50:00Z,74.00,,53.00,,,17.00,4.00,3.00
2024-09-13T01:58:00Z,74.00,,53.00,,,17.00,4.00,3.00
2024-09-13T12:48:00Z,74.00,,53.00,,,21.00,4.00,3.00
2024-09-13T20:56:00Z,74.00,,63.90,,,21.00,4.00,3.00
2024-09-13T23:57:00Z,74.00,,63.90,,,20.00,4.00,3.00
2024-09-14T15:12:00Z,74.00,,63.90,,,20.00,4.00,3.00
2024-09-15T13:04:00Z,74.00,,63.90,,,20.00,4.00,3.00
2024-09-16T01:24:00Z,74.34,,63.90,,,20.00,4.00,3.00
2024-09-16T14:14:00Z,74.34,,55.33,,,20.00,4.00,3.00
2024-09-16T16:21:00Z,74.34,,55.33,,,11.00,4.00,3.00
2024-09-16T16:57:00Z,74.34,,54.00,,,11.00,4.00,3.00
2024-09-16T21:21:00Z,74.34,,51.18,,,11.00,4.00,3.00
2024-09-17T19:26:00Z,74.34,,53.00,,,11.00,4.00,3.00
2024-09-17T22:17:00Z,76.00,,53.00,,,11.00,4.00,3.00
2024-09-18T00:08:00Z,76.00,,53.00,,,10.00,4.00,3.00
2024-09-18T03:15:00Z,76.00,,55.00,,,10.00,4.00,3.00
2024-09-18T17:10:00Z,76.00,,55.00,,,15.00,4.00,3.00
2024-09-18T18:10:00Z,76.00,,54.97,,,15.00,4.00,3.00
2024-09-18T18:44:00Z,77.00,,54.97,,,15.00,4.00,3.00
2024-09-18T19:59:00Z,80.00,,54.97,,,15.00,4.00,3.00
2024-09-18T20:33:00Z,80.00,,53.75,,,15.00,4.00,3.00
2024-09-18T21:29:00Z,80.00,,57.00,,,15.00,4.00,3.00
2024-09-19T00:57:00Z,76.55,,57.00,,,15.00,4.00,3.00
2024-09-19T02:25:00Z,76.55,,57.00,,,15.00,4.00,3.00
2024-09-19T13:50:00Z,76.55,,53.00,,,15.00,4.00,3.00
2024-09-19T13:58:00Z,76.55,,53.00,,,15.00,4.00,3.00
2024-09-19T19:50:00Z,76.00,,53.00,,,15.00,4.00,3.00
2024-09-19T22:19:00Z,76.00,,52.00,,,11.00,4.00,3.00
2024-09-19T22:20:00Z,76.00,,51.00,,,11.00,4.00,3.00
2024-09-19T23:02:00Z,76.00,,50.00,,,11.00,4.00,3.00
2024-09-19T23:34:00Z,76.00,,50.00,,,11.00,4.00,3.00
2024-09-19T23:49:00Z,76.00,,50.00,,,11.00,4.00,3.00
2024-09-20T20:37:00Z,73.66,,50.00,,,11.00,4.00,3.00
2024-09-20T21:44:00Z,73.66,,50.00,,,11.00,4.00,3.00
2024-09-21T02:20:00Z,78.00,,50.00,,,11.00,4.00,3.00
2024-09-21T03:12:00Z,78.00,,53.00,,,11.00,4.00,3.00
2024-09-21T13:23:00Z,78.00,,53.00,,,10.00,4.00,3.00
2024-09-21T13:28:00Z,78.00,,50.00,,,10.00,4.00,3.00
2024-09-21T19:13:00Z,78.00,,50.00,,,10.00,4.00,3.00
2024-09-21T20:24:00Z,78.00,,57.72,,,10.00,4.00,3.00
2024-09-22T00:57:00Z,78.00,,58.00,,,10.00,4.00,3.00
2024-09-22T12:02:00Z,78.00,,50.00,,,10.00,4.00,3.00
2024-09-22T13:32:00Z,78.00,,46.00,,,10.00,4.00,3.00
2024-09-22T13:33:00Z,71.00,,46.00,,,10.00,4.00,3.00
2024-09-22T13:35:00Z,71.00,,46.00,,,12.00,4.00,3.00
2024-09-22T15:08:00Z,71.00,,46.00,,,12.00,4.00,3.00
2024-09-22T15:26:00Z,76.00,,46.00,,,12.00,4.00,3.00
2024-09-22T21:18:00Z,76.00,,46.00,,,12.00,4.00,3.00
2024-09-22T21:19:00Z,76.00,,44.00,,,12.00,4.00,3.00
2024-09-23T00:17:00Z,70.00,,44.00,,,12.00,4.00,3.00
2024-09-23T12:22:00Z,70.00,,44.00,,,9.00,4.00,3.00
2024-09-23T12:59:00Z,70.00,,48.80,,,9.00,4.00,3.00
2024-09-23T13:08:00Z,70.00,,53.66,,,9.00,4.00,3.00
2024-09-23T13:09:00Z,70.00,,53.66,,,10.16,4.00,3.00
2024-09-23T13:45:00Z,70.00,,52.43,,,10.16,4.00,3.00
2024-09-23T14:33:00Z,70.00,,52.43,35.00,,10.16,4.00,3.00
2024-09-23T15:05:00Z,70.00,,52.43,36.00,,10.16,4.00,3.00
2024-09-23T15:07:00Z,70.00,,52.00,36.00,,10.16,4.00,3.00
2024-09-23T15:29:00Z,75.00,,52.00,36.00,,10.16,4.00,3.00
2024-09-23T15:58:00Z,75.00,,52.00,36.00,,10.16,4.00,3.00
2024-09-23T16:00:00Z,75.00,,52.00,36.00,,10.16,4.00,3.00
2024-09-23T16:11:00Z,78.90,,52.00,36.00,,10.16,4.00,3.00
2024-09-23T16:32:00Z,78.90,,51.54,36.00,,10.16,4.00,3.00
2024-09-23T17:03:00Z,78.90,,51.54,36.00,12.00,10.16,4.00,3.00
2024-09-23T17:15:00Z,78.90,,52.00,36.00,12.00,10.16,4.00,3.00
2024-09-23T18:15:00Z,78.90,,56.58,36.00,12.00,10.16,4.00,3.00
2024-09-23T18:32:00Z,79.00,,57.00,36.00,12.00,10.16,4.00,3.00
2024-09-23T19:27:00Z,78.00,,57.00,36.00,12.00,10.16,4.00,3.00
2024-09-23T20:50:00Z,78.00,,57.00,36.00,12.00,10.16,4.00,3.00
2024-09-23T21:03:00Z,81.00,,57.00,36.00,12.00,10.16,4.00,3.00
2024-09-23T21:10:00Z,81.00,,57.00,36.00,12.00,10.16,4.00,3.00
2024-09-23T21:11:00Z,84.00,,57.00,36.00,12.00,10.16,4.00,3.00
2024-09-23T22:33:00Z,84.00,,56.48,36.00,12.00,10.16,4.00,3.00
2024-09-24T01:03:00Z,84.00,,55.85,36.00,12.00,10.16,4.00,3.00
2024-09-24T01:31:00Z,86.00,,55.85,36.00,12.00,10.16,4.00,3.00
2024-09-24T01:34:00Z,86.00,,55.85,36.00,12.00,10.16,4.00,3.00
2024-09-24T03:51:00Z,86.00,,62.33,36.00,12.00,10.16,4.00,3.00
2024-09-24T12:01:00Z,86.00,,62.33,34.00,12.00,10.16,4.00,3.00
2024-09-24T12:06:00Z,86.00,,62.33,34.00,12.00,7.00,4.00,3.00
2024-09-24T12:07:00Z,83.00,,62.33,34.00,12.00,7.00,4.00,3.00
2024-09-24T13:02:00Z,83.00,,57.00,34.00,12.00,7.00,4.00,3.00
2024-09-24T13:33:00Z,84.00,,57.00,34.00,12.00,7.00,4.00,3.00
2024-09-24T13:54:00Z,84.00,,63.56,34.00,12.00,7.00,4.00,3.00
2024-09-24T13:55:00Z,84.00,,63.56,34.00,12.00,7.00,4.00,3.00
2024-09-24T15:00:00Z,84.00,,63.56,34.00,8.00,7.00,4.00,3.00
2024-09-24T15:01:00Z,84.00,,63.56,34.00,8.00,3.19,4.00,3.00
2024-09-24T15:27:00Z,84.00,,61.24,34.00,8.00,3.19,4.00,3.00
2024-09-24T16:50:00Z,84.00,,61.24,34.00,8.00,3.19,4.00,3.00
2024-09-24T16:51:00Z,84.00,,61.24,34.00,7.00,3.19,4.00,3.00
2024-09-24T16:53:00Z,84.00,,61.24,34.00,7.00,3.19,4.00,3.00
2024-09-24T17:00:00Z,84.00,,54.96,34.00,7.00,3.19,4.00,3.00
2024-09-24T17:10:00Z,84.00,,54.00,34.00,7.00,3.19,4.00,3.00
2024-09-24T17:11:00Z,84.00,,53.00,34.00,7.00,3.19,4.00,3.00
2024-09-24T17:17:00Z,84.00,,53.00,34.00,7.00,3.19,4.00,3.00
2024-09-24T17:42:00Z,84.00,,52.70,34.00,7.00,3.19,4.00,3.00
2024-09-24T18:04:00Z,83.00,,52.70,34.00,7.00,3.19,4.00,3.00
2024-09-24T18:25:00Z,83.00,,52.00,34.00,7.00,3.19,4.00,3.00
2024-09-24T19:01:00Z,83.00,,52.00,34.00,7.00,3.19,4.00,3.00
2024-09-24T19:03:00Z,83.00,,46.33,34.00,7.00,3.19,4.00,3.00
2024-09-24T19:04:00Z,83.00,,46.33,29.00,7.00,3.19,4.00,3.00
2024-09-24T19:17:00Z,83.00,,41.20,29.00,7.00,3.19,4.00,3.00
2024-09-24T19:38:00Z,83.00,,41.20,23.00,7.00,3.19,4.00,3.00
2024-09-24T19:57:00Z,83.00,,42.00,23.00,7.00,3.19,4.00,3.00
2024-09-24T20:00:00Z,83.00,,42.00,23.00,7.00,3.19,4.00,3.00
2024-09-24T20:15:00Z,80.00,,42.00,23.00,7.00,3.19,4.00,3.00
2024-09-24T20:26:00Z,80.00,,42.00,23.00,7.00,3.19,4.00,3.00
2024-09-24T20:29:00Z,80.00,,42.00,23.00,7.00,3.19,4.00,3.00
2024-09-24T20:30:00Z,80.00,,42.00,23.00,7.00,3.19,4.00,3.00
2024-09-24T21:20:00Z,80.00,,46.42,23.00,7.00,3.19,4.00,3.00
2024-09-24T21:21:00Z,80.00,,46.42,22.00,7.00,3.19,4.00,3.00
2024-09-24T22:59:00Z,80.00,,46.42,22.00,7.00,3.19,4.00,3.00
2024-09-24T23:09:00Z,80.00,,46.42,21.00,7.00,3.19,4.00,3.00
2024-09-25T00:34:00Z,80.00,,46.42,24.00,7.00,3.19,4.00,3.00
2024-09-25T00:35:00Z,80.00,,46.42,31.84,7.00,3.19,4.00,3.00
2024-09-25T01:54:00Z,80.00,,52.00,31.84,7.00,3.19,4.00,3.00
2024-09-25T02:46:00Z,80.00,,52.00,31.84,7.00,5.00,4.00,3.00
2024-09-25T03:45:00Z,80.00,,52.00,31.84,7.00,2.00,4.00,3.00
2024-09-25T03:51:00Z,81.23,,52.00,31.84,7.00,2.00,4.00,3.00
2024-09-25T12:21:00Z,81.23,,55.00,31.84,7.00,2.00,4.00,3.00
2024-09-25T13:10:00Z,81.23,,59.00,31.84,7.00,2.00,4.00,3.00
2024-09-25T13:41:00Z,81.23,,55.00,31.84,7.00,2.00,4.00,3.00
2024-09-25T13:53:00Z,81.23,,55.00,31.84,5.00,2.00,4.00,3.00
2024-09-25T14:15:00Z,90.00,,55.00,31.84,5.00,2.00,4.00,3.00
2024-09-25T14:31:00Z,90.00,,57.00,31.84,5.00,2.00,4.00,3.00
2024-09-25T15:00:00Z,90.00,,57.00,34.00,5.00,2.00,4.00,3.00
2024-09-25T15:12:00Z,90.00,,51.00,34.00,5.00,2.00,4.00,3.00
2024-09-25T15:13:00Z,90.00,,51.00,16.46,5.00,2.00,4.00,3.00
2024-09-25T16:01:00Z,90.00,,44.00,16.46,5.00,2.00,4.00,3.00
2024-09-25T16:24:00Z,87.00,,44.00,16.46,5.00,2.00,4.00,3.00
2024-09-25T17:19:00Z,87.00,,42.00,16.46,5.00,2.00,4.00,3.00
2024-09-25T18:10:00Z,87.00,,46.14,16.46,5.00,2.00,4.00,3.00
2024-09-25T18:31:00Z,87.00,,41.30,16.46,5.00,2.00,4.00,3.00
2024-09-25T19:07:00Z,87.00,,46.00,16.46,5.00,2.00,4.00,3.00
2024-09-25T19:13:00Z,88.00,,46.00,16.46,5.00,2.00,4.00,3.00
2024-09-25T19:21:00Z,88.00,,46.00,14.00,5.00,2.00,4.00,3.00
2024-09-25T19:42:00Z,88.00,,46.00,14.00,3.00,2.00,4.00,3.00
2024-09-25T20:12:00Z,88.00,,40.67,14.00,3.00,2.00,4.00,3.00
2024-09-25T21:16:00Z,83.00,,40.67,14.00,3.00,2.00,4.00,3.00
2024-09-25T21:28:00Z,83.00,,40.67,14.00,3.00,2.00,4.00,3.00
2024-09-25T21:30:00Z,83.00,,40.00,14.00,3.00,2.00,4.00,3.00
2024-09-25T22:35:00Z,83.00,,40.00,14.00,3.00,2.00,4.00,3.00
2024-09-25T22:55:00Z,83.00,,40.00,18.00,3.00,2.00,4.00,3.00
2024-09-25T23:37:00Z,83.00,,49.12,18.00,3.00,2.00,4.00,3.00
2024-09-26T00:22:00Z,83.00,65.00,49.12,18.00,3.00,2.00,4.00,3.00
2024-09-26T00:45:00Z,87.00,65.00,49.12,18.00,3.00,2.00,4.00,3.00
2024-09-26T00:54:00Z,87.00,65.00,49.12,18.00,3.00,1.00,4.00,3.00
2024-09-26T00:55:00Z,87.00,65.00,49.12,18.00,3.00,1.00,4.00,3.00
2024-09-26T01:11:00Z,87.00,65.00,51.00,18.00,3.00,1.00,4.00,3.00
2024-09-26T02:07:00Z,87.00,65.00,44.00,18.00,3.00,1.00,4.00,3.00
2024-09-26T12:02:00Z,87.00,65.00,57.18,18.00,3.00,1.00,4.00,3.00
2024-09-26T12:06:00Z,87.00,65.00,59.00,18.00,3.00,1.00,4.00,3.00
2024-09-26T12:20:00Z,95.00,65.00,59.00,18.00,3.00,1.00,4.00,3.00
2024-09-26T12:31:00Z,95.00,65.00,59.00,18.00,3.00,1.00,4.00,3.00
2024-09-26T13:06:00Z,95.00,88.00,59.00,18.00,3.00,1.00,4.00,3.00
2024-09-26T13:18:00Z,95.00,88.00,50.50,18.00,3.00,1.00,4.00,3.00
2024-09-26T13:29:00Z,95.00,88.00,47.00,18.00,3.00,1.00,4.00,3.00
2024-09-26T13:37:00Z,95.00,88.00,46.55,18.00,3.00,1.00,4.00,3.00
2024-09-26T13:52:00Z,95.00,88.00,51.00,18.00,3.00,1.00,4.00,3.00
2024-09-26T13:53:00Z,95.00,88.00,52.58,18.00,3.00,1.00,4.00,3.00
2024-09-26T16:03:00Z,95.00,88.00,55.00,18.00,3.00,1.00,4.00,3.00
2024-09-26T16:19:00Z,95.00,88.00,55.00,18.00,3.00,1.00,4.00,3.00
2024-09-26T16:24:00Z,97.00,88.00,55.00,18.00,3.00,1.00,4.00,3.00
2024-09-26T16:49:00Z,97.00,88.00,55.00,18.00,3.00,1.00,4.00,3.00
2024-09-26T16:53:00Z,97.00,88.00,56.42,18.00,3.00,1.00,4.00,3.00
2024-09-26T16:54:00Z,97.00,88.00,56.42,18.00,3.00,1.00,4.00,3.00
2024-09-26T16:55:00Z,97.00,88.00,58.00,18.00,3.00,1.00,4.00,3.00
2024-09-26T17:23:00Z,97.00,90.44,58.00,18.00,3.00,1.00,4.00,3.00
2024-09-26T17:48:00Z,95.00,90.44,60.00,18.00,3.00,1.00,4.00,3.00
2024-09-26T17:57:00Z,82.00,90.44,60.00,18.00,3.00,1.00,4.00,3.00
2024-09-26T17:59:00Z,82.00,90.44,61.11,18.00,3.00,1.00,4.00,3.00
2024-09-26T19:14:00Z,82.00,90.44,61.11,18.00,3.00,1.00,4.00,3.00
2024-09-26T19:26:00Z,82.00,90.44,61.11,27.00,3.00,1.00,4.00,3.00
2024-09-26T19:35:00Z,98.00,90.44,64.47,27.00,3.00,1.00,4.00,3.00
2024-09-26T21:04:00Z,98.00,91.00,64.47,27.00,3.00,1.00,4.00,3.00
2024-09-26T23:27:00Z,98.00,94.00,64.47,27.00,3.00,1.00,4.00,3.00
2024-09-26T23:36:00Z,98.00,94.00,52.00,27.00,3.00,1.00,4.00,3.00
2024-09-26T23:47:00Z,98.00,94.00,52.00,27.00,3.00,1.00,4.00,3.00
2024-09-26T23:58:00Z,98.00,94.00,51.00,27.00,3.00,1.00,4.00,3.00
2024-09-27T01:19:00Z,98.00,94.00,46.00,27.00,3.00,1.00,4.00,3.00
2024-09-27T12:54:00Z,98.00,94.00,45.09,27.00,3.00,1.00,4.00,3.00
2024-09-27T12:58:00Z,98.00,94.00,42.88,27.00,3.00,1.00,4.00,3.00
2024-09-27T15:03:00Z,98.00,94.00,41.00,27.00,3.00,1.00,4.00,3.00
2024-09-27T16:06:00Z,98.00,94.00,48.00,27.00,3.00,1.00,4.00,3.00
2024-09-27T16:22:00Z,98.00,94.00,41.18,27.00,3.00,1.00,4.00,3.00
2024-09-27T17:47:00Z,98.00,94.00,39.90,27.00,3.00,1.00,4.00,3.00
2024-09-27T17:50:00Z,98.00,94.00,39.90,27.00,3.00,1.65,4.00,3.00
2024-09-27T18:33:00Z,98.00,94.00,43.00,27.00,3.00,1.65,4.00,3.00
2024-09-27T19:29:00Z,96.00,94.00,43.00,27.00,3.00,1.65,4.00,3.00
2024-09-27T19:37:00Z,96.00,94.00,36.00,27.00,3.00,1.65,4.00,3.00
2024-09-27T19:39:00Z,96.00,82.00,36.00,3.63,3.00,1.65,4.00,3.00
2024-09-27T19:45:00Z,96.00,82.00,25.27,3.63,3.00,1.65,4.00,3.00
2024-09-27T21:11:00Z,96.00,82.00,34.66,3.63,3.00,1.65,4.00,3.00
2024-09-27T21:18:00Z,96.00,85.00,34.66,3.63,3.00,1.65,4.00,3.00
2024-09-27T22:18:00Z,96.00,85.00,36.00,3.63,3.00,1.65,4.00,3.00
2024-09-27T22:54:00Z,96.00,85.00,32.93,3.63,3.00,1.65,4.00,3.00
2024-09-27T22:58:00Z,96.00,85.00,26.00,3.63,3.00,1.65,4.00,3.00
2024-09-27T23:01:00Z,96.00,85.00,21.00,3.63,3.00,1.65,4.00,3.00
2024-09-27T23:09:00Z,96.00,85.00,13.46,3.63,3.00,1.65,4.00,3.00
2024-09-27T23:11:00Z,96.00,85.00,21.00,3.63,3.00,1.65,4.00,3.00
2024-09-27T23:19:00Z,96.00,91.91,21.00,3.63,3.00,1.65,4.00,3.00
2024-09-27T23:20:00Z,96.00,87.00,21.00,3.63,3.00,1.65,4.00,3.00
2024-09-27T23:24:00Z,96.00,94.00,21.00,3.63,3.00,1.65,4.00,3.00
2024-09-27T23:57:00Z,96.00,94.00,21.00,3.63,3.00,1.65,4.00,3.00
2024-09-28T00:12:00Z,96.00,93.00,21.00,3.63,3.00,1.65,4.00,3.00
2024-09-28T00:43:00Z,98.00,93.00,21.00,3.63,3.00,1.65,4.00,3.00
2024-09-28T01:47:00Z,98.00,82.02,21.00,3.63,3.00,1.65,4.00,3.00
2024-09-28T02:01:00Z,98.00,84.00,21.00,3.63,3.00,1.65,4.00,3.00
2024-09-28T03:53:00Z,98.00,84.00,22.33,3.63,3.00,1.65,4.00,3.00
2024-09-28T03:54:00Z,98.00,84.00,23.00,3.63,3.00,1.65,4.00,3.00
2024-09-28T13:00:00Z,98.00,84.00,15.00,3.63,3.00,1.65,4.00,3.00
2024-09-28T13:32:00Z,98.00,84.00,6.00,3.63,3.00,1.65,4.00,3.00
2024-09-28T13:33:00Z,98.00,84.00,6.00,3.63,3.00,1.65,4.00,3.00
2024-09-28T13:39:00Z,98.00,84.00,6.00,1.00,3.00,1.65,4.00,3.00
2024-09-28T15:15:00Z,98.00,96.00,6.00,1.00,3.00,1.65,4.00,3.00
2024-09-28T18:51:00Z,98.00,96.00,8.21,1.00,3.00,1.65,4.00,3.00
2024-09-28T22:13:00Z,98.00,96.00,10.00,1.00,3.00,1.65,4.00,3.00
2024-09-28T23:20:00Z,99.00,96.00,10.00,1.00,3.00,1.65,4.00,3.00
2024-09-28T23:22:00Z,99.00,96.00,3.00,1.00,3.00,1.65,4.00,3.00
2024-09-28T23:48:00Z,99.00,96.00,9.38,1.00,3.00,1.65,4.00,3.00
2024-09-29T00:01:00Z,99.00,96.00,9.38,2.58,3.00,1.65,4.00,3.00
2024-09-29T13:29:00Z,99.00,96.00,3.00,2.58,3.00,1.65,4.00,3.00
2024-09-29T15:15:00Z,99.00,96.00,3.00,2.58,3.00,1.65,4.00,3.00
2024-09-29T15:37:00Z,99.00,96.00,3.00,2.58,3.00,1.65,4.00,3.00
2024-09-29T18:31:00Z,99.00,96.00,5.00,2.58,3.00,1.65,4.00,3.00
2024-09-29T19:35:00Z,99.00,96.00,4.00,2.58,3.00,1.65,4.00,3.00
2024-09-29T19:46:00Z,99.00,96.00,4.00,2.58,1.00,1.65,4.00,3.00
2024-09-29T20:33:00Z,99.00,96.00,5.77,2.58,1.00,1.65,4.00,3.00
2024-09-29T21:28:00Z,99.00,96.00,5.77,2.58,1.00,1.65,4.00,3.00
2024-09-29T21:38:00Z,99.00,96.00,5.77,1.00,1.00,1.65,4.00,3.00
2024-09-29T21:40:00Z,99.00,99.00,5.77,1.00,1.00,1.65,4.00,3.00
2024-09-29T22:43:00Z,99.00,99.00,3.00,1.00,1.00,1.65,4.00,3.00
2024-09-29T22:46:00Z,99.00,99.00,3.00,1.00,1.00,1.65,4.00,3.00
2024-09-29T23:05:00Z,99.00,97.40,3.00,1.00,1.00,1.65,4.00,3.00
2024-09-30T00:40:00Z,99.00,97.00,3.00,1.00,1.00,1.65,4.00,3.00
2024-09-30T13:03:00Z,99.00,99.00,3.00,1.00,1.00,1.65,4.00,3.00