timestamp,Above 45,Above 60,Above 75,Above 80,Above 82,Above 85,Above 87,Above 90,Above 92,Above 95,Above 96,Above 97,Above 98,Above 99
2025-03-07T16:00:00Z,99.00,87.84,56.85,,,,,3.00,,,,,,
2025-03-07T17:00:00Z,99.00,92.95,68.69,,,,,3.00,,,,,,
2025-03-07T20:00:00Z,99.00,92.95,56.00,,,,,17.16,,,,,,
2025-03-08T02:00:00Z,99.00,92.95,66.00,,,,,17.16,,,,,,
2025-03-08T03:00:00Z,99.00,92.73,67.00,,,,,17.16,,,,,,
2025-03-08T05:00:00Z,99.00,92.53,67.00,,,,,17.16,,,,,,
2025-03-08T16:00:00Z,99.00,92.53,67.00,,,,,17.16,,,,,,
2025-03-08T18:00:00Z,99.00,92.53,67.00,,,,,17.90,,,,,,
2025-03-08T23:00:00Z,99.00,92.53,67.26,,,,,17.90,,,,,,
2025-03-09T00:00:00Z,99.00,92.53,68.00,,,,,17.90,,,,,,
2025-03-09T02:00:00Z,99.00,92.53,68.00,,,,,17.90,,,,,,
2025-03-09T16:00:00Z,99.00,92.53,70.00,,,,,18.00,,,,,,
2025-03-09T20:00:00Z,99.00,92.53,70.00,,,,,18.00,,,,,,
2025-03-09T21:00:00Z,99.00,92.53,70.00,,,,,18.00,,,,,,
2025-03-09T22:00:00Z,99.00,92.53,70.00,,,,,18.00,,,,,,
2025-03-10T00:00:00Z,99.00,92.53,70.76,,,,,18.00,,,,,,
2025-03-10T01:00:00Z,99.00,92.53,70.76,,,,,11.00,,,,,,
2025-03-10T02:00:00Z,99.00,93.00,70.76,,,,,11.00,,,,,,
2025-03-10T18:00:00Z,99.00,93.00,70.76,,,,,18.31,,,,,,
2025-03-10T20:00:00Z,99.00,93.00,64.75,,,,,18.31,,,,,,
2025-03-11T00:00:00Z,99.00,93.00,64.75,,,,,21.52,,,,,,
2025-03-11T01:00:00Z,99.00,93.00,64.75,,,,,21.37,,,,,,
2025-03-11T03:00:00Z,99.00,93.00,64.75,,,,,13.00,,,,,,
2025-03-11T15:00:00Z,99.00,93.00,64.75,,,,,11.76,,,,,,
2025-03-11T19:00:00Z,99.00,93.00,71.00,,,,,22.27,,,,,,
2025-03-11T20:00:00Z,99.00,93.00,63.76,,,,,22.27,,,,,,
2025-03-11T22:00:00Z,99.00,93.00,64.00,,,,,22.27,,,,,,
2025-03-11T23:00:00Z,99.00,93.00,63.60,,,,,22.27,,,,,,
2025-03-12T05:00:00Z,99.00,93.00,68.00,,,,,22.27,,,,,,
2025-03-12T16:00:00Z,99.00,93.00,68.00,,,,,25.05,,,,,,
2025-03-12T21:00:00Z,99.00,93.00,68.00,,,,,25.86,,,,,,
2025-03-12T22:00:00Z,99.00,93.00,75.00,,,,,25.86,,,,,,
2025-03-13T04:00:00Z,99.00,93.00,75.00,69.38,,,,25.86,,,,,,
2025-03-13T05:00:00Z,99.00,93.00,75.00,69.38,,,,25.86,,,,,,
2025-03-13T06:00:00Z,99.00,93.00,75.00,78.00,,32.00,,25.86,,,,,,
2025-03-13T18:00:00Z,99.00,93.00,75.00,61.01,,32.00,,25.86,,,,,,
2025-03-13T21:00:00Z,99.00,93.00,84.00,61.01,,50.00,,26.00,,,,,,
2025-03-14T00:00:00Z,99.00,93.00,84.00,61.01,,48.72,,24.68,,,,,,
2025-03-14T01:00:00Z,99.00,93.00,84.00,78.06,,48.72,,24.68,,,,,,
2025-03-14T02:00:00Z,99.00,93.00,84.00,78.06,,48.72,,25.00,,,,,,
2025-03-14T03:00:00Z,99.00,93.00,84.00,78.06,,36.00,,25.00,,,,,,
2025-03-14T04:00:00Z,99.00,93.00,84.00,61.00,,36.00,,25.00,,,,,,
2025-03-14T13:00:00Z,99.00,93.00,84.00,78.00,,36.00,,25.00,,,,,,
2025-03-14T14:00:00Z,99.00,93.00,84.00,62.00,,36.00,,25.00,,,,,,
2025-03-14T15:00:00Z,99.00,93.00,84.00,78.00,,36.00,,25.00,,,,,,
2025-03-14T16:00:00Z,99.00,93.00,84.00,62.00,,36.00,,25.00,,,,,,
2025-03-14T17:00:00Z,99.00,93.00,84.00,62.00,,49.00,,29.21,,,,,,
2025-03-14T19:00:00Z,99.00,93.00,75.16,62.00,,49.00,,29.21,,,,,,
2025-03-14T20:00:00Z,99.00,93.00,75.16,62.00,,49.98,,29.21,,,,,,
2025-03-15T07:00:00Z,99.00,93.00,75.16,62.00,,49.98,,28.00,,,,,,
2025-03-15T18:00:00Z,99.00,93.00,75.16,64.00,,49.98,,28.00,,,,,,
2025-03-15T19:00:00Z,99.00,93.00,75.16,79.00,,49.98,,28.00,,,,,,
2025-03-16T03:00:00Z,99.00,93.00,75.16,64.19,,49.98,,28.00,,,,,,
2025-03-16T06:00:00Z,99.00,93.00,79.00,64.19,,49.98,,28.00,,,,,,
2025-03-16T22:00:00Z,99.00,93.00,79.00,64.19,,52.00,,28.00,,,,,,
2025-03-16T23:00:00Z,99.00,93.00,79.00,62.00,,52.00,,28.00,,,,,,
2025-03-17T00:00:00Z,99.00,93.00,79.00,66.00,,52.00,,28.00,,,,,,
2025-03-17T03:00:00Z,99.00,93.00,79.81,66.00,,52.00,,28.00,,,,,,
2025-03-17T06:00:00Z,99.00,93.00,79.81,62.40,,52.00,,28.00,,,,,,
2025-03-17T14:00:00Z,99.00,93.00,80.00,62.40,,52.00,,28.00,,,,,,
2025-03-17T15:00:00Z,99.00,93.00,80.00,77.29,,52.00,,28.00,,,,,,
2025-03-17T16:00:00Z,99.00,93.00,80.00,79.00,,52.00,,28.00,,,,,,
2025-03-17T17:00:00Z,99.00,93.00,73.48,63.58,,52.00,,28.00,,,,,,
2025-03-17T18:00:00Z,99.00,93.00,73.48,63.58,,40.10,,28.00,,,,,,
2025-03-17T21:00:00Z,99.00,93.00,73.48,77.72,,40.10,,28.00,,,,,,
2025-03-18T00:00:00Z,99.00,93.00,73.48,66.00,,40.10,,28.00,,,,,,
2025-03-18T04:00:00Z,99.00,93.00,80.00,65.64,,40.10,,22.00,,,,,,
2025-03-18T06:00:00Z,99.00,93.00,80.00,65.64,,52.00,,22.00,,,,,,
2025-03-18T15:00:00Z,99.00,93.00,80.00,65.64,,52.00,,29.00,,,,,,
2025-03-18T16:00:00Z,99.00,93.00,80.00,63.12,,43.97,,29.00,,,,,,
2025-03-18T17:00:00Z,99.00,93.00,80.00,63.12,,43.97,,19.73,,,,,,
2025-03-18T20:00:00Z,99.00,93.00,80.00,63.12,,42.00,,19.73,,,,,,
2025-03-18T23:00:00Z,99.00,93.00,80.00,63.12,,42.00,,28.16,,,,,,
2025-03-19T13:00:00Z,99.00,93.00,80.00,63.12,,48.00,,28.16,,,,,,
2025-03-19T14:00:00Z,99.00,93.00,80.00,63.12,,48.00,,28.16,,,,,,
2025-03-19T20:00:00Z,99.00,93.00,74.17,63.12,,48.00,,28.16,,,,,,
2025-03-19T22:00:00Z,99.00,93.00,74.17,63.12,,47.00,,28.16,,,,,,
2025-03-20T06:00:00Z,99.00,93.00,74.17,63.12,,47.00,,26.00,,,,,,
2025-03-20T20:00:00Z,99.00,93.00,84.00,78.00,,42.00,,20.00,,,,,,
2025-03-20T22:00:00Z,99.00,93.00,84.00,65.00,,42.00,,20.00,,,,,,
2025-03-21T20:00:00Z,99.00,93.00,84.00,65.00,,44.00,,20.00,,,,,,
2025-03-21T21:00:00Z,99.00,93.00,84.00,78.00,,44.00,,20.00,,,,,,
2025-03-21T22:00:00Z,99.00,93.00,84.00,78.00,,49.00,,20.00,,,,,,
2025-03-22T00:00:00Z,99.00,93.00,84.00,78.00,,49.00,,19.04,,,,,,
2025-03-22T01:00:00Z,99.00,93.00,86.00,78.00,,49.00,,19.04,,,,,,
2025-03-22T19:00:00Z,99.00,93.00,86.00,78.00,,49.00,,18.00,,,,,,
2025-03-23T01:00:00Z,99.00,97.00,86.00,78.00,,49.00,,18.00,,,,,,
2025-03-23T04:00:00Z,99.00,97.00,86.00,77.00,,49.00,,18.00,,,,,,
2025-03-23T18:00:00Z,99.00,97.00,83.93,75.00,,49.00,,18.00,,,,,,
2025-03-23T20:00:00Z,99.00,97.00,83.93,75.00,,50.00,,18.00,,,,,,
2025-03-24T04:00:00Z,99.00,97.00,83.93,75.00,,46.25,,18.00,,,,,,
2025-03-24T05:00:00Z,99.00,97.00,83.93,75.00,,47.00,,18.00,,,,,,
2025-03-24T06:00:00Z,99.00,97.00,76.00,66.94,,47.00,,18.00,,,,,,
2025-03-24T14:00:00Z,99.00,97.00,76.00,71.21,,50.34,,18.00,,,,,,
2025-03-24T16:00:00Z,99.00,97.00,76.00,71.21,,53.74,,18.00,,,,,,
2025-03-24T17:00:00Z,99.00,97.00,76.00,71.21,,54.00,,18.00,,,,,,
2025-03-24T18:00:00Z,99.00,97.00,80.00,74.00,,54.00,,18.00,,,,,,
2025-03-24T19:00:00Z,99.00,97.00,80.57,74.00,,54.00,,18.00,,,,,,
2025-03-24T23:00:00Z,99.00,97.00,80.57,74.00,,60.00,,18.00,,,,,,
2025-03-25T02:00:00Z,99.00,97.00,80.57,80.00,,60.00,,18.00,,,,,,
2025-03-25T03:00:00Z,99.00,97.00,80.57,80.00,,60.00,,27.41,,,,,,
2025-03-25T04:00:00Z,99.00,97.00,80.57,80.00,,55.19,,27.41,,,,,,
2025-03-25T06:00:00Z,99.00,97.00,80.57,80.00,,56.00,,27.41,,,,,,
2025-03-25T13:00:00Z,99.00,91.00,80.57,80.00,,59.27,,27.41,,,,,,
2025-03-25T14:00:00Z,99.00,91.00,80.57,80.00,,58.00,,27.41,,,,,,
2025-03-25T16:00:00Z,99.00,91.00,80.36,80.00,,58.00,,27.41,,,,,,
2025-03-25T17:00:00Z,99.00,91.00,80.36,80.00,,58.00,,25.00,,,,,,
2025-03-25T19:00:00Z,99.00,91.00,80.00,80.00,,56.00,,30.00,,,,,,
2025-03-25T20:00:00Z,99.00,91.00,80.00,80.00,,58.00,,35.26,,,,,,
2025-03-25T21:00:00Z,99.00,91.00,80.00,80.00,,58.82,,35.26,,,,,,
2025-03-25T22:00:00Z,99.00,91.00,80.00,80.00,,58.82,,35.26,,,,,,
2025-03-25T23:00:00Z,99.00,91.00,80.00,77.00,,58.82,,34.00,,,,,,
2025-03-26T01:00:00Z,99.00,91.00,80.00,77.00,,57.11,,34.00,,,,,,
2025-03-26T02:00:00Z,99.00,91.00,80.00,77.00,,57.11,,39.00,,,,,,
2025-03-26T03:00:00Z,99.00,91.00,80.00,75.30,,56.01,,32.69,,,,,,
2025-03-26T05:00:00Z,99.00,91.00,84.00,75.30,,56.01,,32.69,,,,,,
2025-03-26T14:00:00Z,99.00,91.00,84.00,75.30,,56.01,,31.00,,,,,,
2025-03-26T15:00:00Z,99.00,91.00,85.00,75.30,,56.01,,36.00,,,,,,
2025-03-26T16:00:00Z,99.00,91.00,85.00,73.87,,57.00,,31.72,,,,,,
2025-03-26T20:00:00Z,99.00,91.00,85.00,73.87,,57.00,,30.91,,,,,,
2025-03-26T21:00:00Z,99.00,91.00,85.00,73.87,,57.00,,32.00,,,,,,
2025-03-26T23:00:00Z,99.00,91.00,85.00,73.87,,56.54,,32.00,,,,,,
2025-03-27T04:00:00Z,99.00,91.00,85.00,73.87,,56.54,,30.00,,,,,,
2025-03-27T06:00:00Z,99.00,95.00,85.00,73.87,,56.54,,30.00,,,,,,
2025-03-27T13:00:00Z,99.00,95.00,85.00,73.87,,58.00,,30.00,,,,,,
2025-03-27T15:00:00Z,99.00,95.00,86.00,73.87,,58.18,,30.00,,,,,,
2025-03-27T16:00:00Z,99.00,95.00,86.00,73.87,,56.00,,30.00,,,,,,
2025-03-28T04:00:00Z,99.00,95.00,86.00,73.87,,56.00,,33.00,,,,,,
2025-03-28T16:00:00Z,99.00,95.00,86.00,73.87,,60.00,,33.00,,,,,,
2025-03-28T20:00:00Z,99.00,95.00,86.00,73.87,,60.00,,31.55,,,,,,
2025-03-29T01:00:00Z,99.00,95.00,83.00,75.00,,60.00,,31.55,,,,,,
2025-03-29T03:00:00Z,99.00,95.00,83.00,79.00,,60.00,,31.55,,,,,,
2025-03-29T14:00:00Z,99.00,95.00,83.00,79.00,,60.00,,31.55,,,,,,
2025-03-29T15:00:00Z,99.00,95.00,83.00,79.00,,55.47,,31.55,,,,,,
2025-03-30T01:00:00Z,99.00,95.00,85.00,79.00,,55.47,,31.55,,,,,,
2025-03-30T18:00:00Z,99.00,95.00,85.00,79.00,,63.77,,31.55,,,,,,
2025-03-30T22:00:00Z,99.00,95.00,85.00,79.00,,64.00,,31.55,,,,,,
2025-03-31T06:00:00Z,99.00,95.00,85.00,72.51,,64.00,,31.55,,,,,,
2025-03-31T15:00:00Z,99.00,95.00,85.00,72.51,,64.00,,31.55,,,,,,
2025-03-31T16:00:00Z,99.00,95.00,85.00,73.00,,64.00,,31.55,,,,,,
2025-03-31T19:00:00Z,99.00,95.00,85.00,73.00,,56.00,,31.55,,,,,,
2025-03-31T22:00:00Z,99.00,95.00,85.00,73.00,,62.00,,31.55,,10.00,,,,
2025-03-31T23:00:00Z,99.00,95.00,85.00,73.00,,62.00,,31.55,,10.00,,,,
2025-04-01T00:00:00Z,99.00,95.00,85.00,73.00,,63.00,,31.55,,10.00,,,,
2025-04-01T01:00:00Z,99.00,95.00,85.00,73.00,,63.00,,32.00,,10.00,,,,
2025-04-01T03:00:00Z,99.00,95.00,85.00,73.00,,56.38,,30.00,,10.00,,,,
2025-04-01T04:00:00Z,99.00,95.00,85.00,70.58,,56.38,,30.00,,10.00,,,,
2025-04-01T06:00:00Z,99.00,95.00,85.00,76.00,,56.38,,31.00,,10.00,,,,
2025-04-01T15:00:00Z,99.00,95.00,85.00,77.00,,56.38,,31.00,,10.00,,,,
2025-04-01T16:00:00Z,99.00,95.00,85.00,77.00,,56.38,,31.00,,10.00,,,,
2025-04-01T17:00:00Z,99.00,95.00,85.00,77.00,,56.38,,35.00,,10.00,,,,
2025-04-01T19:00:00Z,99.00,95.00,85.00,77.00,,57.00,,35.00,,10.00,,,,
2025-04-02T00:00:00Z,99.00,92.00,84.00,77.00,,54.63,,35.00,,10.00,,,,
2025-04-02T01:00:00Z,99.00,92.00,83.00,77.00,,53.12,,33.00,,10.00,,,,
2025-04-02T02:00:00Z,99.00,91.00,83.00,77.00,,55.00,,34.00,,10.00,,,,
2025-04-02T04:00:00Z,99.00,91.00,83.00,77.00,,55.00,,34.00,,10.00,,,,
2025-04-02T17:00:00Z,99.00,91.00,83.00,71.00,,55.00,,34.00,,10.00,,,,
2025-04-02T18:00:00Z,99.00,91.00,83.00,71.00,,55.00,,30.00,,10.00,,,,
2025-04-02T19:00:00Z,99.00,91.00,83.00,69.31,,55.00,,30.00,,10.00,,,,
2025-04-02T20:00:00Z,99.00,91.00,83.00,74.00,,52.00,,30.00,,10.00,,,,
2025-04-02T21:00:00Z,99.00,91.00,83.00,74.00,,52.00,,30.00,,10.00,,,,
2025-04-02T23:00:00Z,99.00,94.00,83.00,74.00,,52.00,,30.00,,10.00,,,,
2025-04-03T00:00:00Z,99.00,94.00,83.00,74.00,,57.00,,33.31,,10.00,,,,
2025-04-03T01:00:00Z,95.00,94.00,83.00,74.00,,53.00,,28.43,,10.00,,,,
2025-04-03T02:00:00Z,95.00,94.00,83.00,74.00,,53.00,,28.02,,10.00,,,,
2025-04-03T03:00:00Z,95.00,94.00,83.00,74.00,,52.00,,28.00,,8.00,,,,
2025-04-03T04:00:00Z,95.00,94.00,83.00,74.00,,52.00,,29.00,,9.00,,,,
2025-04-03T05:00:00Z,95.00,94.00,83.00,74.00,,55.00,,29.00,,9.00,,,,
2025-04-03T13:00:00Z,95.00,94.00,83.00,74.00,,55.00,,29.00,,9.00,,,,
2025-04-03T15:00:00Z,95.00,94.00,83.00,75.00,,55.00,,29.00,,9.00,,,,
2025-04-03T16:00:00Z,95.00,94.00,83.00,75.00,,55.00,,29.00,,9.00,,,,
2025-04-03T18:00:00Z,95.00,94.00,83.00,75.00,,55.12,,29.00,,9.00,,,,
2025-04-03T19:00:00Z,95.00,94.00,83.00,75.00,,57.00,,29.00,,9.00,,,,
2025-04-03T20:00:00Z,95.00,94.00,80.00,75.00,,57.00,,29.00,,9.00,,,,
2025-04-03T21:00:00Z,95.00,94.00,80.00,75.00,,57.00,,29.00,,9.00,,,,
2025-04-03T22:00:00Z,95.00,94.00,80.00,75.00,,55.00,,29.23,,9.00,,,,
2025-04-03T23:00:00Z,95.00,94.00,83.00,75.00,,55.00,,32.00,,9.00,,,,
2025-04-04T00:00:00Z,95.00,94.00,79.14,75.00,,55.00,,32.00,,9.00,,,,
2025-04-04T02:00:00Z,95.00,94.00,79.14,75.00,,55.00,44.00,32.00,,8.50,,,,
2025-04-04T03:00:00Z,95.00,95.61,79.14,75.00,,55.00,49.00,33.00,,8.50,,,,
2025-04-04T05:00:00Z,95.00,95.61,79.14,75.00,,63.00,52.75,34.00,,8.50,,,,
2025-04-04T06:00:00Z,95.00,95.61,79.14,75.00,,63.00,52.75,34.00,23.00,8.50,,,,
2025-04-04T07:00:00Z,95.00,95.61,79.14,75.00,,58.83,52.75,34.00,23.00,8.50,,,,
2025-04-04T13:00:00Z,95.00,95.61,85.90,76.00,,67.00,52.75,36.00,23.00,8.50,,,,
2025-04-04T14:00:00Z,95.00,92.90,85.90,76.00,,67.00,52.75,36.00,23.00,8.50,,,,
2025-04-04T15:00:00Z,95.00,92.90,85.90,79.00,,62.82,52.75,38.31,23.00,8.50,,,,
2025-04-04T16:00:00Z,95.00,92.90,85.90,79.00,,66.98,45.00,38.31,23.00,8.50,,,,
2025-04-04T17:00:00Z,95.00,92.90,85.90,82.00,,59.53,45.00,42.00,23.00,8.50,,,,
2025-04-04T18:00:00Z,95.00,92.90,85.90,82.00,,66.16,51.94,42.00,23.00,8.50,,,,
2025-04-04T19:00:00Z,95.00,92.90,85.90,82.00,,66.16,51.94,36.27,23.00,8.50,,,,
2025-04-04T20:00:00Z,95.00,92.90,85.90,82.00,,62.00,51.94,36.27,5.08,8.50,,,,
2025-04-04T21:00:00Z,95.00,92.90,85.90,82.00,,62.00,51.94,34.26,19.33,8.50,,,,
2025-04-04T22:00:00Z,95.00,92.90,85.90,81.00,,68.00,51.94,34.26,19.33,8.50,,,,
2025-04-04T23:00:00Z,95.00,92.90,85.90,81.00,,68.00,51.94,39.48,19.33,8.50,,,,
2025-04-05T00:00:00Z,95.00,92.90,85.90,81.00,,68.00,47.00,36.00,6.00,8.50,,,,
2025-04-05T01:00:00Z,95.00,92.90,85.90,81.00,,98.00,47.00,37.00,6.00,8.50,,,,
2025-04-05T03:00:00Z,95.00,96.00,85.90,81.90,,98.00,47.00,47.23,6.00,8.50,,,,
2025-04-05T04:00:00Z,95.00,96.00,85.90,81.90,,71.98,47.00,50.00,6.00,8.50,,,,
2025-04-05T05:00:00Z,95.00,96.00,85.90,81.90,,70.00,47.00,50.00,6.00,8.50,,,,
2025-04-05T07:00:00Z,95.00,97.00,85.90,81.90,,70.00,47.00,50.00,6.00,8.50,,,,
2025-04-05T13:00:00Z,95.00,97.00,85.90,81.90,,70.00,47.00,40.71,6.00,8.50,,,,
2025-04-05T16:00:00Z,95.00,97.00,85.90,81.90,,70.00,47.00,46.00,6.00,8.50,,,,
2025-04-05T18:00:00Z,95.00,97.00,85.90,81.90,,70.00,50.54,46.00,6.00,8.50,,,,
2025-04-05T21:00:00Z,95.00,97.00,96.00,81.90,,70.00,50.54,40.00,6.00,8.50,,,,
2025-04-06T00:00:00Z,95.00,97.00,96.00,81.90,,70.00,77.90,40.00,6.00,8.50,,,,
2025-04-06T01:00:00Z,95.00,97.00,96.00,81.90,,70.00,47.55,40.00,6.00,8.50,,,,
2025-04-06T02:00:00Z,95.00,97.00,96.00,85.00,,70.00,47.55,40.00,6.00,8.50,,,,
2025-04-06T04:00:00Z,95.00,97.00,96.00,85.00,,67.00,47.55,40.00,6.00,8.50,,,,
2025-04-06T05:00:00Z,95.00,97.00,96.00,85.00,,67.00,47.55,37.69,6.00,8.50,,,,
2025-04-06T06:00:00Z,95.00,97.00,96.00,85.00,,67.00,47.55,37.00,6.00,8.50,,,,
2025-04-06T14:00:00Z,95.00,97.00,96.00,85.00,,67.00,47.55,37.36,6.00,8.50,,,,
2025-04-06T15:00:00Z,95.00,97.00,96.00,87.00,,67.00,47.55,37.36,6.00,8.50,,,,
2025-04-06T18:00:00Z,95.00,97.00,85.00,87.00,,67.00,48.00,37.36,6.00,8.50,,,,
2025-04-06T19:00:00Z,95.00,97.00,85.00,87.00,,67.00,48.00,37.36,6.00,8.50,,,,
2025-04-06T20:00:00Z,95.00,97.00,85.00,85.61,,67.00,48.00,37.36,6.00,8.50,,,,
2025-04-06T21:00:00Z,95.00,97.00,85.00,85.61,,67.00,48.00,37.36,6.00,8.50,,,,
2025-04-06T22:00:00Z,95.00,97.00,85.00,85.61,,67.00,48.00,37.36,6.00,8.50,,,,
2025-04-06T23:00:00Z,95.00,97.00,85.00,85.61,,67.00,49.01,37.36,6.00,8.50,,,,
2025-04-07T00:00:00Z,95.00,97.00,85.00,71.00,,63.20,49.01,41.35,6.00,8.50,,,,
2025-04-07T01:00:00Z,95.00,97.00,85.00,71.00,,63.20,49.01,44.92,6.00,8.50,,,,
2025-04-07T03:00:00Z,95.00,97.00,85.00,97.00,,63.20,49.01,44.92,6.00,8.50,,,,
2025-04-07T04:00:00Z,95.00,97.00,85.00,97.00,,63.20,49.01,38.00,6.00,8.50,,,,
2025-04-07T06:00:00Z,95.00,97.00,85.00,71.03,,63.20,49.01,38.00,6.00,8.50,,,,
2025-04-07T14:00:00Z,95.00,97.00,85.00,71.03,,63.20,49.01,39.00,6.00,8.50,,,,
2025-04-07T15:00:00Z,95.00,97.00,85.00,71.03,,63.20,49.01,38.00,6.00,8.50,,,,
2025-04-07T16:00:00Z,95.00,97.00,85.00,71.03,,76.65,49.01,39.12,6.00,8.50,,,,
2025-04-07T17:00:00Z,95.00,97.00,85.00,71.03,,76.11,49.01,50.00,6.00,8.50,,,,
2025-04-07T18:00:00Z,95.00,97.00,85.00,71.03,,76.11,49.01,48.32,6.00,8.50,,,,
2025-04-07T19:00:00Z,95.00,97.00,85.00,71.03,,76.11,49.01,48.32,14.00,8.50,,,,
2025-04-07T20:00:00Z,95.00,97.00,90.00,71.03,,76.11,49.01,48.32,14.00,8.50,,,,
2025-04-07T21:00:00Z,95.00,97.00,94.00,71.03,,74.00,49.01,50.12,14.00,8.50,,,,
2025-04-07T22:00:00Z,95.00,97.00,94.00,71.03,88.00,74.00,49.01,50.12,14.00,8.50,,,,
2025-04-07T23:00:00Z,95.00,97.00,94.00,87.00,88.00,74.72,49.01,51.50,16.00,8.50,,,,
2025-04-08T00:00:00Z,95.00,97.00,94.00,89.51,88.00,79.61,49.01,51.06,16.00,8.50,,,,
2025-04-08T01:00:00Z,95.00,97.00,94.00,89.51,88.00,79.61,49.01,54.78,16.00,8.50,,,,
2025-04-08T02:00:00Z,95.00,97.00,94.00,89.51,88.00,79.61,49.01,52.33,16.00,8.50,,,,
2025-04-08T03:00:00Z,95.00,97.00,93.00,93.00,88.00,79.61,72.97,53.40,16.00,8.50,,,,
2025-04-08T04:00:00Z,95.00,98.00,93.00,93.00,88.00,80.00,68.16,51.67,16.00,8.50,,,,
2025-04-08T05:00:00Z,95.00,98.00,93.00,88.00,82.00,79.00,69.46,53.76,18.64,8.50,,,,
2025-04-08T06:00:00Z,95.00,98.00,93.00,88.00,90.00,79.00,69.46,54.00,18.64,8.50,,,,
2025-04-08T16:00:00Z,95.00,98.00,93.00,88.00,90.00,79.00,69.46,54.00,15.35,8.50,,,,
2025-04-08T17:00:00Z,95.00,98.00,93.00,88.00,90.00,79.00,69.46,51.08,15.35,8.50,,,,
2025-04-08T18:00:00Z,95.00,98.00,93.00,88.00,90.00,79.00,69.46,54.50,15.35,8.50,,,,
2025-04-08T19:00:00Z,95.00,98.00,93.00,88.00,90.00,79.00,67.55,54.00,17.00,8.50,,,,
2025-04-08T22:00:00Z,95.00,98.00,93.00,88.00,90.00,81.81,65.00,54.00,17.00,8.50,,,,
2025-04-08T23:00:00Z,95.00,98.00,93.00,88.00,90.00,81.81,70.00,52.00,17.00,8.50,,,,
2025-04-09T00:00:00Z,95.00,98.00,94.00,88.00,88.00,81.00,68.22,50.82,17.00,8.50,,,,
2025-04-09T01:00:00Z,95.00,98.00,94.00,88.00,88.00,79.14,69.70,52.00,17.00,8.50,,,,
2025-04-09T02:00:00Z,95.00,98.00,94.00,88.00,88.00,77.53,69.70,50.30,17.00,8.50,,,,
2025-04-09T03:00:00Z,95.00,98.00,94.00,88.00,88.00,81.50,68.00,50.41,17.00,8.50,,,,
2025-04-09T04:00:00Z,95.00,98.00,94.00,88.04,88.00,81.50,68.00,50.30,15.00,8.50,,,,
2025-04-09T05:00:00Z,95.00,98.00,94.00,88.04,88.00,81.50,68.00,51.94,15.00,3.00,,,,
2025-04-09T06:00:00Z,95.00,98.00,94.00,88.04,88.00,81.50,68.00,51.20,17.00,3.00,,,,
2025-04-09T13:00:00Z,95.00,98.00,94.00,88.04,88.00,81.50,68.00,51.20,17.00,3.00,,,,
2025-04-09T14:00:00Z,95.00,98.00,94.00,88.04,88.00,81.50,68.00,56.28,20.52,3.00,,,,
2025-04-09T15:00:00Z,95.00,98.00,94.00,88.04,88.00,81.50,67.02,56.28,20.52,3.00,,,,
2025-04-09T16:00:00Z,95.00,98.00,94.00,90.00,88.00,82.13,73.57,58.98,23.00,3.00,,,,
2025-04-09T17:00:00Z,95.00,98.00,94.00,89.71,88.00,82.13,75.00,58.98,23.00,3.00,,,,
2025-04-09T18:00:00Z,95.00,98.00,94.00,91.00,86.00,82.13,74.00,63.00,23.00,5.00,,,,
2025-04-09T19:00:00Z,95.00,98.00,94.00,91.00,86.00,87.00,74.00,63.00,27.89,6.00,,,,
2025-04-09T20:00:00Z,95.00,98.00,94.00,91.00,86.00,87.00,74.00,60.39,27.89,6.00,,,,
2025-04-09T21:00:00Z,95.00,98.00,94.00,90.00,86.00,87.00,74.00,59.81,27.89,6.00,,,,
2025-04-09T22:00:00Z,95.00,98.00,94.00,90.00,86.00,83.37,73.00,59.81,27.89,6.00,,,,
2025-04-10T01:00:00Z,95.00,98.00,94.00,90.00,86.00,83.37,73.00,59.81,28.00,6.00,,,,
2025-04-10T02:00:00Z,95.00,98.00,94.00,90.00,86.00,83.37,75.00,59.81,28.00,6.00,,,,
2025-04-10T03:00:00Z,95.00,98.00,94.00,90.00,86.00,83.37,75.00,59.90,28.00,6.00,,,,
2025-04-10T04:00:00Z,95.00,98.00,96.65,90.00,86.00,83.37,75.00,59.76,28.00,6.00,,,,
2025-04-10T05:00:00Z,95.00,98.00,96.65,90.00,86.00,83.37,75.00,59.76,28.00,6.00,,,,
2025-04-10T13:00:00Z,97.00,98.00,96.65,90.00,86.00,83.37,75.00,59.76,28.00,7.00,,,,
2025-04-10T14:00:00Z,97.00,98.00,96.65,90.00,86.00,83.37,75.00,59.76,28.42,7.00,,,,
2025-04-10T15:00:00Z,97.00,98.00,96.65,92.14,86.00,83.37,75.00,59.76,29.93,7.00,,,,
2025-04-10T16:00:00Z,97.00,98.00,96.65,92.14,86.00,83.48,75.00,60.00,29.93,7.00,,,,
2025-04-10T17:00:00Z,97.00,98.00,99.00,96.65,88.00,96.45,75.32,85.02,75.90,53.35,,,,
2025-04-10T18:00:00Z,97.00,98.00,99.00,96.65,99.00,97.55,98.78,92.69,81.96,62.12,,,,
2025-04-10T19:00:00Z,97.00,98.00,99.00,96.65,99.00,98.12,97.00,92.25,80.69,55.94,,,,
2025-04-10T20:00:00Z,97.00,98.00,99.00,96.65,99.00,98.12,97.00,92.29,84.98,49.66,,,,
2025-04-10T21:00:00Z,97.00,98.00,99.00,96.65,98.00,98.12,96.00,92.29,85.00,49.71,,,,
2025-04-10T22:00:00Z,97.00,98.00,99.00,96.65,98.00,98.57,98.00,97.32,84.46,50.18,,,,
2025-04-10T23:00:00Z,97.00,98.00,99.00,96.65,98.00,98.57,98.00,95.45,83.11,49.18,,14.92,,
2025-04-11T00:00:00Z,97.00,98.00,99.00,96.65,98.00,98.00,98.00,93.00,80.94,47.00,,20.00,,
2025-04-11T01:00:00Z,97.00,98.00,99.00,96.65,98.00,96.48,96.00,91.85,81.00,46.00,,20.00,,
2025-04-11T02:00:00Z,97.00,98.00,99.00,96.65,98.00,96.48,96.00,91.85,81.00,46.01,,16.00,,
2025-04-11T03:00:00Z,97.00,98.00,99.00,96.65,98.00,96.48,96.00,91.85,81.00,47.80,,16.00,,
2025-04-11T04:00:00Z,97.00,98.00,99.00,96.65,98.00,98.00,96.00,91.85,82.00,47.80,,19.97,,
2025-04-11T05:00:00Z,97.00,98.00,99.00,96.65,98.00,98.00,96.00,91.85,80.00,46.83,,19.97,,
2025-04-11T06:00:00Z,97.00,98.00,99.00,96.65,98.00,98.00,96.00,91.85,82.01,43.41,,16.51,,
2025-04-11T07:00:00Z,97.00,98.00,99.00,96.65,98.00,98.00,96.00,91.22,82.00,43.41,,19.00,,
2025-04-11T13:00:00Z,97.00,98.00,99.00,96.65,98.00,99.00,96.00,91.22,82.00,43.41,,19.00,,
2025-04-11T14:00:00Z,97.00,98.00,99.00,96.65,98.00,99.00,96.00,91.22,82.00,42.06,,19.00,,
2025-04-11T15:00:00Z,97.00,98.00,99.00,96.65,98.00,99.00,96.00,92.00,83.00,44.23,,19.47,,
2025-04-11T16:00:00Z,97.00,98.00,99.00,96.65,98.00,99.00,98.00,93.30,83.00,46.00,,21.51,,
2025-04-11T17:00:00Z,97.00,98.00,99.00,96.65,98.00,99.00,99.00,92.00,80.50,47.26,,25.00,,
2025-04-11T18:00:00Z,97.00,98.00,99.00,96.65,98.00,99.00,99.00,92.00,80.50,47.26,,25.85,,
2025-04-11T19:00:00Z,97.00,98.00,99.00,98.00,98.00,99.00,99.00,92.25,83.96,48.00,,26.89,,
2025-04-11T20:00:00Z,97.00,98.00,99.00,98.00,98.00,99.00,99.00,94.35,83.98,49.00,,22.00,,
2025-04-11T21:00:00Z,97.00,98.00,99.00,98.00,98.00,99.00,99.00,94.35,83.98,50.08,,28.82,,
2025-04-11T22:00:00Z,97.00,98.00,99.00,98.00,98.00,99.00,99.00,94.35,83.98,52.91,,27.28,,
2025-04-11T23:00:00Z,97.00,98.00,99.00,98.00,98.00,99.00,99.00,94.35,85.00,52.20,,27.28,,
2025-04-12T00:00:00Z,97.00,98.00,99.00,98.00,98.00,99.00,99.00,94.35,87.83,52.20,,27.28,,
2025-04-12T01:00:00Z,97.00,98.00,99.00,98.00,98.00,96.00,99.00,94.35,85.40,52.20,,27.28,,
2025-04-12T02:00:00Z,97.00,98.00,99.00,98.00,98.00,96.00,99.00,94.35,87.88,50.33,,27.28,,
2025-04-12T03:00:00Z,97.00,98.00,99.00,98.00,98.00,96.00,99.00,94.35,87.88,52.46,,28.10,,
2025-04-12T04:00:00Z,97.00,98.00,99.00,98.00,98.00,96.00,99.00,94.35,84.45,52.46,,27.53,,
2025-04-12T06:00:00Z,97.00,98.00,99.00,98.00,98.00,96.00,99.00,94.35,84.45,52.46,,27.00,,
2025-04-12T07:00:00Z,97.00,98.00,99.00,98.00,98.00,96.00,99.00,94.35,84.45,53.00,,26.85,,
2025-04-12T14:00:00Z,97.00,98.00,99.00,98.00,98.00,96.00,99.00,94.35,84.45,53.00,,26.85,,
2025-04-12T15:00:00Z,97.00,98.00,99.00,98.00,98.00,96.00,99.00,96.00,84.45,53.00,,26.85,,
2025-04-12T16:00:00Z,97.00,98.00,99.00,98.00,98.00,96.00,99.00,93.00,84.45,53.00,,28.00,,
2025-04-12T18:00:00Z,97.00,98.00,99.00,98.00,98.00,96.00,99.00,93.00,87.00,53.00,,28.36,,
2025-04-12T19:00:00Z,97.00,98.00,99.00,98.00,98.00,96.00,99.00,93.00,87.00,53.00,,28.36,,
2025-04-12T20:00:00Z,97.00,98.00,99.00,98.00,98.00,96.00,99.00,93.00,87.00,49.00,,28.36,,
2025-04-12T21:00:00Z,97.00,98.00,99.00,98.00,98.00,96.00,99.00,93.00,87.00,49.00,,28.36,,
2025-04-12T22:00:00Z,97.00,98.00,99.00,98.00,98.00,97.01,99.00,93.00,87.00,52.93,,28.36,,
2025-04-12T23:00:00Z,97.00,98.00,99.00,98.00,98.00,97.01,99.00,93.00,87.00,52.93,,26.00,,
2025-04-13T00:00:00Z,97.00,98.00,99.00,98.00,98.00,97.01,99.00,95.58,87.00,52.93,,26.00,,
2025-04-13T01:00:00Z,97.00,98.00,99.00,98.00,98.00,97.01,99.00,95.58,86.00,52.93,,26.00,,
2025-04-13T02:00:00Z,97.00,98.00,99.00,98.00,98.00,97.01,99.00,95.58,84.00,52.60,,28.00,,
2025-04-13T03:00:00Z,97.00,98.00,99.00,98.00,98.00,97.01,99.00,95.58,84.00,52.60,,28.00,,
2025-04-13T04:00:00Z,97.00,98.00,99.00,98.00,98.00,97.01,99.00,95.58,86.00,52.60,,26.00,,
2025-04-13T05:00:00Z,97.00,98.00,99.00,98.00,98.00,97.01,99.00,95.58,86.00,52.60,,26.00,,
2025-04-13T06:00:00Z,97.00,98.00,99.00,98.00,98.00,97.01,99.00,95.58,83.59,52.60,,26.00,,
2025-04-13T07:00:00Z,97.00,98.00,99.00,98.00,98.00,97.01,99.00,95.58,86.00,52.60,,27.00,,
2025-04-13T13:00:00Z,97.00,98.00,99.00,98.00,98.00,97.01,99.00,95.58,86.00,52.93,,27.00,,
2025-04-13T15:00:00Z,97.00,98.00,99.00,98.00,98.00,97.01,99.00,95.58,83.00,52.93,,27.00,,
2025-04-13T16:00:00Z,97.00,98.00,99.00,98.00,98.00,97.01,99.00,95.58,83.00,52.93,,27.00,,
2025-04-13T17:00:00Z,97.00,98.00,99.00,98.00,98.00,97.01,99.00,95.58,83.00,55.58,,27.00,,
2025-04-13T19:00:00Z,97.00,98.00,99.00,98.00,98.00,97.01,94.12,95.58,85.00,55.00,,27.53,,
2025-04-13T20:00:00Z,97.00,98.00,99.00,98.00,98.00,97.01,95.00,95.58,86.00,55.00,,27.53,,
2025-04-13T21:00:00Z,97.00,98.00,99.00,98.00,98.00,97.01,95.00,95.58,85.00,55.00,,28.39,,
2025-04-13T22:00:00Z,97.00,98.00,99.00,98.00,98.00,97.01,95.00,95.58,85.00,55.00,,28.97,,
2025-04-13T23:00:00Z,97.00,98.00,99.00,98.00,98.00,97.01,95.00,95.58,79.56,55.00,,28.97,,
2025-04-14T00:00:00Z,97.00,98.00,99.00,98.00,98.00,97.01,95.00,95.58,79.49,54.90,,28.97,,
2025-04-14T01:00:00Z,97.00,98.00,99.00,98.00,98.00,97.01,95.00,95.58,79.49,55.00,,28.97,,
2025-04-14T02:00:00Z,97.00,98.00,99.00,98.00,98.00,97.01,95.00,95.58,83.03,55.00,,28.97,,
2025-04-14T03:00:00Z,97.00,98.00,99.00,98.00,98.00,97.01,95.00,95.52,83.03,56.00,,28.97,,
2025-04-14T04:00:00Z,97.00,98.00,99.00,98.00,98.00,97.01,95.00,95.52,84.48,47.18,,28.66,,
2025-04-14T05:00:00Z,97.00,98.00,99.00,98.00,98.00,97.01,95.00,95.52,82.00,47.18,,24.00,,
2025-04-14T06:00:00Z,97.00,98.00,99.00,98.00,98.00,97.01,95.00,95.52,82.00,40.08,,14.58,,
2025-04-14T07:00:00Z,97.00,98.00,99.00,98.00,98.00,97.01,95.00,93.96,81.40,41.00,,14.58,,
2025-04-14T13:00:00Z,97.00,98.00,99.00,98.00,98.00,97.01,95.00,93.96,88.71,40.00,,14.58,,
2025-04-14T14:00:00Z,97.00,98.00,99.00,98.00,98.00,97.01,95.00,93.96,80.26,41.80,,23.02,,
2025-04-14T15:00:00Z,97.00,98.00,99.00,98.00,98.00,95.96,92.00,91.47,82.00,42.01,,23.06,,
2025-04-14T16:00:00Z,97.00,98.00,99.00,98.00,98.00,95.96,92.00,91.47,82.54,46.03,,24.07,,
2025-04-14T17:00:00Z,97.00,98.00,99.00,98.00,98.00,95.96,92.00,94.00,82.54,47.47,,30.09,,
2025-04-14T18:00:00Z,97.00,98.00,99.00,98.00,98.00,95.96,98.70,94.00,84.00,49.00,,26.32,,
2025-04-14T19:00:00Z,97.00,98.00,99.00,98.00,98.00,95.96,96.00,92.05,83.92,49.41,,29.74,,
2025-04-14T20:00:00Z,97.00,98.00,99.00,98.00,98.00,95.96,96.00,95.86,84.96,52.31,,30.99,,
2025-04-14T21:00:00Z,97.00,98.00,99.00,98.00,98.00,95.96,96.00,96.00,87.06,55.94,,31.06,,
2025-04-14T22:00:00Z,97.00,98.00,99.00,98.00,98.00,95.96,96.00,95.00,87.01,58.41,,33.70,,
2025-04-14T23:00:00Z,97.00,98.00,99.00,98.00,98.00,95.96,96.00,96.00,87.01,58.41,,33.98,,
2025-04-15T00:00:00Z,97.00,98.00,99.00,98.00,98.00,95.96,99.00,95.00,84.90,56.47,,33.85,,
2025-04-15T01:00:00Z,97.00,98.00,99.00,98.00,98.00,95.96,99.00,95.25,88.00,57.93,,36.51,,
2025-04-15T02:00:00Z,97.00,98.00,99.00,98.00,98.00,95.96,99.00,95.25,88.00,57.93,,36.00,,
2025-04-15T03:00:00Z,97.00,98.00,99.00,98.00,98.00,99.00,99.00,96.00,90.00,59.80,,34.23,,
2025-04-15T04:00:00Z,97.00,98.00,99.00,98.00,98.00,99.00,99.00,94.85,93.11,63.43,,36.15,,
2025-04-15T05:00:00Z,97.00,98.00,99.00,98.00,98.00,99.00,99.00,94.85,93.11,67.85,,34.11,,
2025-04-15T06:00:00Z,97.00,98.00,99.00,98.00,98.00,99.00,99.00,96.00,94.00,70.96,,38.00,,
2025-04-15T07:00:00Z,97.00,98.00,99.00,97.89,98.00,99.00,99.00,96.00,94.00,54.51,,38.00,,
2025-04-15T13:00:00Z,97.00,98.00,99.00,99.00,98.00,99.00,99.00,96.00,94.00,62.89,,37.15,,
2025-04-15T14:00:00Z,97.00,98.00,99.00,99.00,98.00,99.00,99.00,96.00,93.89,68.51,,36.18,,
2025-04-15T15:00:00Z,97.00,98.00,99.00,99.00,98.00,99.00,99.00,97.75,95.00,74.99,,45.11,23.42,20.40
2025-04-15T16:00:00Z,97.00,98.00,99.00,99.00,98.00,99.00,99.00,96.16,94.96,75.82,63.27,45.69,25.58,19.45
2025-04-15T17:00:00Z,97.00,98.00,99.00,99.00,98.00,99.00,99.00,98.00,95.85,80.18,52.95,52.15,41.98,16.17
2025-04-15T18:00:00Z,97.00,98.00,99.00,99.00,98.00,99.00,99.00,98.00,96.00,72.70,55.57,57.15,31.18,7.48
2025-04-15T19:00:00Z,97.00,98.00,99.00,99.00,98.00,99.00,99.00,97.18,95.22,69.31,40.86,38.26,13.19,1.00
2025-04-15T20:00:00Z,97.00,98.00,99.00,99.00,98.00,99.00,99.00,98.00,94.00,71.63,56.00,41.41,15.00,1.00
2025-04-15T21:00:00Z,97.00,98.00,99.00,99.00,98.00,99.00,99.00,98.00,96.00,74.23,56.00,43.79,14.00,1.00
2025-04-15T22:00:00Z,97.00,98.00,99.00,99.00,98.00,99.00,99.00,98.00,96.08,73.85,66.82,44.81,14.63,1.00
2025-04-15T23:00:00Z,97.00,98.00,99.00,99.00,98.00,99.00,99.00,98.00,96.31,76.00,68.00,47.08,16.00,1.00
2025-04-16T00:00:00Z,97.00,98.00,99.00,99.00,98.00,99.00,99.00,99.00,96.31,79.23,73.00,49.92,16.00,1.00
2025-04-16T01:00:00Z,97.00,98.00,99.00,99.00,98.00,99.00,99.00,99.00,96.31,80.00,71.05,52.13,21.00,1.00
2025-04-16T02:00:00Z,97.00,98.00,99.00,99.00,98.00,99.00,99.00,99.00,97.00,80.00,71.05,59.00,24.86,1.00
2025-04-16T03:00:00Z,97.00,98.00,99.00,99.00,98.00,99.00,99.00,99.00,97.04,79.00,73.00,53.33,20.56,1.00
2025-04-16T04:00:00Z,97.00,98.00,99.00,99.00,98.00,99.00,99.00,99.00,97.04,79.00,68.66,53.33,20.56,1.00
2025-04-16T05:00:00Z,97.00,98.00,99.00,99.00,98.00,99.00,99.00,99.00,98.00,82.61,67.46,59.58,15.38,1.00
2025-04-16T06:00:00Z,97.00,98.00,99.00,99.00,98.00,99.00,99.00,99.00,97.79,77.42,73.00,62.47,28.38,1.00
2025-04-16T07:00:00Z,97.00,98.00,99.00,99.00,98.00,99.00,99.00,99.00,97.00,77.46,73.81,55.00,28.38,1.00
2025-04-16T13:00:00Z,97.00,98.00,99.00,99.00,98.00,99.00,99.00,99.00,97.00,82.15,73.81,55.00,28.88,1.00
2025-04-16T14:00:00Z,97.00,98.00,99.00,99.00,98.00,99.00,99.00,99.00,98.00,82.97,70.66,50.80,24.84,1.00
2025-04-16T15:00:00Z,97.00,98.00,99.00,99.00,98.00,99.00,99.00,99.00,98.95,84.00,68.28,50.80,7.66,1.00
2025-04-16T16:00:00Z,97.00,98.00,99.00,99.00,98.00,99.00,99.00,99.00,98.00,85.01,75.71,55.75,18.54,1.00
2025-04-16T17:00:00Z,97.00,98.00,99.00,99.00,98.00,99.00,99.00,99.00,98.00,86.70,75.50,58.46,22.60,1.00
2025-04-16T18:00:00Z,97.00,98.00,99.00,99.00,98.00,99.00,99.00,99.00,98.00,88.12,75.50,61.24,26.35,1.00
2025-04-16T19:00:00Z,97.00,98.00,99.00,99.00,98.00,99.00,99.00,99.00,98.00,90.89,78.00,65.92,26.40,1.00
2025-04-16T20:00:00Z,97.00,98.00,99.00,99.00,98.00,99.00,99.00,99.00,98.00,91.00,83.00,68.00,21.08,1.00
2025-04-16T21:00:00Z,97.00,98.00,99.00,99.00,98.00,99.00,99.00,99.00,98.00,92.00,83.00,66.87,23.19,1.00
2025-04-16T22:00:00Z,97.00,98.00,99.00,99.00,98.00,99.00,99.00,99.00,98.00,91.89,83.00,67.29,24.85,1.00
2025-04-16T23:00:00Z,97.00,98.00,99.00,99.00,98.00,99.00,99.00,99.00,98.00,91.60,85.00,72.86,24.96,1.00
2025-04-17T00:00:00Z,97.00,98.00,99.00,99.00,98.00,99.00,99.00,99.00,98.00,91.60,85.86,69.16,25.73,1.00
2025-04-17T01:00:00Z,97.00,98.00,99.00,99.00,98.00,99.00,99.00,99.00,98.00,91.00,89.98,70.00,31.81,1.00
2025-04-17T02:00:00Z,97.00,98.00,99.00,99.00,98.00,99.00,99.00,99.00,98.00,91.26,87.91,72.46,32.00,1.00
2025-04-17T03:00:00Z,97.00,98.00,99.00,99.00,98.00,99.00,99.00,99.00,99.00,91.26,87.85,71.00,30.00,1.00
2025-04-17T04:00:00Z,97.00,98.00,99.00,99.00,98.00,99.00,99.00,99.00,99.00,92.01,88.98,71.07,31.20,1.00
2025-04-17T05:00:00Z,97.00,98.00,99.00,99.00,98.00,99.00,99.00,99.00,99.00,91.55,88.00,71.00,44.04,1.00
2025-04-17T06:00:00Z,97.00,98.00,99.00,99.00,98.00,99.00,99.00,99.00,99.00,91.32,87.00,78.48,44.04,1.00
2025-04-17T07:00:00Z,97.00,98.00,99.00,99.00,98.00,99.00,99.00,99.00,99.00,91.00,86.19,75.29,43.23,1.00
2025-04-17T13:00:00Z,97.00,98.00,99.00,99.00,98.00,99.00,99.00,99.00,98.26,84.69,75.40,49.43,6.55,1.00
2025-04-17T14:00:00Z,97.00,98.00,99.00,99.00,98.00,99.00,99.00,99.00,96.50,84.69,68.25,46.34,3.70,1.00
2025-04-17T15:00:00Z,97.00,98.00,99.00,99.00,98.00,99.00,99.00,99.00,96.50,83.00,66.99,43.33,3.86,1.00
2025-04-17T16:00:00Z,97.00,98.00,99.00,99.00,98.00,99.00,99.00,99.00,96.50,84.96,68.00,37.20,3.92,1.00
2025-04-17T17:00:00Z,97.00,98.00,99.00,99.00,98.00,99.00,99.00,99.00,99.00,84.96,69.15,50.52,5.00,1.00
2025-04-17T18:00:00Z,97.00,98.00,99.00,99.00,98.00,99.00,99.00,99.00,99.00,85.78,72.66,48.96,3.02,1.00
2025-04-17T19:00:00Z,97.00,98.00,99.00,99.00,98.00,99.00,99.00,99.00,99.00,87.29,74.84,44.80,3.31,1.00
2025-04-17T20:00:00Z,97.00,98.00,99.00,99.00,98.00,99.00,99.00,99.00,99.00,89.00,78.72,50.43,4.81,1.00
2025-04-17T21:00:00Z,97.00,98.00,99.00,99.00,98.00,99.00,99.00,99.00,99.00,90.00,82.00,55.34,8.00,1.00
2025-04-17T22:00:00Z,97.00,98.00,99.00,99.00,98.00,99.00,99.00,99.00,99.00,90.36,80.75,55.43,10.98,1.00
2025-04-17T23:00:00Z,97.00,98.00,99.00,99.00,98.00,99.00,99.00,99.00,99.00,91.00,80.50,52.84,8.94,1.00
2025-04-18T00:00:00Z,97.00,98.00,99.00,99.00,98.00,99.00,99.00,99.00,98.36,91.00,80.13,54.24,6.04,1.00
2025-04-18T01:00:00Z,97.00,98.00,99.00,99.00,98.00,99.00,99.00,99.00,98.36,89.73,79.21,42.17,2.31,1.00
2025-04-18T02:00:00Z,97.00,98.00,99.00,99.00,98.00,99.00,99.00,99.00,98.36,89.00,78.00,49.06,1.00,1.00
2025-04-18T03:00:00Z,97.00,98.00,99.00,99.00,98.00,99.00,99.00,99.00,98.00,87.67,77.95,35.50,1.00,1.00
2025-04-18T04:00:00Z,97.00,98.00,99.00,99.00,98.00,99.00,99.00,99.00,98.00,87.67,74.81,46.40,1.00,1.00
2025-04-18T05:00:00Z,97.00,98.00,99.00,99.00,98.00,99.00,99.00,99.00,99.00,89.00,72.67,37.08,1.00,1.00
2025-04-18T06:00:00Z,97.00,98.00,99.00,99.00,98.00,99.00,99.00,99.00,99.00,87.88,67.30,34.89,1.00,1.00
2025-04-18T07:00:00Z,97.00,98.00,99.00,99.00,98.00,99.00,99.00,99.00,99.00,87.88,68.00,38.25,1.00,1.00
2025-04-18T13:00:00Z,97.00,98.00,99.00,99.00,98.00,99.00,99.00,99.00,98.00,84.70,57.64,10.69,1.14,1.00
2025-04-18T14:00:00Z,97.00,98.00,99.00,99.00,98.00,99.00,99.00,99.00,99.00,74.01,54.00,9.33,1.00,1.00
2025-04-18T15:00:00Z,97.00,98.00,99.00,99.00,98.00,99.00,99.00,99.00,99.00,81.70,55.84,8.32,1.00,1.00
2025-04-18T16:00:00Z,97.00,98.00,99.00,99.00,98.00,99.00,99.00,99.00,99.00,81.36,57.82,7.90,1.00,1.00
2025-04-18T17:00:00Z,97.00,98.00,99.00,99.00,98.00,99.00,99.00,99.00,99.00,81.05,56.30,9.39,1.00,1.00
2025-04-18T18:00:00Z,97.00,98.00,99.00,99.00,98.00,99.00,99.00,99.00,99.00,85.33,66.14,18.14,1.00,1.00
2025-04-18T19:00:00Z,97.00,98.00,99.00,99.00,98.00,99.00,99.00,99.00,99.00,84.45,66.93,19.76,1.00,1.00
2025-04-18T20:00:00Z,97.00,98.00,99.00,99.00,98.00,99.00,99.00,99.00,99.00,89.15,74.78,23.06,1.00,1.00
2025-04-18T21:00:00Z,97.00,98.00,99.00,99.00,98.00,99.00,99.00,99.00,99.00,92.53,78.65,27.59,1.00,1.00
2025-04-18T22:00:00Z,97.00,98.00,99.00,99.00,98.00,99.00,99.00,99.00,99.00,93.99,84.40,38.16,1.00,1.00
2025-04-18T23:00:00Z,97.00,98.00,99.00,99.00,98.00,99.00,99.00,99.00,99.00,95.00,86.62,39.07,1.00,1.00
2025-04-19T00:00:00Z,97.00,98.00,99.00,99.00,98.00,99.00,99.00,99.00,99.00,97.81,85.94,42.07,1.00,1.00
2025-04-19T01:00:00Z,97.00,98.00,99.00,99.00,98.00,99.00,99.00,99.00,99.00,95.00,86.00,43.23,2.00,1.00
2025-04-19T02:00:00Z,97.00,98.00,99.00,99.00,98.00,99.00,99.00,99.00,99.00,97.00,87.28,47.45,1.00,1.00
2025-04-19T03:00:00Z,97.00,98.00,99.00,99.00,98.00,99.00,99.00,99.00,99.00,95.00,87.55,42.15,1.00,1.00
2025-04-19T04:00:00Z,97.00,98.00,99.00,99.00,98.00,99.00,99.00,99.00,99.00,95.00,86.57,35.12,1.00,1.00
2025-04-19T05:00:00Z,97.00,98.00,99.00,99.00,98.00,99.00,99.00,99.00,99.00,97.00,89.95,48.58,1.00,1.00
2025-04-19T06:00:00Z,97.00,98.00,99.00,99.00,98.00,99.00,99.00,99.00,99.00,97.00,89.38,48.58,1.00,1.00
2025-04-19T07:00:00Z,97.00,98.00,99.00,99.00,98.00,99.00,99.00,99.00,99.00,97.00,89.38,49.89,1.00,1.00
2025-04-19T13:00:00Z,97.00,98.00,99.00,99.00,98.00,99.00,99.00,99.00,99.00,99.00,94.00,59.28,1.00,1.00
2025-04-19T14:00:00Z,97.00,98.00,99.00,99.00,98.00,99.00,99.00,99.00,99.00,99.00,93.81,59.28,1.00,1.00
2025-04-19T15:00:00Z,97.00,98.00,99.00,99.00,98.00,99.00,99.00,99.00,99.00,99.00,94.96,60.00,1.00,1.00
2025-04-19T16:00:00Z,97.00,98.00,99.00,99.00,98.00,99.00,99.00,99.00,99.00,99.00,93.96,59.98,1.84,1.00
2025-04-19T17:00:00Z,97.00,98.00,99.00,99.00,98.00,99.00,99.00,99.00,99.00,98.00,92.67,69.46,1.44,1.00
2025-04-19T18:00:00Z,97.00,98.00,99.00,99.00,98.00,99.00,99.00,99.00,99.00,96.00,93.00,60.06,1.00,1.00
2025-04-19T19:00:00Z,97.00,98.00,99.00,99.00,98.00,99.00,99.00,99.00,99.00,96.00,93.00,78.49,2.00,1.00
2025-04-19T20:00:00Z,97.00,98.00,99.00,99.00,98.00,99.00,99.00,99.00,99.00,97.83,97.36,69.42,1.00,1.00
2025-04-19T21:00:00Z,97.00,98.00,99.00,99.00,98.00,99.00,99.00,99.00,99.00,97.00,96.30,84.00,1.00,1.00
2025-04-19T22:00:00Z,97.00,98.00,99.00,99.00,98.00,99.00,99.00,99.00,99.00,98.00,96.44,79.00,1.00,1.00
2025-04-19T23:00:00Z,97.00,98.00,99.00,99.00,98.00,99.00,99.00,99.00,99.00,98.00,96.44,78.10,1.00,1.00
2025-04-20T00:00:00Z,97.00,98.00,99.00,99.00,98.00,99.00,99.00,99.00,99.00,98.00,97.62,80.00,1.00,1.00
2025-04-20T01:00:00Z,97.00,98.00,99.00,99.00,98.00,99.00,99.00,99.00,99.00,99.00,97.62,80.00,1.00,1.00
2025-04-20T02:00:00Z,97.00,98.00,99.00,99.00,98.00,99.00,99.00,99.00,99.00,99.00,99.00,84.29,1.00,1.00
2025-04-20T03:00:00Z,97.00,98.00,99.00,99.00,98.00,99.00,99.00,99.00,99.00,99.00,96.20,81.00,1.00,1.00
2025-04-20T04:00:00Z,97.00,98.00,99.00,99.00,98.00,99.00,99.00,99.00,99.00,99.00,99.00,69.40,1.00,1.00
2025-04-20T05:00:00Z,97.00,98.00,99.00,99.00,98.00,99.00,99.00,99.00,99.00,99.00,98.71,76.00,1.00,1.00
2025-04-20T06:00:00Z,97.00,98.00,99.00,99.00,98.00,99.00,99.00,99.00,99.00,99.00,98.99,62.00,1.00,1.00
2025-04-20T07:00:00Z,97.00,98.00,99.00,99.00,98.00,99.00,99.00,99.00,99.00,99.00,98.99,83.92,1.00,1.00
2025-04-20T13:00:00Z,97.00,98.00,99.00,99.00,98.00,99.00,99.00,99.00,99.00,99.00,99.00,90.94,1.00,1.00
2025-04-20T14:00:00Z,97.00,98.00,99.00,99.00,98.00,99.00,99.00,99.00,99.00,99.00,98.61,85.96,1.00,1.00
2025-04-20T15:00:00Z,97.00,98.00,99.00,99.00,98.00,99.00,99.00,99.00,99.00,99.00,98.61,86.28,1.00,1.00
2025-04-20T16:00:00Z,97.00,98.00,99.00,99.00,98.00,99.00,99.00,99.00,99.00,99.00,98.61,83.08,1.00,1.00
2025-04-20T17:00:00Z,97.00,98.00,99.00,99.00,98.00,99.00,99.00,99.00,99.00,99.00,98.61,83.56,1.00,1.00
2025-04-20T18:00:00Z,97.00,98.00,99.00,99.00,98.00,99.00,99.00,99.00,99.00,99.00,98.61,76.88,1.00,1.00
2025-04-20T19:00:00Z,97.00,98.00,99.00,99.00,98.00,99.00,99.00,99.00,99.00,99.00,98.61,74.40,1.00,1.00
2025-04-20T20:00:00Z,97.00,98.00,99.00,99.00,98.00,99.00,99.00,99.00,99.00,99.00,98.61,77.35,1.00,1.00
2025-04-20T21:00:00Z,97.00,98.00,99.00,99.00,98.00,99.00,99.00,99.00,99.00,99.00,98.61,85.00,1.00,1.00
2025-04-20T22:00:00Z,97.00,98.00,99.00,99.00,98.00,99.00,99.00,99.00,99.00,99.00,98.61,84.00,1.00,1.00
2025-04-20T23:00:00Z,97.00,98.00,99.00,99.00,98.00,99.00,99.00,99.00,99.00,99.00,98.61,84.34,1.00,1.00
2025-04-21T00:00:00Z,97.00,98.00,99.00,99.00,98.00,99.00,99.00,99.00,99.00,99.00,98.00,88.00,1.00,1.00
2025-04-21T01:00:00Z,97.00,98.00,99.00,99.00,98.00,99.00,99.00,99.00,99.00,99.00,98.00,88.11,1.00,1.00
2025-04-21T02:00:00Z,97.00,98.00,99.00,99.00,98.00,99.00,99.00,99.00,99.00,99.00,98.00,88.20,1.00,1.00
2025-04-21T03:00:00Z,97.00,98.00,99.00,99.00,98.00,99.00,99.00,99.00,99.00,99.00,97.92,83.47,1.00,1.00
2025-04-21T04:00:00Z,97.00,98.00,99.00,99.00,98.00,99.00,99.00,99.00,99.00,99.00,97.92,89.00,1.00,1.00
2025-04-21T05:00:00Z,97.00,98.00,99.00,99.00,98.00,99.00,99.00,99.00,99.00,99.00,97.92,92.40,1.00,1.00
2025-04-21T06:00:00Z,97.00,98.00,99.00,99.00,98.00,99.00,99.00,99.00,99.00,99.00,97.92,92.07,1.00,1.00
2025-04-21T07:00:00Z,97.00,98.00,99.00,99.00,98.00,99.00,99.00,99.00,99.00,99.00,96.84,92.07,1.00,1.00
2025-04-21T13:00:00Z,97.00,98.00,99.00,99.00,98.00,99.00,99.00,99.00,99.00,99.00,96.84,92.07,1.00,1.00
2025-04-21T14:00:00Z,97.00,98.00,99.00,99.00,98.00,99.00,99.00,99.00,99.00,99.00,96.84,99.00,1.00,1.00