timestamp,Above 45,Above 50,Above 55,Above 57,Above 60,Above 62,Above 65,Above 67,Above 70,Above 75,Above 80,Above 90
2024-10-31T21:59:00Z,,,,,,,,,,,50.00,
2024-11-03T15:18:00Z,,,,,,,,,70.00,,50.00,
2024-11-03T18:10:00Z,,,,,,,,,69.00,,50.00,
2024-11-06T04:09:00Z,,99.00,,,,,,,69.00,,50.00,
2024-11-06T13:59:00Z,,99.00,,,,,20.00,,69.00,,50.00,
2024-11-06T15:03:00Z,,99.00,,,,,59.00,,69.00,,50.00,
2024-11-06T22:29:00Z,,99.00,,,,,59.00,,10.00,,50.00,
2024-11-06T22:46:00Z,,99.00,,,,,59.00,,23.00,,50.00,
2024-11-06T23:40:00Z,,99.00,,,,,59.00,,23.00,,10.00,
2024-11-07T01:46:00Z,,99.00,,,,,60.00,,23.00,,10.00,
2024-11-07T01:51:00Z,,99.00,,,,,48.89,,23.00,,10.00,
2024-11-07T01:52:00Z,,99.00,,,,,48.00,,23.00,,10.00,
2024-11-07T02:52:00Z,,99.00,,,,,58.00,,23.00,,10.00,
2024-11-07T02:53:00Z,,99.00,,,,,58.00,,22.00,,10.00,
2024-11-07T05:01:00Z,,99.00,,,,,58.00,,36.01,,10.00,
2024-11-07T06:11:00Z,,99.00,99.00,,,,58.00,,36.01,,10.00,
2024-11-07T18:05:00Z,,99.00,87.00,,,,58.00,,36.01,,10.00,
2024-11-07T18:22:00Z,,99.00,87.00,,,,58.00,,20.00,,10.00,
2024-11-07T18:32:00Z,,91.54,87.00,,,,58.00,,20.00,,10.00,
2024-11-07T18:38:00Z,,91.54,88.14,,,,58.00,,20.00,,10.00,
2024-11-07T18:39:00Z,,91.54,88.14,,,,58.00,,18.35,,10.00,
2024-11-07T19:11:00Z,,91.54,92.00,,,,58.00,,18.35,,10.00,
2024-11-07T19:18:00Z,,91.54,92.00,,,,58.00,,22.42,,10.00,
2024-11-07T22:38:00Z,,91.54,92.00,,,,48.00,,22.42,,10.00,
2024-11-07T22:39:00Z,,91.54,92.00,,,,48.00,,21.00,,7.00,
2024-11-07T22:45:00Z,,91.54,92.00,,,,48.00,,22.00,,7.00,
2024-11-08T00:34:00Z,,91.54,92.00,,,,49.31,,22.00,,7.00,
2024-11-08T02:09:00Z,,91.54,92.00,,,,49.31,,24.00,,7.00,
2024-11-08T02:24:00Z,,91.54,92.00,,,,49.31,,24.00,,7.00,
2024-11-08T04:38:00Z,,91.54,92.00,,,,49.31,,24.00,,7.00,
2024-11-08T04:47:00Z,,91.54,92.00,,,,49.95,,24.00,,7.00,
2024-11-08T05:26:00Z,,91.54,92.00,,,,49.95,,24.00,,7.00,
2024-11-08T05:27:00Z,,91.54,92.00,,,,49.95,,24.00,,7.00,
2024-11-08T13:52:00Z,,91.54,92.00,,,,51.00,,24.00,,7.00,
2024-11-08T14:51:00Z,,91.54,92.00,,,,51.00,,24.00,,3.00,
2024-11-08T16:34:00Z,,91.54,92.00,,,,51.00,,24.00,,3.00,
2024-11-08T17:13:00Z,,91.54,92.00,,,,51.00,,23.52,,3.00,
2024-11-08T17:41:00Z,,91.54,92.00,,,,51.00,,16.00,,3.00,
2024-11-08T18:31:00Z,,91.54,92.00,,,,51.00,,16.00,,3.00,
2024-11-08T22:08:00Z,,91.54,92.00,,,,51.00,,16.00,,3.00,
2024-11-09T00:26:00Z,,91.54,92.00,,72.00,,51.00,,16.00,,3.00,
2024-11-09T01:39:00Z,,91.54,92.00,,72.00,,51.00,,16.00,,3.00,
2024-11-09T01:50:00Z,,91.54,92.00,,71.00,,51.00,,16.00,,3.00,
2024-11-09T01:51:00Z,,91.54,94.00,,71.00,,51.00,,16.00,,3.00,
2024-11-09T12:00:00Z,,91.54,94.00,,72.26,,51.00,,16.00,,3.00,
2024-11-09T13:53:00Z,,91.54,94.00,,61.92,,51.00,,16.00,,3.00,
2024-11-09T14:39:00Z,,91.54,94.00,,61.92,,50.00,,16.00,,3.00,
2024-11-09T16:35:00Z,,91.54,94.00,,61.92,,50.00,,23.00,,3.00,
2024-11-09T19:30:00Z,,91.54,94.00,,61.92,,50.00,,23.00,,1.00,
2024-11-09T23:25:00Z,,91.54,93.00,,61.92,,50.00,,23.00,,1.00,
2024-11-10T00:05:00Z,,91.54,93.00,,61.92,,43.35,,23.00,,1.00,
2024-11-10T00:06:00Z,,91.54,86.00,,61.92,,43.35,,23.00,,1.00,
2024-11-10T01:05:00Z,,91.54,86.00,,61.92,,48.00,,23.00,,1.00,
2024-11-10T02:37:00Z,,91.54,86.00,,69.00,,48.00,,23.00,,1.00,
2024-11-10T19:31:00Z,,91.54,86.00,,69.00,,54.25,,23.00,,1.00,
2024-11-11T02:06:00Z,,91.54,86.00,,72.69,,54.25,,23.00,,1.00,
2024-11-11T03:23:00Z,,91.54,86.00,,72.69,,54.00,,23.00,,1.00,
2024-11-11T15:32:00Z,,91.54,86.00,,72.69,,54.00,,23.00,,1.00,
2024-11-12T17:31:00Z,,91.54,86.00,,72.69,,54.00,,23.00,,1.00,
2024-11-12T17:32:00Z,,91.54,86.00,,72.69,,54.00,,23.00,7.00,1.00,
2024-11-12T17:55:00Z,,91.54,86.00,,72.69,,59.75,,23.00,7.00,1.00,
2024-11-12T19:44:00Z,,91.54,86.00,,72.69,,59.75,,25.00,7.00,1.00,
2024-11-12T20:18:00Z,,91.54,86.00,,72.69,,54.93,,25.00,7.00,1.00,
2024-11-12T20:20:00Z,,91.54,86.00,,72.69,,60.25,,25.00,7.00,1.00,
2024-11-12T22:19:00Z,,91.54,86.00,,72.69,,55.27,,25.00,7.00,1.00,
2024-11-12T23:15:00Z,,91.54,86.00,,77.00,,55.27,,25.00,7.00,1.00,
2024-11-12T23:27:00Z,,91.54,86.00,,77.00,,55.27,,25.00,7.00,1.00,
2024-11-13T02:30:00Z,,91.54,90.00,,77.00,,55.27,,25.00,7.00,1.00,
2024-11-13T13:29:00Z,,91.54,90.00,,77.00,,55.00,,25.00,7.00,1.00,
2024-11-13T15:48:00Z,,91.54,90.00,,77.00,,55.00,,25.00,7.00,1.00,
2024-11-13T19:23:00Z,,91.54,90.00,,77.00,,55.00,,25.00,7.00,1.00,
2024-11-13T20:39:00Z,96.00,91.54,90.00,,77.00,,55.00,,25.00,7.00,1.00,
2024-11-13T22:40:00Z,96.00,91.54,90.00,,77.00,,55.00,,19.00,7.00,1.00,
2024-11-14T01:24:00Z,96.00,91.54,90.00,,77.00,,55.00,,19.00,7.00,1.00,
2024-11-14T02:15:00Z,96.00,91.54,90.00,,76.00,,55.00,,19.00,7.00,1.00,
2024-11-14T02:17:00Z,96.00,91.54,90.00,,76.00,,55.00,,18.00,7.00,1.00,
2024-11-14T02:18:00Z,96.00,91.54,90.00,,76.00,,55.00,,18.00,7.00,1.00,
2024-11-14T02:19:00Z,96.00,91.54,90.00,,71.66,,55.00,,18.00,7.00,1.00,
2024-11-14T02:24:00Z,96.00,91.54,90.00,,71.66,,55.00,,18.00,5.00,1.00,
2024-11-14T03:50:00Z,96.00,91.54,90.00,,71.66,,55.00,,23.37,5.00,1.00,
2024-11-14T03:51:00Z,96.00,91.54,90.00,,71.66,,55.00,,24.00,5.00,1.00,
2024-11-14T04:10:00Z,96.00,91.54,90.00,,71.66,,55.00,,18.00,5.00,1.00,
2024-11-14T04:25:00Z,96.00,91.54,90.00,,71.66,,55.00,,18.00,5.00,5.00,
2024-11-14T21:01:00Z,96.00,91.54,90.00,,71.66,,55.00,,18.00,8.00,5.00,
2024-11-14T21:36:00Z,96.00,91.54,90.00,,77.00,,55.00,,18.00,8.00,5.00,
2024-11-15T01:46:00Z,96.00,91.54,95.00,,77.00,,55.00,,18.00,8.00,5.00,
2024-11-15T01:47:00Z,96.00,91.54,95.00,,77.00,,55.00,,18.00,5.00,5.00,
2024-11-15T03:12:00Z,96.00,91.54,95.00,,77.00,,61.05,,18.00,5.00,5.00,
2024-11-15T04:01:00Z,96.00,91.54,95.00,,71.00,,61.05,,18.00,5.00,5.00,
2024-11-15T04:02:00Z,96.00,91.54,95.00,,71.00,,57.00,,18.00,5.00,5.00,
2024-11-15T06:58:00Z,96.00,91.54,95.00,,78.00,,57.00,,18.00,5.00,5.00,
2024-11-15T16:51:00Z,96.00,91.54,95.00,,76.00,,57.00,,18.00,5.00,5.00,
2024-11-15T17:32:00Z,96.00,91.54,95.00,,76.00,,57.00,,20.00,5.00,5.00,
2024-11-15T19:04:00Z,96.00,91.54,95.00,,79.00,,57.00,,20.00,5.00,5.00,
2024-11-15T19:06:00Z,96.00,91.54,95.00,,79.00,,57.00,,20.00,5.00,5.00,
2024-11-15T20:09:00Z,96.00,91.54,95.00,,79.00,,57.00,,22.00,5.00,5.00,
2024-11-15T20:10:00Z,96.00,91.54,95.00,,79.00,,57.00,,22.00,5.00,5.00,
2024-11-15T20:39:00Z,96.00,91.54,95.00,,79.00,,57.00,,22.00,5.00,5.00,
2024-11-15T21:06:00Z,96.00,91.54,95.00,,79.00,,63.69,,22.00,5.00,5.00,
2024-11-15T21:25:00Z,96.00,91.54,95.00,,76.00,,63.69,,22.00,5.00,5.00,
2024-11-15T21:26:00Z,96.00,91.54,95.00,,76.00,,63.69,,22.00,5.00,5.00,
2024-11-15T22:36:00Z,96.00,91.54,95.00,,80.00,,63.69,,22.00,5.00,5.00,
2024-11-16T16:25:00Z,96.00,91.54,95.00,,80.00,,63.69,,22.00,5.00,5.00,
2024-11-16T18:42:00Z,96.00,91.54,95.00,,80.00,,64.72,,22.00,5.00,5.00,
2024-11-16T20:20:00Z,96.00,91.54,95.00,,80.00,,65.00,,22.00,5.00,5.00,
2024-11-17T04:32:00Z,96.00,91.54,95.00,,74.00,,65.00,,20.00,5.00,5.00,
2024-11-17T15:31:00Z,96.00,91.54,95.00,,74.00,,65.00,,23.65,8.00,5.00,
2024-11-17T22:17:00Z,96.00,91.54,95.00,,74.00,,65.00,,20.00,2.00,5.00,
2024-11-17T23:36:00Z,96.00,91.54,95.00,,74.00,,58.00,,20.00,2.00,5.00,
2024-11-17T23:49:00Z,96.00,91.54,95.00,,80.00,,58.00,,20.00,2.00,5.00,
2024-11-18T00:03:00Z,96.00,91.54,95.00,,74.00,,58.00,,20.00,2.00,5.00,
2024-11-18T00:09:00Z,96.00,91.54,95.00,,80.00,,58.00,,20.00,2.00,5.00,
2024-11-18T16:41:00Z,96.00,91.54,95.00,,80.00,,58.00,,20.00,2.00,5.00,
2024-11-18T16:42:00Z,96.00,91.54,95.00,,80.00,,58.00,,20.00,2.00,5.00,
2024-11-18T17:16:00Z,96.00,91.54,95.00,,75.00,,58.00,,20.00,2.00,5.00,
2024-11-18T17:44:00Z,96.00,91.54,95.00,,75.00,,59.00,,20.00,2.00,5.00,
2024-11-18T18:21:00Z,96.00,91.54,95.00,,75.00,,59.00,,20.00,2.00,5.00,1.00
2024-11-18T18:29:00Z,96.00,91.54,95.00,,75.00,,59.00,,18.59,2.00,5.00,1.00
2024-11-18T22:05:00Z,96.00,91.54,95.00,,79.00,,59.00,,18.59,2.00,5.00,1.00
2024-11-18T23:12:00Z,96.00,91.54,95.00,,79.00,,57.04,,18.59,2.00,5.00,1.00
2024-11-19T00:05:00Z,96.00,91.54,95.00,,79.00,,57.00,,18.59,2.00,5.00,1.00
2024-11-19T00:18:00Z,96.00,91.54,95.00,,79.00,,57.00,,21.00,2.00,5.00,1.00
2024-11-19T03:07:00Z,96.00,91.54,95.00,,79.00,,57.00,,21.00,2.00,5.00,1.00
2024-11-19T05:27:00Z,96.00,91.54,95.00,,79.00,,57.00,,21.00,2.00,5.00,1.00
2024-11-19T07:06:00Z,96.00,91.54,95.00,,79.00,,57.00,,21.00,2.00,5.00,1.00
2024-11-19T14:55:00Z,96.00,91.54,95.00,,79.00,,64.00,,21.00,2.00,5.00,1.00
2024-11-19T17:33:00Z,96.00,91.54,95.00,,79.00,,64.00,,18.00,2.00,5.00,1.00
2024-11-19T18:48:00Z,96.00,91.54,95.61,,79.00,,64.00,,18.00,2.00,5.00,1.00
2024-11-19T19:57:00Z,96.00,91.54,95.61,,80.00,,64.00,,18.00,2.00,5.00,1.00
2024-11-19T23:41:00Z,96.00,91.54,95.61,,80.00,,64.00,,18.00,6.00,5.00,1.00
2024-11-20T01:20:00Z,96.00,91.54,95.61,,80.00,,57.00,,18.00,6.00,5.00,1.00
2024-11-20T02:53:00Z,96.00,91.54,91.00,,80.00,,57.00,,18.00,6.00,5.00,1.00
2024-11-20T02:55:00Z,96.00,91.54,91.00,,80.00,,57.00,,18.00,6.00,5.00,1.00
2024-11-20T05:34:00Z,96.00,91.54,91.00,,80.00,,57.00,,18.00,6.00,5.00,1.00
2024-11-20T06:13:00Z,96.00,91.54,91.00,,79.00,,57.00,,18.00,6.00,5.00,1.00
2024-11-20T15:01:00Z,96.00,91.54,91.00,,79.00,,57.00,,18.00,6.00,5.00,1.00
2024-11-20T15:56:00Z,96.00,91.54,91.00,,79.00,,57.00,,18.00,6.00,5.00,1.00
2024-11-20T17:21:00Z,96.00,91.54,91.00,,79.00,,57.00,,18.00,6.00,5.00,1.00
2024-11-20T17:44:00Z,96.00,91.54,91.00,,79.00,,57.00,,18.00,6.00,5.00,1.00
2024-11-20T21:18:00Z,96.00,91.54,91.00,,79.00,,62.08,,18.00,6.00,5.00,1.00
2024-11-21T01:39:00Z,96.00,91.54,91.00,,79.00,,62.08,,15.00,6.00,5.00,1.00
2024-11-21T03:18:00Z,96.00,91.54,91.00,,79.00,,62.08,,15.00,6.00,5.00,1.00
2024-11-21T05:11:00Z,96.00,91.54,91.00,,80.00,,62.08,,15.00,6.00,5.00,1.00
2024-11-21T16:13:00Z,96.00,91.54,91.00,,80.00,,62.08,,15.00,6.00,5.00,1.00
2024-11-21T16:17:00Z,96.00,91.54,91.00,,80.00,,63.67,,15.00,6.00,5.00,1.00
2024-11-21T20:33:00Z,96.00,91.54,91.00,,80.00,,63.67,,14.50,6.00,5.00,1.00
2024-11-21T20:54:00Z,96.00,91.54,91.00,,80.00,,63.67,,14.00,6.00,5.00,1.00
2024-11-21T21:42:00Z,96.00,91.54,91.00,,80.00,,63.67,,14.00,6.00,5.00,1.00
2024-11-21T22:14:00Z,96.00,91.54,91.00,,80.00,,63.67,,13.00,6.00,5.00,1.00
2024-11-21T22:16:00Z,96.00,91.54,91.00,,77.00,,63.67,,13.00,6.00,5.00,1.00
2024-11-22T03:44:00Z,96.00,91.54,91.00,,77.00,,63.67,,16.00,6.00,5.00,1.00
2024-11-22T05:34:00Z,96.00,91.54,91.00,,77.00,,55.33,,16.00,6.00,5.00,1.00
2024-11-22T13:01:00Z,96.00,91.54,91.00,,77.00,,55.33,,11.00,6.00,5.00,1.00
2024-11-22T13:57:00Z,96.00,91.54,91.00,,75.00,,55.33,,11.00,6.00,5.00,1.00
2024-11-22T15:20:00Z,96.00,91.54,91.00,,75.00,,48.31,,11.00,6.00,5.00,1.00
2024-11-22T15:38:00Z,96.00,91.54,91.00,,75.00,,49.00,,11.00,6.00,5.00,1.00
2024-11-22T15:43:00Z,96.00,91.54,91.00,,75.00,,47.00,,11.00,6.00,5.00,1.00
2024-11-22T15:52:00Z,96.00,91.54,91.00,,73.17,,47.00,,11.00,6.00,5.00,1.00
2024-11-22T15:55:00Z,96.00,91.54,91.00,,73.17,,48.00,,11.00,6.00,5.00,1.00
2024-11-22T16:42:00Z,96.00,91.54,91.00,,73.17,,45.92,,11.00,6.00,5.00,1.00
2024-11-22T17:03:00Z,96.00,91.54,91.00,,70.00,,45.92,,11.00,6.00,5.00,1.00
2024-11-22T17:23:00Z,96.00,91.54,91.00,,70.00,,45.92,,11.00,6.00,1.00,1.00
2024-11-22T18:04:00Z,96.00,91.54,91.00,,70.00,,43.00,,11.00,6.00,1.00,1.00
2024-11-22T22:17:00Z,96.00,91.54,91.00,,70.00,,46.00,,11.00,6.00,1.00,1.00
2024-11-22T22:20:00Z,96.00,91.54,91.00,,70.00,,42.00,,11.00,6.00,1.00,1.00
2024-11-22T22:26:00Z,99.00,91.54,91.00,,70.00,,42.00,,11.00,1.00,1.00,1.00
2024-11-22T22:27:00Z,99.00,97.00,91.00,,70.00,,42.00,,11.00,1.00,1.00,1.00
2024-11-22T22:39:00Z,99.00,97.00,91.00,,70.00,,46.00,,11.00,1.00,1.00,1.00
2024-11-22T23:09:00Z,99.00,97.00,91.00,,70.00,,40.22,,11.00,1.00,1.00,1.00
2024-11-22T23:32:00Z,99.00,97.00,92.00,,70.00,,36.62,,11.00,1.00,1.00,1.00
2024-11-22T23:33:00Z,99.00,97.00,92.00,,64.88,,34.00,,11.00,1.00,1.00,1.00
2024-11-23T03:06:00Z,99.00,97.00,92.00,,64.88,,34.00,,2.69,1.00,1.00,1.00
2024-11-23T04:00:00Z,99.00,97.00,92.00,,65.00,,34.00,,2.69,1.00,1.00,1.00
2024-11-23T04:01:00Z,99.00,97.00,92.00,,65.00,,28.00,,2.69,1.00,1.00,1.00
2024-11-23T04:54:00Z,99.00,97.00,92.00,,65.00,,33.23,,2.69,1.00,1.00,1.00
2024-11-23T07:31:00Z,99.00,97.00,92.00,,65.00,,33.23,,2.69,1.00,1.00,1.00
2024-11-23T15:20:00Z,99.00,97.00,92.00,,65.00,,28.00,,2.69,1.00,1.00,1.00
2024-11-23T21:19:00Z,99.00,97.00,85.62,,62.14,,28.00,,2.69,1.00,1.00,1.00
2024-11-23T21:20:00Z,99.00,90.00,85.62,,62.14,,28.00,,2.69,1.00,1.00,1.00
2024-11-23T21:50:00Z,99.00,90.00,85.62,,62.14,,33.00,,2.69,1.00,1.00,1.00
2024-11-23T22:17:00Z,99.00,90.00,91.00,,62.14,,33.00,,2.69,1.00,1.00,1.00
2024-11-24T00:12:00Z,99.00,90.00,91.00,,62.14,,33.00,,2.69,1.00,1.00,1.00
2024-11-24T01:27:00Z,99.00,90.00,91.00,,62.14,,28.00,,2.69,1.00,1.00,1.00
2024-11-24T18:32:00Z,99.00,90.00,91.00,,67.00,,28.00,,2.69,1.00,1.00,1.00
2024-11-24T19:19:00Z,99.00,90.00,91.00,,67.00,,28.00,,2.69,1.00,1.00,1.00
2024-11-25T00:42:00Z,99.00,90.00,91.00,,67.00,,27.50,,2.69,1.00,1.00,1.00
2024-11-25T00:44:00Z,99.00,90.00,91.00,,67.00,,27.50,,2.69,1.00,1.00,1.00
2024-11-25T03:42:00Z,99.00,90.00,91.00,,67.00,,33.00,,2.69,1.00,1.00,1.00
2024-11-25T06:02:00Z,99.00,90.00,91.00,,61.00,,28.00,,2.69,1.00,1.00,1.00
2024-11-25T15:19:00Z,99.00,90.00,91.00,,61.00,,28.00,,7.16,1.00,1.00,1.00
2024-11-25T18:23:00Z,99.00,90.00,91.00,,61.00,,28.00,,7.16,1.00,1.00,1.00
2024-11-25T19:37:00Z,99.00,97.00,91.00,,61.00,,28.00,,7.16,1.00,1.00,1.00
2024-11-25T21:23:00Z,99.00,97.00,91.00,,61.00,,33.00,,7.16,1.00,1.00,1.00
2024-11-25T21:30:00Z,99.00,97.00,91.00,,65.00,,33.00,,7.16,1.00,1.00,1.00
2024-11-25T22:50:00Z,99.00,97.00,91.00,,71.00,,33.00,,7.16,1.00,1.00,1.00
2024-11-25T22:56:00Z,99.00,97.00,91.00,,72.00,,33.00,,7.16,1.00,1.00,1.00
2024-11-26T00:39:00Z,99.00,97.00,91.00,,72.00,,27.98,,7.16,1.00,1.00,1.00
2024-11-26T02:02:00Z,99.00,97.00,91.00,,72.00,,27.98,,7.16,1.00,1.00,1.00
2024-11-26T03:28:00Z,99.00,97.00,92.30,,72.00,,27.98,,7.16,1.00,1.00,1.00
2024-11-26T03:30:00Z,99.00,97.00,92.30,,72.00,,34.57,,7.16,1.00,1.00,1.00
2024-11-26T03:31:00Z,99.00,97.00,92.30,,73.00,,34.57,,7.16,1.00,1.00,1.00
2024-11-26T03:38:00Z,99.00,97.00,92.30,,73.00,,34.57,,9.00,1.00,1.00,1.00
2024-11-26T04:32:00Z,99.00,97.00,92.30,,71.69,,34.57,,9.00,1.00,1.00,1.00
2024-11-26T05:24:00Z,99.00,97.00,92.30,,71.69,,42.00,,9.00,1.00,1.00,1.00
2024-11-26T06:54:00Z,99.00,97.00,92.30,,71.69,,41.00,,10.00,1.00,1.00,1.00
2024-11-26T17:56:00Z,99.00,97.00,92.30,,71.69,,34.11,,10.00,1.00,1.00,1.00
2024-11-26T18:06:00Z,99.00,97.00,92.30,,71.69,,34.11,,10.00,1.00,1.00,1.00
2024-11-26T18:12:00Z,99.00,97.00,92.30,,71.69,,34.11,,10.00,5.68,1.00,1.00
2024-11-26T18:13:00Z,99.00,97.00,92.30,,71.69,,34.11,,10.00,6.06,1.00,1.00
2024-11-26T18:14:00Z,99.00,97.00,92.30,,71.69,,42.00,,10.36,6.06,1.00,1.00
2024-11-26T18:24:00Z,99.00,97.00,92.30,,72.00,,42.00,,10.36,6.06,1.00,1.00
2024-11-26T18:57:00Z,99.00,97.00,92.30,,73.00,,42.00,,10.36,6.06,1.00,1.00
2024-11-26T19:20:00Z,99.00,97.00,92.30,,73.00,,34.00,,10.36,6.06,1.00,1.00
2024-11-26T19:26:00Z,99.00,97.00,92.30,,73.00,,34.00,,10.36,6.00,1.00,1.00
2024-11-26T19:27:00Z,99.00,97.00,92.30,,73.00,,34.00,,11.00,6.00,1.00,1.00
2024-11-26T21:41:00Z,99.00,97.00,92.30,,81.00,,34.00,,11.00,6.00,1.00,1.00
2024-11-26T21:46:00Z,99.00,97.00,92.30,,81.00,,34.00,,11.00,6.00,1.00,1.00
2024-11-26T22:18:00Z,99.00,97.00,92.30,,81.00,,34.00,,10.68,6.00,1.00,1.00
2024-11-26T22:19:00Z,99.00,97.00,92.30,,81.00,,42.51,,10.68,6.00,1.00,1.00
2024-11-26T22:36:00Z,99.00,97.00,92.30,,80.00,,42.51,,10.68,6.00,1.00,1.00
2024-11-26T23:28:00Z,99.00,97.00,92.30,,80.00,,42.63,,10.68,6.00,1.00,1.00
2024-11-27T01:18:00Z,99.00,97.00,92.30,,80.00,,42.63,,10.68,6.00,1.00,1.00
2024-11-27T03:16:00Z,99.00,97.00,92.30,,80.00,,43.00,,10.68,6.00,1.00,1.00
2024-11-27T03:38:00Z,99.00,97.00,92.30,,71.82,,43.00,,10.68,6.00,1.00,1.00
2024-11-27T05:04:00Z,99.00,97.00,92.30,,71.50,,43.00,,10.68,6.00,1.00,1.00
2024-11-27T13:02:00Z,99.00,97.00,92.30,,71.50,,43.00,,10.00,7.00,1.00,1.00
2024-11-27T16:02:00Z,99.00,97.00,92.30,,80.00,,43.00,,10.00,7.00,1.00,1.00
2024-11-27T16:44:00Z,99.00,97.00,93.00,,80.00,,43.00,,10.00,7.00,1.00,1.00
2024-11-27T18:32:00Z,99.00,97.00,93.00,,80.00,,43.00,,10.00,7.00,1.00,1.00
2024-11-27T20:35:00Z,99.00,97.00,93.00,,80.00,,43.00,,10.00,7.00,1.00,1.00
2024-11-27T20:44:00Z,99.00,97.00,93.00,,80.00,,42.00,,10.00,7.00,1.00,1.00
2024-11-27T23:47:00Z,99.00,97.00,93.00,,73.00,,42.00,,10.00,7.00,1.00,1.00
2024-11-28T17:50:00Z,99.00,97.00,93.00,,79.00,,42.00,,10.00,7.00,1.00,1.00
2024-11-28T19:59:00Z,99.00,97.00,93.00,,79.00,,42.00,,4.00,7.00,1.00,1.00
2024-11-28T21:10:00Z,99.00,97.00,93.00,,80.18,,42.00,,4.00,7.00,1.00,1.00
2024-11-29T01:37:00Z,99.00,97.00,93.00,,81.00,,42.00,,4.00,7.00,1.00,1.00
2024-11-29T02:23:00Z,99.00,97.00,93.00,,79.79,,42.00,,4.00,7.00,1.00,1.00
2024-11-29T04:04:00Z,99.00,97.00,93.00,,79.79,,41.00,,4.00,7.00,1.00,1.00
2024-11-29T05:31:00Z,99.00,97.00,93.00,,79.79,,41.00,,10.00,7.00,1.00,1.00
2024-11-29T06:46:00Z,99.00,97.00,88.39,,79.79,,41.00,,10.00,7.00,1.00,1.00
2024-11-29T06:55:00Z,99.00,97.00,88.39,,79.79,,41.00,,10.00,7.00,1.00,1.00
2024-11-29T07:06:00Z,99.00,97.00,88.39,,79.79,,41.00,,10.00,7.00,1.00,1.00
2024-11-29T15:34:00Z,99.00,97.00,88.39,,71.00,,41.00,,10.00,7.00,1.00,1.00
2024-11-29T19:47:00Z,99.00,97.00,88.39,,77.00,,41.00,,10.00,7.00,1.00,1.00
2024-11-29T22:15:00Z,97.00,97.00,92.00,,71.00,,41.00,,10.00,7.00,1.00,1.00
2024-11-29T22:16:00Z,97.00,97.00,92.00,,71.00,,41.00,,10.00,7.00,1.00,1.00
2024-11-29T22:40:00Z,97.00,97.00,92.00,,71.00,,41.00,,10.00,7.00,1.00,1.00
2024-11-29T23:07:00Z,97.00,97.00,92.00,,71.00,,33.13,,10.00,7.00,1.00,1.00
2024-11-30T02:04:00Z,97.00,97.00,92.00,,71.00,,32.52,,10.00,7.00,1.00,1.00
2024-11-30T04:43:00Z,97.00,97.00,92.00,,71.00,,32.52,,4.00,7.00,1.00,1.00
2024-11-30T05:44:00Z,97.00,97.00,92.00,,71.00,,32.52,,4.00,7.00,1.00,1.00
2024-11-30T07:10:00Z,97.00,97.00,92.00,,71.00,,31.00,,4.00,7.00,1.00,1.00
2024-11-30T07:12:00Z,97.00,97.00,92.00,,71.00,,31.00,,4.00,7.00,1.00,1.00
2024-11-30T07:26:00Z,97.00,97.00,92.00,,71.00,,31.00,,4.00,7.00,1.00,1.00
2024-11-30T13:27:00Z,97.00,97.00,92.00,,71.00,,31.00,,4.00,7.00,1.00,1.00
2024-11-30T14:23:00Z,97.00,97.00,92.00,,71.00,,31.00,,4.00,7.00,1.00,1.00
2024-11-30T14:31:00Z,97.00,97.00,92.00,,71.00,,29.00,,4.00,7.00,1.00,1.00
2024-11-30T15:20:00Z,97.00,97.00,92.00,,71.00,,29.00,,4.00,7.00,1.00,1.00
2024-11-30T15:22:00Z,97.00,97.00,92.00,,79.00,,31.00,,4.00,7.00,1.00,1.00
2024-11-30T16:16:00Z,97.00,97.00,92.00,,79.00,,23.00,,4.00,7.00,1.00,1.00
2024-11-30T16:30:00Z,97.00,97.00,92.00,,75.48,,23.00,,4.00,7.00,1.00,1.00
2024-11-30T16:56:00Z,97.00,97.00,92.00,,75.48,,23.00,,4.00,7.00,1.00,1.00
2024-11-30T17:03:00Z,97.00,97.00,92.00,,71.00,,23.00,,4.00,7.00,1.00,1.00
2024-11-30T18:51:00Z,97.00,97.00,92.00,,71.00,,30.00,,4.00,7.00,1.00,1.00
2024-11-30T20:57:00Z,97.00,97.00,92.00,,71.00,,22.35,,4.00,7.00,1.00,1.00
2024-11-30T22:20:00Z,97.00,97.00,92.00,,71.00,,22.00,,3.16,7.00,1.00,1.00
2024-11-30T23:22:00Z,97.00,97.00,92.00,,71.00,,23.00,,3.16,7.00,1.00,1.00
2024-12-01T00:20:00Z,97.00,97.00,92.00,,71.00,,25.00,,3.16,7.00,1.00,1.00
2024-12-01T03:24:00Z,97.00,97.00,97.00,,71.00,,25.00,,3.16,7.00,1.00,1.00
2024-12-01T03:25:00Z,97.00,97.00,97.00,,80.90,,25.00,,3.16,7.00,1.00,1.00
2024-12-01T04:38:00Z,97.00,97.00,97.00,,80.90,,31.08,,3.16,7.00,1.00,1.00
2024-12-01T04:39:00Z,97.00,97.00,97.00,,80.90,,31.08,,9.00,7.00,1.00,1.00
2024-12-01T04:48:00Z,97.00,97.00,97.00,,80.90,,23.39,,9.00,7.00,1.00,1.00
2024-12-01T06:30:00Z,97.00,97.00,97.00,,80.90,,23.39,,9.00,7.00,1.00,1.00
2024-12-01T06:31:00Z,97.00,97.00,97.00,,80.90,,31.00,,9.00,7.00,1.00,1.00
2024-12-01T06:35:00Z,97.00,97.00,97.00,,71.00,,31.00,,9.00,7.00,1.00,1.00
2024-12-01T06:45:00Z,97.00,97.00,97.00,,80.00,,31.00,,9.00,7.00,1.00,1.00
2024-12-01T13:04:00Z,97.00,97.00,97.00,,80.00,,31.06,,9.00,7.00,1.00,1.00
2024-12-01T13:05:00Z,97.00,97.00,97.00,,80.79,,31.06,,9.00,7.00,1.00,1.00
2024-12-01T14:33:00Z,97.00,97.00,97.00,,80.79,,25.00,,9.00,7.00,1.00,1.00
2024-12-01T16:15:00Z,97.00,97.00,87.66,,80.79,,25.00,,9.00,7.00,1.00,1.00
2024-12-01T16:49:00Z,97.00,97.00,87.66,,80.79,,23.98,,9.00,7.00,1.00,1.00
2024-12-01T18:14:00Z,97.00,97.00,87.66,,72.00,,23.98,,9.00,7.00,1.00,1.00
2024-12-01T20:59:00Z,97.00,97.00,87.66,,72.00,,29.00,,9.00,7.00,1.00,1.00
2024-12-01T21:28:00Z,97.00,97.00,87.66,,72.00,,23.00,,9.00,7.00,1.00,1.00
2024-12-01T22:10:00Z,97.00,97.00,87.66,,72.00,,23.00,,9.00,7.00,1.00,1.00
2024-12-01T22:22:00Z,97.00,97.00,87.66,,72.00,,23.00,,9.00,7.00,1.00,1.00
2024-12-01T22:43:00Z,97.00,97.00,87.66,,72.00,,23.00,,9.00,7.00,1.00,1.00
2024-12-01T22:44:00Z,97.00,97.00,87.66,,81.00,,23.00,,9.00,7.00,1.00,1.00
2024-12-01T23:03:00Z,97.00,98.00,87.66,,81.00,,23.00,,9.00,7.00,1.00,1.00
2024-12-01T23:47:00Z,97.00,98.00,87.66,,72.00,,23.00,,9.00,7.00,1.00,1.00
2024-12-02T00:55:00Z,97.00,98.00,87.66,,73.00,,23.00,,9.00,7.00,1.00,1.00
2024-12-02T01:20:00Z,97.00,98.00,89.00,,73.00,,23.00,,9.00,7.00,1.00,1.00
2024-12-02T03:35:00Z,97.00,98.00,89.00,,73.00,,22.00,,9.00,7.00,1.00,1.00
2024-12-02T03:59:00Z,97.00,98.00,89.00,,73.00,,22.00,,9.00,7.00,1.00,1.00
2024-12-02T04:14:00Z,97.00,98.00,89.00,,73.00,,22.00,,9.00,7.00,1.00,1.00
2024-12-02T04:35:00Z,97.00,98.00,89.00,,72.00,,22.00,,9.00,7.00,1.00,1.00
2024-12-02T04:54:00Z,97.00,98.00,89.00,,73.96,,22.00,,9.00,7.00,1.00,1.00
2024-12-02T06:31:00Z,97.00,98.00,89.00,,73.96,,16.84,,9.00,7.00,1.00,1.00
2024-12-02T06:40:00Z,97.00,98.00,89.00,,54.32,,16.84,,9.00,7.00,1.00,1.00
2024-12-02T06:54:00Z,97.00,98.00,89.00,,54.32,,16.84,,3.00,7.00,1.00,1.00
2024-12-02T07:12:00Z,97.00,98.00,89.00,,54.32,,16.84,,3.00,7.00,1.00,1.00
2024-12-02T07:16:00Z,97.00,98.00,89.00,,54.32,,28.94,,3.00,7.00,1.00,1.00
2024-12-02T13:18:00Z,97.00,98.00,89.00,,54.32,,22.00,,3.00,7.00,1.00,1.00
2024-12-02T13:19:00Z,97.00,98.00,89.00,,54.32,,28.97,,3.00,7.00,1.00,1.00
2024-12-02T13:37:00Z,97.00,98.00,89.00,,65.00,,28.97,,3.00,7.00,1.00,1.00
2024-12-02T13:58:00Z,97.00,98.00,89.00,,70.00,,28.97,,3.00,7.00,1.00,1.00
2024-12-02T13:59:00Z,97.00,98.00,89.00,,74.42,,28.97,,3.00,7.00,1.00,1.00
2024-12-02T14:02:00Z,97.00,98.00,89.00,,68.01,,17.12,,3.00,7.00,1.00,1.00
2024-12-02T14:03:00Z,97.00,98.00,89.00,,67.01,,17.12,,3.00,7.00,1.00,1.00
2024-12-02T14:16:00Z,97.00,98.00,90.00,,67.01,,17.12,,3.00,7.00,1.00,1.00
2024-12-02T14:36:00Z,97.00,98.00,85.00,,67.00,,17.12,,3.00,7.00,1.00,1.00
2024-12-02T14:47:00Z,97.00,98.00,85.00,,67.00,,17.00,,3.00,7.00,1.00,1.00
2024-12-02T14:53:00Z,97.00,98.00,85.00,,68.08,,17.00,,3.00,7.00,1.00,1.00
2024-12-02T15:05:00Z,97.00,98.00,85.00,,72.00,,17.00,,3.00,7.00,1.00,1.00
2024-12-02T15:26:00Z,97.00,98.00,85.00,,72.00,,22.99,,3.00,7.00,1.00,1.00
2024-12-02T15:29:00Z,97.00,98.00,85.00,,72.00,,20.00,,3.00,7.00,1.00,1.00
2024-12-02T15:38:00Z,97.00,98.00,85.00,,72.00,,20.00,,6.35,7.00,1.00,1.00
2024-12-02T15:46:00Z,97.00,98.00,85.00,,72.00,,20.00,,6.35,3.90,1.00,1.00
2024-12-02T16:00:00Z,97.00,98.00,85.00,,72.00,,20.00,,2.00,3.90,1.00,1.00
2024-12-02T16:19:00Z,97.00,98.00,85.00,,74.88,,20.00,,2.00,3.90,1.00,1.00
2024-12-02T16:29:00Z,97.00,98.00,85.00,,76.00,,20.00,,2.00,3.90,1.00,1.00
2024-12-02T16:35:00Z,97.00,98.00,85.00,,75.84,,20.00,,2.00,3.90,1.00,1.00
2024-12-02T16:57:00Z,97.00,98.00,85.00,,75.84,,17.00,,2.00,3.90,1.00,1.00
2024-12-02T17:13:00Z,97.00,98.00,85.00,,75.84,,17.00,,2.00,3.90,1.00,1.00
2024-12-02T17:27:00Z,97.00,98.00,85.00,,67.09,,17.00,,2.00,3.90,1.00,1.00
2024-12-02T17:44:00Z,97.00,98.00,85.00,,67.09,,15.30,,2.00,3.90,1.00,1.00
2024-12-02T17:52:00Z,97.00,98.00,85.00,,69.00,,15.30,,2.00,3.90,1.00,1.00
2024-12-02T17:57:00Z,97.00,98.00,85.00,,69.00,,15.30,,2.00,3.90,1.00,1.00
2024-12-02T18:01:00Z,97.00,98.00,85.00,,71.00,,15.30,,2.00,3.90,1.00,1.00
2024-12-02T18:07:00Z,97.00,97.00,85.00,,71.00,,15.30,,2.00,3.90,1.00,1.00
2024-12-02T18:09:00Z,97.00,97.00,93.29,,71.00,,15.30,,2.00,3.90,1.00,1.00
2024-12-02T18:12:00Z,97.00,97.00,94.00,,71.00,,15.30,,2.00,3.90,1.00,1.00
2024-12-02T18:21:00Z,97.00,97.00,94.00,,71.00,,15.30,,2.00,3.90,1.00,1.00
2024-12-02T18:50:00Z,97.00,97.00,94.00,,71.00,,13.52,,2.00,3.90,1.00,1.00
2024-12-02T18:55:00Z,97.00,99.00,94.00,,71.00,,13.52,,2.00,3.90,1.00,1.00
2024-12-02T19:02:00Z,97.00,99.00,94.00,,72.00,,13.52,,2.00,3.90,1.00,1.00
2024-12-02T19:03:00Z,97.00,99.00,94.00,,72.00,,13.52,,2.00,3.90,1.00,1.00
2024-12-02T19:04:00Z,97.00,99.00,94.00,,72.00,,13.52,,2.00,3.90,1.00,1.00
2024-12-02T19:14:00Z,97.00,99.00,94.00,,71.00,,13.52,,2.00,3.90,1.00,1.00
2024-12-02T19:32:00Z,97.00,99.00,94.00,,71.00,,14.00,,2.00,3.90,1.00,1.00
2024-12-02T19:41:00Z,97.00,99.00,94.00,,71.00,,14.00,,2.00,3.90,1.00,1.00
2024-12-02T19:44:00Z,97.00,99.00,94.00,,71.00,,14.50,,2.00,3.90,1.00,1.00
2024-12-02T19:48:00Z,97.00,99.00,94.00,,71.00,,15.00,,2.00,3.90,1.00,1.00
2024-12-02T19:54:00Z,97.00,99.00,94.00,,72.00,,15.00,,2.00,3.90,1.00,1.00
2024-12-02T19:59:00Z,97.00,99.00,94.00,,72.00,,15.00,,2.00,3.90,1.00,1.00
2024-12-02T20:00:00Z,97.00,99.00,94.00,,72.00,,15.00,,2.00,3.90,1.00,1.00
2024-12-02T20:02:00Z,97.00,99.00,94.00,,72.00,,15.00,,2.00,3.90,1.00,1.00
2024-12-02T20:03:00Z,97.00,99.00,94.00,,72.00,,15.00,,2.00,3.90,1.00,1.00
2024-12-02T20:04:00Z,97.00,99.00,94.00,,72.00,,15.00,,2.00,3.90,1.00,1.00
2024-12-02T20:05:00Z,97.00,99.00,94.00,,72.00,,16.00,,2.00,3.90,1.00,1.00
2024-12-02T20:06:00Z,97.00,99.00,94.00,,72.00,,16.00,,2.00,3.90,1.00,1.00
2024-12-02T20:15:00Z,97.00,99.00,94.00,,73.00,,16.00,,2.00,3.90,1.00,1.00
2024-12-02T20:51:00Z,97.00,99.00,94.00,,73.00,,16.00,,2.00,3.90,1.00,1.00
2024-12-02T21:26:00Z,97.00,99.00,94.00,,74.00,,16.00,,2.00,3.90,1.00,1.00
2024-12-02T21:34:00Z,97.00,99.00,94.00,,74.00,,15.00,,2.00,3.90,1.00,1.00
2024-12-02T21:58:00Z,97.00,99.00,94.00,,76.00,,15.00,,2.00,3.90,1.00,1.00
2024-12-02T22:20:00Z,97.00,99.00,94.00,,77.00,,17.34,,2.00,3.90,1.00,1.00
2024-12-02T22:29:00Z,97.00,99.00,94.00,,77.00,,17.34,,2.00,3.90,1.00,1.00
2024-12-02T22:37:00Z,97.00,99.00,99.00,,77.00,,17.34,,2.00,3.90,1.00,1.00
2024-12-02T22:43:00Z,97.00,99.00,99.00,,77.00,,18.99,,2.00,3.90,1.00,1.00
2024-12-02T22:44:00Z,97.00,99.00,99.00,,78.21,,19.99,,2.00,3.90,1.00,1.00
2024-12-02T22:57:00Z,97.00,99.00,99.00,,81.79,,21.90,,2.00,3.90,1.00,1.00
2024-12-02T23:14:00Z,97.00,99.00,99.00,,81.79,,18.00,,2.00,3.90,1.00,1.00
2024-12-02T23:47:00Z,97.00,99.00,99.00,,81.79,,21.99,,2.00,3.90,1.00,1.00
2024-12-02T23:59:00Z,97.00,99.00,99.00,,81.79,,22.00,,2.00,3.90,1.00,1.00
2024-12-03T00:02:00Z,97.00,99.00,99.00,,81.79,,23.00,,2.00,3.90,1.00,1.00
2024-12-03T00:03:00Z,97.00,99.00,99.00,,81.79,,25.27,,2.00,3.90,1.00,1.00
2024-12-03T00:27:00Z,97.00,99.00,99.00,,81.79,,26.32,,2.00,3.90,1.00,1.00
2024-12-03T00:36:00Z,97.00,99.00,99.00,,81.79,,24.00,,2.00,3.90,1.00,1.00
2024-12-03T01:01:00Z,97.00,99.00,99.00,,81.79,,25.00,,2.00,3.90,1.00,1.00
2024-12-03T01:02:00Z,97.00,99.00,99.00,,81.79,,29.69,,2.00,3.90,1.00,1.00
2024-12-03T01:17:00Z,97.00,99.00,99.00,,81.79,55.28,25.00,,2.00,3.90,1.00,1.00
2024-12-03T01:18:00Z,97.00,99.00,99.00,,81.79,55.28,25.00,,2.00,3.90,1.00,1.00
2024-12-03T01:20:00Z,97.00,99.00,99.00,,81.79,65.81,25.00,,2.00,3.90,1.00,1.00
2024-12-03T01:21:00Z,97.00,99.00,99.00,,79.00,65.81,25.00,,2.00,3.90,1.00,1.00
2024-12-03T01:22:00Z,97.00,99.00,99.00,,81.00,66.00,25.00,,2.00,3.90,1.00,1.00
2024-12-03T01:24:00Z,97.00,99.00,99.00,,81.00,66.00,25.00,,2.00,3.90,1.00,1.00
2024-12-03T01:25:00Z,97.00,99.00,99.00,,81.00,66.00,27.00,,2.00,3.90,1.00,1.00
2024-12-03T01:30:00Z,97.00,99.00,99.00,,81.00,66.00,27.26,,2.00,3.90,1.00,1.00
2024-12-03T01:44:00Z,97.00,99.00,99.00,,81.00,66.00,24.62,,2.00,3.90,1.00,1.00
2024-12-03T02:01:00Z,97.00,99.00,99.00,,81.00,66.00,24.62,,2.00,3.90,1.00,1.00
2024-12-03T02:11:00Z,97.00,99.00,99.00,,81.00,66.00,24.00,,2.00,3.90,1.00,1.00
2024-12-03T02:19:00Z,97.00,99.00,99.00,,82.00,66.00,24.00,,2.00,3.90,1.00,1.00
2024-12-03T02:44:00Z,97.00,99.00,99.00,,82.00,66.00,24.00,,2.00,3.90,1.00,1.00
2024-12-03T02:47:00Z,97.00,99.00,99.00,,82.00,66.00,28.33,,2.00,3.90,1.00,1.00
2024-12-03T02:53:00Z,97.00,99.00,99.00,,82.00,59.00,28.33,,2.00,3.90,1.00,1.00
2024-12-03T03:01:00Z,97.00,99.00,99.00,,82.00,59.00,28.98,,2.00,3.90,1.00,1.00
2024-12-03T03:04:00Z,97.00,99.00,99.00,,82.00,66.00,29.75,,2.00,3.90,1.00,1.00
2024-12-03T03:20:00Z,97.00,99.00,99.00,,83.00,66.00,29.75,,2.00,3.90,1.00,1.00
2024-12-03T03:30:00Z,97.00,99.00,99.00,,83.00,66.00,29.75,,2.00,1.00,1.00,1.00
2024-12-03T03:48:00Z,97.00,99.00,99.00,,83.00,66.00,30.99,,2.00,1.00,1.00,1.00
2024-12-03T04:00:00Z,97.00,99.00,99.00,,83.00,66.00,32.00,,3.00,1.00,1.00,1.00
2024-12-03T04:12:00Z,97.00,99.00,99.00,,84.00,66.00,32.00,,3.00,1.00,1.00,1.00
2024-12-03T04:24:00Z,97.00,99.00,99.00,,85.00,66.00,32.00,,3.00,1.00,1.00,1.00
2024-12-03T04:33:00Z,97.00,99.00,99.00,,85.00,66.00,33.00,,3.00,1.00,1.00,1.00
2024-12-03T04:37:00Z,97.00,99.00,99.00,,85.00,66.28,33.00,,3.00,1.00,1.00,1.00
2024-12-03T04:39:00Z,97.00,99.00,99.00,,85.00,67.00,33.00,,3.00,1.00,1.00,1.00
2024-12-03T04:41:00Z,97.00,99.00,99.00,,85.00,67.00,33.00,,3.00,1.00,1.00,1.00
2024-12-03T04:43:00Z,97.00,99.00,99.00,,85.00,67.00,33.00,,3.00,1.00,1.00,1.00
2024-12-03T05:08:00Z,97.00,99.00,99.00,,85.00,67.00,33.00,,3.00,1.00,1.00,1.00
2024-12-03T05:11:00Z,97.00,99.00,99.00,,85.00,67.00,32.00,,3.00,1.00,1.00,1.00
2024-12-03T06:15:00Z,97.00,99.00,99.00,,85.00,67.00,32.00,,3.00,1.00,1.00,1.00
2024-12-03T07:07:00Z,97.00,99.00,99.00,,85.00,67.00,33.00,,3.00,1.00,1.00,1.00
2024-12-03T07:22:00Z,97.00,99.00,99.00,,85.00,67.00,34.53,,3.00,1.00,1.00,1.00
2024-12-03T13:05:00Z,97.00,99.00,99.00,,85.00,67.00,37.00,,3.00,1.00,1.00,1.00
2024-12-03T13:21:00Z,97.00,99.00,99.00,,85.00,67.00,37.00,,3.00,1.00,1.00,1.00
2024-12-03T13:22:00Z,97.00,99.00,98.00,,85.00,67.00,37.00,,3.00,1.00,1.00,1.00
2024-12-03T14:11:00Z,97.00,99.00,98.00,,85.00,67.00,37.01,,3.00,1.00,1.00,1.00
2024-12-03T14:20:00Z,97.00,99.00,98.00,,85.00,67.00,36.00,,3.00,1.00,1.00,1.00
2024-12-03T15:06:00Z,97.00,99.00,98.00,,85.00,67.00,31.91,,3.00,1.00,1.00,1.00
2024-12-03T15:12:00Z,97.00,99.00,98.00,,85.00,67.00,27.56,,3.00,1.00,1.00,1.00
2024-12-03T15:15:00Z,97.00,99.00,98.00,,85.00,67.00,27.05,,3.00,1.00,1.00,1.00
2024-12-03T15:16:00Z,97.00,99.00,98.00,,85.00,67.00,27.05,,3.00,1.00,1.00,1.00
2024-12-03T15:18:00Z,97.00,99.00,98.00,,85.00,67.00,26.00,,3.00,1.00,1.00,1.00
2024-12-03T16:22:00Z,97.00,99.00,98.00,,85.00,67.00,26.00,,3.00,1.00,1.00,1.00
2024-12-03T16:26:00Z,97.00,99.00,98.00,,85.00,67.00,25.00,,3.00,1.00,1.00,1.00
2024-12-03T16:29:00Z,97.00,99.00,98.00,,85.00,65.00,25.00,,3.00,1.00,1.00,1.00
2024-12-03T16:38:00Z,97.00,99.00,98.00,,86.00,65.00,25.00,,3.00,1.00,1.00,1.00
2024-12-03T16:42:00Z,97.00,99.00,98.00,,86.00,65.00,25.00,,3.00,1.00,1.00,1.00
2024-12-03T17:09:00Z,97.00,99.00,98.00,,86.00,65.00,25.00,,2.00,1.00,1.00,1.00
2024-12-03T17:43:00Z,97.00,99.00,98.00,,86.00,65.00,25.00,,2.00,1.00,1.00,1.00
2024-12-03T17:47:00Z,97.00,98.69,97.31,,79.90,65.00,25.00,,2.00,1.00,1.00,1.00
2024-12-03T17:50:00Z,97.00,98.69,97.31,,79.90,65.00,24.00,,2.00,1.00,1.00,1.00
2024-12-03T17:51:00Z,97.00,98.69,97.31,,80.96,65.00,24.00,,2.00,1.00,1.00,1.00
2024-12-03T18:12:00Z,97.00,98.69,97.31,,80.96,65.00,25.00,,2.00,1.00,1.00,1.00
2024-12-03T18:15:00Z,97.00,98.69,97.31,,80.96,65.00,25.00,,1.63,1.00,1.00,1.00
2024-12-03T18:48:00Z,97.00,98.69,97.31,,80.96,65.00,24.00,,1.63,1.00,1.00,1.00
2024-12-03T18:50:00Z,97.00,98.69,97.31,,80.96,65.00,18.29,,1.63,1.00,1.00,1.00
2024-12-03T19:23:00Z,97.00,98.69,97.31,,80.96,57.35,18.29,,1.63,1.00,1.00,1.00
2024-12-03T19:30:00Z,97.00,98.69,97.31,,80.96,57.35,19.00,,1.63,1.00,1.00,1.00
2024-12-03T19:56:00Z,97.00,98.69,97.31,,80.96,57.35,15.00,,1.63,1.00,1.00,1.00
2024-12-03T20:05:00Z,97.00,98.69,97.31,,80.96,58.00,12.00,,1.63,1.00,1.00,1.00
2024-12-03T20:06:00Z,97.00,98.69,97.31,,73.25,50.02,12.00,,1.63,1.00,1.00,1.00
2024-12-03T20:13:00Z,97.00,98.69,97.31,,73.25,49.19,12.00,,1.63,1.00,1.00,1.00
2024-12-03T20:20:00Z,97.00,98.69,97.31,,73.25,49.19,9.66,,1.63,1.00,1.00,1.00
2024-12-03T20:28:00Z,97.00,98.69,97.31,,78.00,49.19,9.66,,1.63,1.00,1.00,1.00
2024-12-03T20:46:00Z,97.00,98.69,97.31,,78.00,49.19,13.00,,1.63,1.00,1.00,1.00
2024-12-03T20:48:00Z,97.00,98.69,97.31,,78.00,49.19,12.00,,1.63,1.00,1.00,1.00
2024-12-03T20:56:00Z,97.00,98.69,97.31,,78.00,49.19,10.00,,1.63,1.00,1.00,1.00
2024-12-03T20:57:00Z,97.00,98.69,97.31,,78.00,49.19,10.00,,1.63,1.00,1.00,1.00
2024-12-03T21:02:00Z,97.00,98.69,97.31,,78.00,47.50,10.00,,1.63,1.00,1.00,1.00
2024-12-03T21:37:00Z,97.00,98.69,95.00,,78.00,47.50,10.00,,1.63,1.00,1.00,1.00
2024-12-03T22:01:00Z,97.00,98.69,95.00,,78.00,47.50,6.98,,1.63,1.00,1.00,1.00
2024-12-03T22:17:00Z,97.00,98.69,95.00,,76.00,47.50,6.98,,1.63,1.00,1.00,1.00
2024-12-03T22:18:00Z,97.00,98.69,95.00,,76.00,47.50,6.98,,1.63,1.00,1.00,1.00
2024-12-03T22:20:00Z,97.00,98.69,95.00,,76.00,47.50,6.98,,1.63,1.00,1.00,1.00
2024-12-03T22:31:00Z,97.00,98.69,95.00,,75.00,47.50,6.98,,1.63,1.00,1.00,1.00
2024-12-03T22:32:00Z,97.00,98.69,95.00,,75.00,46.62,6.98,,1.63,1.00,1.00,1.00
2024-12-03T22:37:00Z,97.00,98.69,95.00,,75.00,46.62,9.17,,1.63,1.00,1.00,1.00
2024-12-03T22:51:00Z,97.00,98.69,95.00,,75.00,46.62,9.17,,1.00,1.00,1.00,1.00
2024-12-03T23:08:00Z,97.00,98.69,95.00,,75.00,46.62,9.17,,1.00,1.00,1.00,1.00
2024-12-03T23:10:00Z,97.00,98.69,95.00,,75.00,47.21,9.17,,1.00,1.00,1.00,1.00
2024-12-03T23:29:00Z,97.00,98.69,95.00,,75.00,49.00,9.17,,1.00,1.00,1.00,1.00
2024-12-03T23:37:00Z,97.00,98.69,95.00,,75.00,49.00,9.17,,1.00,1.00,1.00,1.00
2024-12-03T23:39:00Z,97.00,98.69,95.00,,75.00,44.00,9.17,,1.00,1.00,1.00,1.00
2024-12-03T23:42:00Z,97.00,98.69,95.00,,75.00,49.00,9.17,,1.00,1.00,1.00,1.00
2024-12-03T23:48:00Z,97.00,98.69,95.00,,75.00,49.00,9.00,,1.00,1.00,1.00,1.00
2024-12-03T23:49:00Z,97.00,97.91,95.00,,75.00,49.00,9.00,,1.00,1.00,1.00,1.00
2024-12-04T00:39:00Z,97.00,97.91,95.00,,75.00,44.00,9.00,,1.00,1.00,1.00,1.00
2024-12-04T00:45:00Z,97.00,97.91,95.00,,75.00,42.84,9.00,,1.00,1.00,1.00,1.00
2024-12-04T00:56:00Z,97.00,97.91,95.00,,75.00,43.00,9.00,,1.00,1.00,1.00,1.00
2024-12-04T00:57:00Z,97.00,97.91,95.00,,70.13,43.00,9.00,,1.00,1.00,1.00,1.00
2024-12-04T00:59:00Z,97.00,97.91,95.00,,70.13,39.31,9.00,,1.00,1.00,1.00,1.00
2024-12-04T01:24:00Z,97.00,97.91,95.00,,70.13,41.00,9.00,,1.00,1.00,1.00,1.00
2024-12-04T01:29:00Z,97.00,97.91,95.00,,71.00,34.11,9.00,,1.00,1.00,1.00,1.00
2024-12-04T01:30:00Z,97.00,97.91,95.00,,65.67,34.11,9.00,,1.00,1.00,1.00,1.00
2024-12-04T01:42:00Z,97.00,97.91,95.39,,65.67,34.11,9.00,,1.00,1.00,1.00,1.00
2024-12-04T02:14:00Z,97.00,97.91,95.39,,65.67,33.98,9.00,,1.00,1.00,1.00,1.00
2024-12-04T02:16:00Z,97.00,97.91,95.39,,74.00,33.98,9.00,,1.00,1.00,1.00,1.00
2024-12-04T02:54:00Z,97.00,97.91,95.39,,74.00,33.00,9.00,,1.00,1.00,1.00,1.00
2024-12-04T02:57:00Z,97.00,97.91,95.39,,72.00,33.00,7.00,,1.00,1.00,1.00,1.00
2024-12-04T02:58:00Z,97.00,97.91,95.39,,72.00,32.00,7.00,,1.00,1.00,1.00,1.00
2024-12-04T03:08:00Z,97.00,97.91,95.39,,72.00,31.71,7.00,,1.00,1.00,1.00,1.00
2024-12-04T03:09:00Z,97.00,97.91,95.39,,70.00,31.71,7.00,,1.00,1.00,1.00,1.00
2024-12-04T03:10:00Z,97.00,97.91,95.39,,70.00,26.81,7.00,,1.00,1.00,1.00,1.00
2024-12-04T03:13:00Z,97.00,97.91,95.39,,70.00,26.81,7.00,,1.00,1.00,1.00,1.00
2024-12-04T03:16:00Z,97.00,97.91,95.39,,70.00,26.06,7.00,,1.00,1.00,1.00,1.00
2024-12-04T03:17:00Z,97.00,97.91,95.39,,70.00,34.00,7.00,,1.00,1.00,1.00,1.00
2024-12-04T03:38:00Z,97.00,97.91,95.39,,69.00,34.00,7.00,,1.00,1.00,1.00,1.00
2024-12-04T03:40:00Z,97.00,97.91,95.39,,69.00,33.00,6.00,,1.00,1.00,1.00,1.00
2024-12-04T04:53:00Z,97.00,97.91,95.39,,69.00,33.00,6.00,,1.00,1.00,1.00,1.00
2024-12-04T05:16:00Z,97.00,99.00,95.39,,69.00,33.00,6.00,,1.00,1.00,1.00,1.00
2024-12-04T05:41:00Z,97.00,99.00,95.39,,69.00,33.00,6.00,,1.00,1.00,1.00,1.00
2024-12-04T06:04:00Z,97.00,99.00,95.39,,71.08,33.00,6.00,,1.00,1.00,1.00,1.00
2024-12-04T06:08:00Z,97.00,99.00,95.39,,71.08,33.00,7.00,,1.00,1.00,1.00,1.00
2024-12-04T06:59:00Z,97.00,99.00,95.39,,64.23,33.00,7.00,,1.00,1.00,1.00,1.00
2024-12-04T07:07:00Z,97.00,99.00,95.39,,64.23,33.00,7.00,,1.00,1.00,1.00,1.00
2024-12-04T07:36:00Z,97.00,99.00,95.39,,72.00,33.00,7.00,,1.00,1.00,1.00,1.00
2024-12-04T13:36:00Z,97.00,99.00,95.39,,73.00,33.00,7.00,,1.00,1.00,1.00,1.00
2024-12-04T14:15:00Z,97.00,99.00,95.39,,73.00,32.96,7.00,,1.00,1.00,1.00,1.00
2024-12-04T15:03:00Z,97.00,99.00,95.39,,75.00,32.96,7.00,,1.00,1.00,1.00,1.00
2024-12-04T15:04:00Z,97.00,99.00,97.00,,75.00,32.96,7.00,,1.00,1.00,1.00,1.00
2024-12-04T15:05:00Z,97.00,99.00,97.00,,75.00,32.96,6.00,,1.00,1.00,1.00,1.00
2024-12-04T15:10:00Z,97.00,99.00,97.00,,68.14,32.00,6.00,,1.00,1.00,1.00,1.00
2024-12-04T15:11:00Z,97.00,99.00,97.00,,68.14,29.59,6.00,,1.00,1.00,1.00,1.00
2024-12-04T15:12:00Z,97.00,99.00,97.00,,74.00,34.61,6.00,,1.00,1.00,1.00,1.00
2024-12-04T15:14:00Z,97.00,99.00,97.00,,74.00,37.98,6.00,,1.00,1.00,1.00,1.00
2024-12-04T16:25:00Z,97.00,99.00,97.00,,74.00,37.15,6.00,,1.00,1.00,1.00,1.00
2024-12-04T16:59:00Z,97.00,99.00,97.00,,72.00,37.15,6.00,,1.00,1.00,1.00,1.00
2024-12-04T17:11:00Z,97.00,99.00,97.00,,72.00,34.00,6.00,,1.00,1.00,1.00,1.00
2024-12-04T17:25:00Z,97.00,99.00,97.00,,68.00,34.00,6.00,,1.00,1.00,1.00,1.00
2024-12-04T17:33:00Z,97.00,99.00,97.00,,68.00,34.00,6.98,,1.00,1.00,1.00,1.00
2024-12-04T17:37:00Z,97.00,99.00,97.00,,67.51,34.00,6.98,,1.00,1.00,1.00,1.00
2024-12-04T17:42:00Z,97.00,99.00,97.00,,67.51,34.00,6.98,,1.00,1.00,1.00,1.00
2024-12-04T17:44:00Z,97.00,99.00,97.00,,67.51,34.00,6.98,,1.00,1.00,1.00,1.00
2024-12-04T17:45:00Z,97.00,99.00,97.00,,67.51,34.00,6.37,,1.00,1.00,1.00,1.00
2024-12-04T17:56:00Z,97.00,99.00,97.00,,67.51,35.25,6.37,,1.00,1.00,1.00,1.00
2024-12-04T18:03:00Z,97.00,99.00,97.00,,67.51,34.00,6.37,,1.00,1.00,1.00,1.00
2024-12-04T18:06:00Z,97.00,99.00,97.00,,68.00,33.35,6.37,,1.00,1.00,1.00,1.00
2024-12-04T18:08:00Z,97.00,99.00,97.00,,71.00,32.00,6.37,,1.00,1.00,1.00,1.00
2024-12-04T18:10:00Z,97.00,99.00,97.00,,71.00,31.00,6.37,,1.00,1.00,1.00,1.00
2024-12-04T18:13:00Z,97.00,99.00,97.00,,71.00,31.00,6.37,,1.00,1.00,1.00,1.00
2024-12-04T18:14:00Z,97.00,99.00,97.00,,71.00,29.01,6.37,,1.00,1.00,1.00,1.00
2024-12-04T18:27:00Z,97.00,99.00,97.00,,71.00,29.00,6.37,,1.00,1.00,1.00,1.00
2024-12-04T18:31:00Z,97.00,99.00,97.00,,71.00,29.00,6.37,,1.00,1.00,1.00,1.00
2024-12-04T18:36:00Z,97.00,99.00,97.00,,71.00,23.83,6.37,,1.00,1.00,1.00,1.00
2024-12-04T18:37:00Z,97.00,99.00,97.00,,71.00,26.00,2.00,,1.00,1.00,1.00,1.00
2024-12-04T19:00:00Z,97.00,99.00,97.00,,71.00,25.00,2.00,,1.00,1.00,1.00,1.00
2024-12-04T19:01:00Z,97.00,99.00,97.00,,73.60,25.00,2.00,,1.00,1.00,1.00,1.00
2024-12-04T19:05:00Z,97.00,99.00,97.00,,73.60,24.89,2.00,,1.00,1.00,1.00,1.00
2024-12-04T19:12:00Z,97.00,99.00,97.00,,73.60,24.89,2.00,,1.00,1.00,1.00,1.00
2024-12-04T19:18:00Z,97.00,99.00,97.00,,73.60,26.34,2.00,,1.00,1.00,1.00,1.00
2024-12-04T19:29:00Z,97.00,99.00,97.00,,73.60,31.21,2.00,,1.00,1.00,1.00,1.00
2024-12-04T19:35:00Z,97.00,99.00,97.00,,69.00,31.21,2.00,,1.00,1.00,1.00,1.00
2024-12-04T19:41:00Z,97.00,99.00,97.00,,69.26,31.21,2.00,,1.00,1.00,1.00,1.00
2024-12-04T19:47:00Z,97.00,99.00,97.00,,69.26,28.00,2.00,,1.00,1.00,1.00,1.00
2024-12-04T19:48:00Z,97.00,99.00,97.00,,69.00,28.00,2.00,,1.00,1.00,1.00,1.00
2024-12-04T20:18:00Z,97.00,99.00,97.00,,70.00,28.00,2.00,,1.00,1.00,1.00,1.00
2024-12-04T20:24:00Z,97.00,99.00,97.00,,70.00,28.00,2.00,,1.00,1.00,1.00,1.00
2024-12-04T20:32:00Z,97.00,99.00,97.00,,70.00,33.97,2.00,,1.00,1.00,1.00,1.00
2024-12-04T20:56:00Z,97.00,99.00,97.00,,70.00,32.00,2.00,,1.00,1.00,1.00,1.00
2024-12-04T21:14:00Z,97.00,99.00,97.00,,70.00,33.00,2.00,,1.00,1.00,1.00,1.00
2024-12-04T21:35:00Z,97.00,99.00,96.00,,70.00,33.00,2.00,,1.00,1.00,1.00,1.00
2024-12-04T21:38:00Z,97.00,99.00,96.00,,70.00,28.00,2.00,,1.00,1.00,1.00,1.00
2024-12-04T21:39:00Z,97.00,99.00,96.00,,69.00,28.00,6.00,,1.00,1.00,1.00,1.00
2024-12-04T21:40:00Z,97.00,99.00,96.00,,69.00,27.06,6.00,,1.00,1.00,1.00,1.00
2024-12-04T21:58:00Z,97.00,99.00,96.00,,69.00,30.87,6.00,,1.00,1.00,1.00,1.00
2024-12-04T22:02:00Z,97.00,99.00,96.00,,70.00,32.00,6.00,,1.00,1.00,1.00,1.00
2024-12-04T22:05:00Z,97.00,99.00,96.00,,70.00,32.00,6.00,,1.00,1.00,1.00,1.00
2024-12-04T22:06:00Z,97.00,99.00,96.00,,70.00,32.00,6.00,,1.00,1.00,1.00,1.00
2024-12-04T22:10:00Z,97.00,99.00,96.00,,70.00,32.00,6.00,,1.00,1.00,1.00,1.00
2024-12-04T22:27:00Z,97.00,99.00,96.00,,70.00,32.00,6.00,,1.00,1.00,1.00,1.00
2024-12-04T22:33:00Z,97.00,98.00,96.00,,70.00,32.00,6.00,,1.00,1.00,1.00,1.00
2024-12-04T22:40:00Z,97.00,98.00,96.00,,70.00,31.00,6.00,,1.00,1.00,1.00,1.00
2024-12-04T22:46:00Z,97.00,98.00,96.00,,70.00,31.00,6.00,2.00,1.00,1.00,1.00,1.00
2024-12-04T22:47:00Z,97.00,98.00,96.00,,70.00,31.00,6.00,2.00,1.00,1.00,1.00,1.00
2024-12-04T22:49:00Z,97.00,98.00,96.00,,69.00,31.00,6.00,2.00,1.00,1.00,1.00,1.00
2024-12-04T23:06:00Z,97.00,98.00,96.00,,70.06,32.00,6.00,2.00,1.00,1.00,1.00,1.00
2024-12-04T23:08:00Z,97.00,98.00,96.00,,70.06,35.00,6.00,2.00,1.00,1.00,1.00,1.00
2024-12-04T23:12:00Z,97.00,98.00,96.00,,70.06,35.00,3.00,2.00,1.00,1.00,1.00,1.00
2024-12-04T23:13:00Z,97.00,98.00,96.00,,70.06,35.00,3.00,1.00,1.00,1.00,1.00,1.00
2024-12-04T23:19:00Z,97.00,98.00,96.00,,70.06,31.00,3.00,1.00,1.00,1.00,1.00,1.00
2024-12-04T23:31:00Z,97.00,98.00,96.00,,74.00,31.00,3.00,1.00,1.00,1.00,1.00,1.00
2024-12-04T23:39:00Z,97.00,98.00,96.00,,79.00,29.00,3.00,1.00,1.00,1.00,1.00,1.00
2024-12-04T23:48:00Z,97.00,98.00,96.00,,79.00,30.36,3.00,1.00,1.00,1.00,1.00,1.00
2024-12-04T23:58:00Z,97.00,98.00,96.00,,79.00,32.00,3.00,1.00,1.00,1.00,1.00,1.00
2024-12-05T00:17:00Z,97.00,98.00,96.00,,79.00,33.00,3.00,1.00,1.00,1.00,1.00,1.00
2024-12-05T00:37:00Z,97.00,98.00,96.00,,69.00,33.00,3.00,1.00,1.00,1.00,1.00,1.00
2024-12-05T00:38:00Z,97.00,98.00,96.00,,69.00,33.00,3.00,1.00,1.00,1.00,1.00,1.00
2024-12-05T00:42:00Z,97.00,98.00,96.00,,68.50,33.00,3.00,1.00,1.00,1.00,1.00,1.00
2024-12-05T00:43:00Z,97.00,98.00,96.00,,66.00,33.00,3.00,1.00,1.00,1.00,1.00,1.00
2024-12-05T00:44:00Z,97.00,98.00,96.00,,69.00,33.00,3.00,1.00,1.00,1.00,1.00,1.00
2024-12-05T00:51:00Z,97.00,98.00,96.00,,69.00,33.92,3.00,1.00,1.00,1.00,1.00,1.00
2024-12-05T01:06:00Z,97.00,98.00,96.00,,69.00,35.00,3.00,1.00,1.00,1.00,1.00,1.00
2024-12-05T01:16:00Z,97.00,98.00,96.00,,69.00,34.00,3.00,1.00,1.00,1.00,1.00,1.00
2024-12-05T01:21:00Z,97.00,98.00,96.00,,70.00,34.00,3.00,1.00,1.00,1.00,1.00,1.00
2024-12-05T01:56:00Z,97.00,98.00,96.00,,60.42,34.00,3.00,1.00,1.00,1.00,1.00,1.00
2024-12-05T02:22:00Z,97.00,98.00,96.00,,60.42,42.78,3.00,1.00,1.00,1.00,1.00,1.00
2024-12-05T02:25:00Z,97.00,98.00,96.00,,60.42,34.00,3.00,1.00,1.00,1.00,1.00,1.00
2024-12-05T03:04:00Z,97.00,98.00,96.00,,60.42,34.00,5.00,1.00,1.00,1.00,1.00,1.00
2024-12-05T03:14:00Z,97.00,98.00,96.00,,60.42,42.94,5.00,1.00,1.00,1.00,1.00,1.00
2024-12-05T03:19:00Z,97.00,98.00,96.00,,60.42,34.00,5.00,1.00,1.00,1.00,1.00,1.00
2024-12-05T03:25:00Z,97.00,98.00,96.00,,60.42,28.50,5.00,1.00,1.00,1.00,1.00,1.00
2024-12-05T03:30:00Z,97.00,98.00,96.00,,60.42,26.00,4.00,1.00,1.00,1.00,1.00,1.00
2024-12-05T03:43:00Z,97.00,98.00,96.00,,60.42,21.00,4.00,1.00,1.00,1.00,1.00,1.00
2024-12-05T03:45:00Z,97.00,98.00,96.00,,70.00,21.00,4.00,1.00,1.00,1.00,1.00,1.00
2024-12-05T04:15:00Z,97.00,98.00,96.00,,76.00,21.00,4.00,1.00,1.00,1.00,1.00,1.00
2024-12-05T04:16:00Z,97.00,98.00,96.00,,76.00,19.03,4.00,1.00,1.00,1.00,1.00,1.00
2024-12-05T04:24:00Z,97.00,98.00,96.00,,76.00,18.23,4.00,1.00,1.00,1.00,1.00,1.00
2024-12-05T04:30:00Z,97.00,98.00,96.00,,76.00,23.00,4.00,1.00,1.00,1.00,1.00,1.00
2024-12-05T04:31:00Z,97.00,98.00,96.00,,76.00,23.00,4.00,1.00,1.00,1.00,1.00,1.00
2024-12-05T04:57:00Z,97.00,98.00,97.00,,76.00,23.00,4.00,1.00,1.00,1.00,1.00,1.00
2024-12-05T05:10:00Z,97.00,98.00,97.00,,83.91,23.00,4.00,1.00,1.00,1.00,1.00,1.00
2024-12-05T06:09:00Z,97.00,98.00,98.00,,83.91,23.00,4.00,1.00,1.00,1.00,1.00,1.00
2024-12-05T14:44:00Z,97.00,98.00,98.00,,83.91,21.00,4.00,1.00,1.00,1.00,1.00,1.00
2024-12-05T14:50:00Z,97.00,98.00,98.00,,83.91,21.69,4.00,1.00,1.00,1.00,1.00,1.00
2024-12-05T15:07:00Z,97.00,98.00,98.00,,83.91,22.00,4.00,1.00,1.00,1.00,1.00,1.00
2024-12-05T15:13:00Z,97.00,98.00,98.00,,83.91,22.00,4.00,1.00,1.00,1.00,1.00,1.00
2024-12-05T15:33:00Z,97.00,98.00,98.00,,80.00,26.18,4.00,1.00,1.00,1.00,1.00,1.00
2024-12-05T15:40:00Z,97.00,98.00,98.00,,80.00,29.38,4.00,1.00,1.00,1.00,1.00,1.00
2024-12-05T16:09:00Z,97.00,98.00,98.00,,80.00,28.90,4.00,1.00,1.00,1.00,1.00,1.00
2024-12-05T16:17:00Z,97.00,98.00,98.00,,80.76,28.90,4.00,1.00,1.00,1.00,1.00,1.00
2024-12-05T16:22:00Z,97.00,98.00,98.00,,80.76,21.73,4.00,1.00,1.00,1.00,1.00,1.00
2024-12-05T16:35:00Z,97.00,98.00,98.00,,80.76,21.00,4.00,1.00,1.00,1.00,1.00,1.00
2024-12-05T16:39:00Z,97.00,98.00,98.00,,76.50,21.00,4.00,1.00,1.00,1.00,1.00,1.00
2024-12-05T16:52:00Z,97.00,98.00,98.00,,79.00,21.00,4.00,1.00,1.00,1.00,1.00,1.00
2024-12-05T16:53:00Z,97.00,98.00,98.00,,73.00,21.00,4.00,1.00,1.00,1.00,1.00,1.00
2024-12-05T16:54:00Z,97.00,98.00,98.00,,72.20,21.00,4.00,1.00,1.00,1.00,1.00,1.00
2024-12-05T16:55:00Z,97.00,98.00,98.00,,70.00,21.00,4.00,1.00,1.00,1.00,1.00,1.00
2024-12-05T17:28:00Z,97.00,98.00,98.00,,70.00,22.00,4.00,1.00,1.00,1.00,1.00,1.00
2024-12-05T17:56:00Z,97.00,98.00,98.00,,73.00,22.00,4.00,1.00,1.00,1.00,1.00,1.00
2024-12-05T18:43:00Z,97.00,98.00,98.00,,71.00,22.00,4.00,1.00,1.00,1.00,1.00,1.00
2024-12-05T18:44:00Z,97.00,98.00,98.00,,73.23,22.00,4.00,1.00,1.00,1.00,1.00,1.00
2024-12-05T19:39:00Z,97.00,98.00,98.00,,69.50,22.00,4.00,1.00,1.00,1.00,1.00,1.00
2024-12-05T19:48:00Z,97.00,98.00,98.00,,69.50,22.00,2.00,1.00,1.00,1.00,1.00,1.00
2024-12-05T19:55:00Z,97.00,98.00,98.00,,78.00,22.00,2.00,1.00,1.00,1.00,1.00,1.00
2024-12-05T20:33:00Z,97.00,98.00,98.00,,78.00,22.24,2.00,1.00,1.00,1.00,1.00,1.00
2024-12-05T20:34:00Z,97.00,98.00,99.00,,78.00,22.24,2.00,1.00,1.00,1.00,1.00,1.00
2024-12-05T21:01:00Z,97.00,98.00,99.00,,79.24,22.24,2.00,1.00,1.00,1.00,1.00,1.00
2024-12-05T21:44:00Z,97.00,98.00,99.00,,76.00,22.24,2.00,1.00,1.00,1.00,1.00,1.00
2024-12-05T21:55:00Z,97.00,98.00,99.00,,70.00,22.24,2.00,1.00,1.00,1.00,1.00,1.00
2024-12-05T21:57:00Z,97.00,98.00,99.00,,70.00,22.24,3.00,1.00,1.00,1.00,1.00,1.00
2024-12-05T22:10:00Z,97.00,98.00,99.00,,70.00,25.00,3.00,1.00,1.00,1.00,1.00,1.00
2024-12-05T22:44:00Z,97.00,98.00,99.00,,67.53,25.00,3.00,1.00,1.00,1.00,1.00,1.00
2024-12-05T22:45:00Z,97.00,98.00,99.00,,63.13,16.10,3.00,1.00,1.00,1.00,1.00,1.00
2024-12-05T22:46:00Z,97.00,98.00,99.00,,63.13,14.00,3.00,1.00,1.00,1.00,1.00,1.00
2024-12-05T22:50:00Z,97.00,98.00,99.00,,68.00,14.00,3.00,1.00,1.00,1.00,1.00,1.00
2024-12-05T23:10:00Z,97.00,98.00,98.00,,68.00,6.50,3.00,1.00,1.00,1.00,1.00,1.00
2024-12-05T23:17:00Z,97.00,98.00,98.00,,68.00,14.94,3.00,1.00,1.00,1.00,1.00,1.00
2024-12-05T23:26:00Z,97.00,98.00,98.00,,68.00,7.00,3.00,1.00,1.00,1.00,1.00,1.00
2024-12-05T23:32:00Z,97.00,98.00,98.00,,61.11,14.00,3.00,1.00,1.00,1.00,1.00,1.00
2024-12-05T23:33:00Z,97.00,98.00,98.00,,60.00,14.00,3.00,1.00,1.00,1.00,1.00,1.00
2024-12-05T23:35:00Z,97.00,98.00,98.00,,60.00,15.00,3.00,1.00,1.00,1.00,1.00,1.00
2024-12-05T23:50:00Z,97.00,98.00,98.00,,60.00,8.00,3.00,1.00,1.00,1.00,1.00,1.00
2024-12-05T23:52:00Z,97.00,98.00,98.00,,55.00,8.00,3.00,1.00,1.00,1.00,1.00,1.00
2024-12-05T23:58:00Z,97.00,98.00,98.00,,55.00,7.00,3.00,1.00,1.00,1.00,1.00,1.00
2024-12-06T00:04:00Z,97.00,98.00,98.00,,59.00,7.00,3.00,1.00,1.00,1.00,1.00,1.00
2024-12-06T00:05:00Z,97.00,98.00,98.00,,55.00,7.00,3.00,1.00,1.00,1.00,1.00,1.00
2024-12-06T00:06:00Z,97.00,98.00,98.00,,34.10,6.00,3.00,1.00,1.00,1.00,1.00,1.00
2024-12-06T00:17:00Z,97.00,98.00,98.00,,32.72,6.00,3.00,1.00,1.00,1.00,1.00,1.00
2024-12-06T00:18:00Z,97.00,98.00,98.00,,32.72,14.00,3.00,1.00,1.00,1.00,1.00,1.00
2024-12-06T00:26:00Z,97.00,98.00,98.00,,33.00,14.00,3.00,1.00,1.00,1.00,1.00,1.00
2024-12-06T00:33:00Z,97.00,98.00,99.00,,33.00,14.00,3.00,1.00,1.00,1.00,1.00,1.00
2024-12-06T00:34:00Z,97.00,98.00,99.00,,23.43,14.00,3.00,1.00,1.00,1.00,1.00,1.00
2024-12-06T00:35:00Z,97.00,98.00,97.00,,23.43,14.00,3.00,1.00,1.00,1.00,1.00,1.00
2024-12-06T00:41:00Z,97.00,98.00,97.00,,28.00,14.00,3.00,1.00,1.00,1.00,1.00,1.00
2024-12-06T00:42:00Z,97.00,98.00,97.00,,21.00,14.00,3.00,1.00,1.00,1.00,1.00,1.00
2024-12-06T00:45:00Z,97.00,98.00,95.00,,21.00,14.00,3.00,1.00,1.00,1.00,1.00,1.00
2024-12-06T00:46:00Z,97.00,98.00,95.00,,21.00,6.00,3.00,1.00,1.00,1.00,1.00,1.00
2024-12-06T00:48:00Z,97.00,98.00,95.00,,21.00,5.79,3.00,1.00,1.00,1.00,1.00,1.00
2024-12-06T00:49:00Z,97.00,98.00,95.00,,21.00,5.00,3.00,1.00,1.00,1.00,1.00,1.00
2024-12-06T00:50:00Z,97.00,98.00,95.00,,21.00,5.00,3.00,1.00,1.00,1.00,1.00,1.00
2024-12-06T00:54:00Z,97.00,98.00,95.00,,33.17,5.00,3.00,1.00,1.00,1.00,1.00,1.00
2024-12-06T01:03:00Z,97.00,98.00,95.00,,30.45,5.00,3.00,1.00,1.00,1.00,1.00,1.00
2024-12-06T01:09:00Z,97.00,98.00,95.00,,30.45,5.00,1.00,1.00,1.00,1.00,1.00,1.00
2024-12-06T01:12:00Z,97.00,98.00,95.00,,33.00,5.00,1.00,1.00,1.00,1.00,1.00,1.00
2024-12-06T01:16:00Z,97.00,98.00,95.00,,32.00,5.00,1.00,1.00,1.00,1.00,1.00,1.00
2024-12-06T01:17:00Z,97.00,98.00,95.00,,32.00,5.00,1.00,1.00,1.00,1.00,1.00,1.00
2024-12-06T01:34:00Z,97.00,98.00,95.00,,35.00,5.00,1.00,1.00,1.00,1.00,1.00,1.00
2024-12-06T01:35:00Z,97.00,98.00,95.00,,35.00,5.00,1.00,1.00,1.00,1.00,1.00,1.00
2024-12-06T01:36:00Z,97.00,98.00,95.00,,35.00,5.00,1.00,1.00,1.00,1.00,1.00,1.00
2024-12-06T01:39:00Z,97.00,98.00,95.00,,35.00,5.00,3.00,1.00,1.00,1.00,1.00,1.00
2024-12-06T01:40:00Z,97.00,98.00,95.00,,35.00,5.00,3.00,1.00,1.00,1.00,1.00,1.00
2024-12-06T01:43:00Z,97.00,98.00,95.00,,35.00,5.00,3.00,1.00,1.00,1.00,1.00,1.00
2024-12-06T01:45:00Z,97.00,98.00,95.00,,35.00,5.00,3.00,1.00,1.00,1.00,1.00,1.00
2024-12-06T01:50:00Z,97.00,98.00,95.00,,35.00,5.00,3.00,1.00,1.00,1.00,1.00,1.00
2024-12-06T01:57:00Z,97.00,98.00,95.00,,31.00,5.00,3.00,1.00,1.00,1.00,1.00,1.00
2024-12-06T01:58:00Z,97.00,98.00,95.00,,31.00,5.00,3.00,1.00,1.00,1.00,1.00,1.00
2024-12-06T02:01:00Z,97.00,98.00,95.00,,33.00,5.00,3.00,1.00,1.00,1.00,1.00,1.00
2024-12-06T02:02:00Z,97.00,98.00,95.00,,33.04,5.00,3.00,1.00,1.00,1.00,1.00,1.00
2024-12-06T02:07:00Z,97.00,98.00,95.00,,33.04,5.00,3.00,1.00,1.00,1.00,1.00,1.00
2024-12-06T02:10:00Z,97.00,98.00,95.00,,35.00,5.00,3.00,1.00,1.00,1.00,1.00,1.00
2024-12-06T02:20:00Z,97.00,98.00,95.00,,53.49,5.00,3.00,1.00,1.00,1.00,1.00,1.00
2024-12-06T02:23:00Z,97.00,98.00,95.00,,43.00,5.00,3.00,1.00,1.00,1.00,1.00,1.00
2024-12-06T02:24:00Z,97.00,98.00,95.00,,44.63,5.00,3.00,1.00,1.00,1.00,1.00,1.00
2024-12-06T02:27:00Z,97.00,98.00,95.00,,40.75,5.00,3.00,1.00,1.00,1.00,1.00,1.00
2024-12-06T02:28:00Z,97.00,98.00,95.00,,39.00,5.00,3.00,1.00,1.00,1.00,1.00,1.00
2024-12-06T02:32:00Z,97.00,98.00,95.00,,39.00,5.00,3.00,1.00,1.00,1.00,1.00,1.00
2024-12-06T02:36:00Z,97.00,98.00,95.00,,37.00,5.00,3.00,1.00,1.00,1.00,1.00,1.00
2024-12-06T02:57:00Z,97.00,98.00,95.00,,31.00,5.00,3.00,1.00,1.00,1.00,1.00,1.00
2024-12-06T03:05:00Z,97.00,98.00,95.00,,20.11,5.00,3.00,1.00,1.00,1.00,1.00,1.00
2024-12-06T03:06:00Z,97.00,98.00,95.00,,15.00,5.00,3.00,1.00,1.00,1.00,1.00,1.00
2024-12-06T03:08:00Z,97.00,98.00,95.00,,15.00,5.00,3.00,1.00,1.00,1.00,1.00,1.00
2024-12-06T03:14:00Z,97.00,98.00,95.00,,19.00,5.00,3.00,1.00,1.00,1.00,1.00,1.00
2024-12-06T03:15:00Z,97.00,98.00,95.00,,18.00,5.00,3.00,1.00,1.00,1.00,1.00,1.00
2024-12-06T03:18:00Z,97.00,98.00,95.00,,10.00,5.00,3.00,1.00,1.00,1.00,1.00,1.00
2024-12-06T03:19:00Z,97.00,98.00,95.00,,11.00,5.00,3.00,1.00,1.00,1.00,1.00,1.00
2024-12-06T03:25:00Z,97.00,98.00,95.00,,11.00,5.00,3.00,1.00,1.00,1.00,1.00,1.00
2024-12-06T03:26:00Z,97.00,98.00,95.00,,15.40,5.00,3.00,1.00,1.00,1.00,1.00,1.00
2024-12-06T03:27:00Z,97.00,98.00,95.00,,17.00,5.00,3.00,1.00,1.00,1.00,1.00,1.00
2024-12-06T03:28:00Z,97.00,98.00,95.00,,18.43,5.00,3.00,1.00,1.00,1.00,1.00,1.00
2024-12-06T03:31:00Z,97.00,98.00,95.00,,17.00,5.00,3.00,1.00,1.00,1.00,1.00,1.00
2024-12-06T03:35:00Z,97.00,98.00,95.00,,20.00,5.00,3.00,1.00,1.00,1.00,1.00,1.00
2024-12-06T03:38:00Z,97.00,98.00,95.00,,15.00,5.00,3.00,1.00,1.00,1.00,1.00,1.00
2024-12-06T03:48:00Z,97.00,98.00,95.00,,18.00,5.00,3.00,1.00,1.00,1.00,1.00,1.00
2024-12-06T03:49:00Z,97.00,98.00,95.00,,18.00,10.00,3.00,1.00,1.00,1.00,1.00,1.00
2024-12-06T03:50:00Z,97.00,98.00,95.00,,18.00,10.00,3.00,1.00,1.00,1.00,1.00,1.00
2024-12-06T03:54:00Z,97.00,98.00,95.00,,17.36,10.00,3.00,1.00,1.00,1.00,1.00,1.00
2024-12-06T03:59:00Z,97.00,98.00,96.00,,17.36,10.00,3.00,1.00,1.00,1.00,1.00,1.00
2024-12-06T04:23:00Z,97.00,98.00,96.00,,15.00,10.00,3.00,1.00,1.00,1.00,1.00,1.00
2024-12-06T04:26:00Z,97.00,98.00,96.00,,13.33,10.00,3.00,1.00,1.00,1.00,1.00,1.00
2024-12-06T04:28:00Z,97.00,98.00,96.00,,12.00,10.00,3.00,1.00,1.00,1.00,1.00,1.00
2024-12-06T04:31:00Z,97.00,98.00,96.00,,12.00,10.00,3.00,1.00,1.00,1.00,1.00,1.00
2024-12-06T04:32:00Z,97.00,98.00,96.00,,11.00,10.00,3.00,1.00,1.00,1.00,1.00,1.00
2024-12-06T04:35:00Z,97.00,98.00,96.00,,11.00,10.00,3.00,1.00,1.00,1.00,1.00,1.00
2024-12-06T04:36:00Z,97.00,98.00,96.00,,11.00,10.00,3.00,1.00,1.00,1.00,1.00,1.00
2024-12-06T04:40:00Z,97.00,98.00,96.00,,16.00,10.00,3.00,1.00,1.00,1.00,1.00,1.00
2024-12-06T04:41:00Z,97.00,98.00,96.00,,16.00,10.00,3.00,1.00,1.00,1.00,1.00,1.00
2024-12-06T04:43:00Z,97.00,98.00,96.00,,12.00,10.00,3.00,1.00,1.00,1.00,1.00,1.00
2024-12-06T04:47:00Z,97.00,98.00,96.00,,18.98,10.00,3.00,1.00,1.00,1.00,1.00,1.00
2024-12-06T04:51:00Z,97.00,99.00,96.00,,18.98,10.00,3.00,1.00,1.00,1.00,1.00,1.00
2024-12-06T04:53:00Z,97.00,99.00,96.00,,14.00,10.00,3.00,1.00,1.00,1.00,1.00,1.00
2024-12-06T04:57:00Z,97.00,99.00,96.00,,13.00,10.00,3.00,1.00,1.00,1.00,1.00,1.00
2024-12-06T05:00:00Z,97.00,99.00,96.00,,13.00,9.14,3.00,1.00,1.00,1.00,1.00,1.00
2024-12-06T05:08:00Z,97.00,99.00,95.95,,13.00,9.14,3.00,1.00,1.00,1.00,1.00,1.00
2024-12-06T05:13:00Z,97.00,99.00,95.95,,14.00,9.14,3.00,1.00,1.00,1.00,1.00,1.00
2024-12-06T05:17:00Z,97.00,99.00,95.95,,15.00,9.14,3.00,1.00,1.00,1.00,1.00,1.00
2024-12-06T05:25:00Z,97.00,99.00,95.95,,15.00,9.14,3.00,1.00,1.00,1.00,1.00,1.00
2024-12-06T05:26:00Z,97.00,99.00,95.95,,15.00,9.14,3.00,1.00,1.00,1.00,1.00,1.00
2024-12-06T05:27:00Z,97.00,99.00,95.95,,15.00,9.14,3.00,1.00,1.00,1.00,1.00,1.00
2024-12-06T05:35:00Z,97.00,99.00,95.95,,15.00,9.14,3.00,1.00,1.00,1.00,1.00,1.16
2024-12-06T05:48:00Z,97.00,99.00,95.95,,15.00,9.14,3.00,1.00,1.00,1.00,1.00,1.16
2024-12-06T05:49:00Z,97.00,99.00,95.95,,17.84,9.14,3.00,1.00,1.00,1.00,1.00,1.16
2024-12-06T05:56:00Z,97.00,99.00,95.00,,17.84,9.14,3.00,1.00,1.00,1.00,1.00,1.16
2024-12-06T05:57:00Z,97.00,99.00,95.00,,17.84,9.14,3.00,1.00,1.00,1.00,1.00,1.16
2024-12-06T06:02:00Z,97.00,99.00,95.00,,18.00,9.14,3.00,1.00,1.00,1.00,1.00,1.16
2024-12-06T06:03:00Z,97.00,99.00,95.00,,21.00,9.14,3.00,1.00,1.00,1.00,1.00,1.16
2024-12-06T06:05:00Z,97.00,99.00,92.29,,21.00,9.14,3.00,1.00,1.00,1.00,1.00,1.16
2024-12-06T06:14:00Z,97.00,99.00,95.00,,21.00,9.14,3.00,1.00,1.00,1.00,1.00,1.16
2024-12-06T06:36:00Z,97.00,99.00,95.00,,19.97,9.14,3.00,1.00,1.00,1.00,1.00,1.16
2024-12-06T07:46:00Z,97.00,99.00,94.79,,19.97,9.14,3.00,1.00,1.00,1.00,1.00,1.16
2024-12-06T07:51:00Z,97.00,99.00,94.79,,13.60,9.14,3.00,1.00,1.00,1.00,1.00,1.16
2024-12-06T07:52:00Z,97.00,99.00,94.79,,12.00,9.14,3.00,1.00,1.00,1.00,1.00,1.16
2024-12-06T13:11:00Z,97.00,99.00,94.79,,12.00,9.14,3.00,1.00,1.00,1.00,1.00,1.16
2024-12-06T13:12:00Z,97.00,99.00,94.79,,12.00,9.14,3.00,1.00,1.00,1.00,1.00,1.16
2024-12-06T13:23:00Z,97.00,99.00,94.79,,19.00,9.14,3.00,1.00,1.00,1.00,1.00,1.16
2024-12-06T13:37:00Z,97.00,99.00,93.05,,19.00,9.14,3.00,1.00,1.00,1.00,1.00,1.16
2024-12-06T14:01:00Z,97.00,99.00,90.00,,19.00,9.14,3.00,1.00,1.00,1.00,1.00,1.16
2024-12-06T14:07:00Z,97.00,99.00,90.00,73.00,19.00,9.14,3.00,1.00,1.00,1.00,1.00,1.16
2024-12-06T14:08:00Z,97.00,99.00,90.00,73.00,20.00,9.14,3.00,1.00,1.00,1.00,1.00,1.16
2024-12-06T14:13:00Z,97.00,99.00,90.00,73.00,16.00,9.14,3.00,1.00,1.00,1.00,1.00,1.16
2024-12-06T14:15:00Z,97.00,99.00,90.00,73.00,14.00,9.14,3.00,1.00,1.00,1.00,1.00,1.16
2024-12-06T14:19:00Z,97.00,99.00,90.00,65.86,14.00,9.14,3.00,1.00,1.00,1.00,1.00,1.16
2024-12-06T14:20:00Z,97.00,99.00,89.00,65.86,14.00,9.14,3.00,1.00,1.00,1.00,1.00,1.16
2024-12-06T14:21:00Z,97.00,99.00,89.00,55.00,14.00,9.14,3.00,1.00,1.00,1.00,1.00,1.16
2024-12-06T14:22:00Z,97.00,99.00,89.00,55.00,14.00,9.14,3.00,1.00,1.00,1.00,1.00,1.16
2024-12-06T14:25:00Z,97.00,99.00,90.00,55.09,14.00,9.14,3.00,1.00,1.00,1.00,1.00,1.16
2024-12-06T14:26:00Z,97.00,99.00,89.00,55.09,14.00,9.14,3.00,1.00,1.00,1.00,1.00,1.16
2024-12-06T14:34:00Z,97.00,99.00,89.00,55.09,19.86,9.14,3.00,1.00,1.00,1.00,1.00,1.16
2024-12-06T14:49:00Z,97.00,99.00,89.00,55.09,19.86,9.14,1.00,1.00,1.00,1.00,1.00,1.16
2024-12-06T14:50:00Z,97.00,99.00,89.00,72.00,19.86,9.14,1.00,1.00,1.00,1.00,1.00,1.16
2024-12-06T14:51:00Z,97.00,99.00,92.00,42.95,21.90,9.14,1.00,1.00,1.00,1.00,1.00,1.16
2024-12-06T15:04:00Z,97.00,99.00,92.00,58.00,21.90,9.14,1.00,1.00,1.00,1.00,1.00,1.16
2024-12-06T15:05:00Z,97.00,99.00,92.00,58.00,22.00,9.14,1.00,1.00,1.00,1.00,1.00,1.16
2024-12-06T15:06:00Z,97.00,99.00,92.00,67.97,22.00,9.14,1.00,1.00,1.00,1.00,1.00,1.16
2024-12-06T15:21:00Z,97.00,99.00,92.00,67.97,21.00,9.14,1.00,2.00,1.00,1.00,1.00,1.16
2024-12-06T15:22:00Z,97.00,99.00,92.00,67.97,21.00,9.14,3.00,2.00,1.00,1.00,1.00,1.16
2024-12-06T15:23:00Z,97.00,99.00,92.00,67.97,13.05,9.14,3.00,2.00,1.00,1.00,1.00,1.16
2024-12-06T15:26:00Z,97.00,99.00,93.00,67.97,13.05,9.14,3.00,2.00,1.00,1.00,1.00,1.16
2024-12-06T15:28:00Z,97.00,99.00,93.00,59.00,13.05,9.14,3.00,2.00,1.00,1.00,1.00,1.16
2024-12-06T15:34:00Z,97.00,99.00,93.00,59.00,10.55,9.14,3.00,2.00,1.00,1.00,1.00,1.16
2024-12-06T15:36:00Z,97.00,99.00,93.00,59.00,7.11,9.14,3.00,2.00,1.00,1.00,1.00,1.16
2024-12-06T15:44:00Z,97.00,99.00,93.00,59.00,12.22,9.14,3.00,2.00,1.00,1.00,1.00,1.16
2024-12-06T15:47:00Z,97.00,99.00,93.00,63.00,12.22,9.14,3.00,2.00,1.00,1.00,1.00,1.16
2024-12-06T15:53:00Z,97.00,99.00,93.00,64.00,12.22,9.14,3.00,2.00,1.00,1.00,1.00,1.16
2024-12-06T15:54:00Z,97.00,99.00,93.00,64.00,12.22,9.14,3.00,2.00,1.00,1.00,1.00,1.16
2024-12-06T15:56:00Z,97.00,99.00,93.00,65.00,12.22,9.14,3.00,2.00,1.00,1.00,1.00,1.16
2024-12-06T15:57:00Z,97.00,99.00,93.00,66.00,12.22,9.14,3.00,2.00,1.00,1.00,1.00,1.16
2024-12-06T16:03:00Z,97.00,99.00,93.00,66.00,13.00,9.14,3.00,2.00,1.00,1.00,1.00,1.16
2024-12-06T16:09:00Z,97.00,99.00,93.00,66.00,9.88,9.14,3.00,2.00,1.00,1.00,1.00,1.16
2024-12-06T16:11:00Z,97.00,99.00,93.00,66.00,13.17,9.14,3.00,2.00,1.00,1.00,1.00,1.16
2024-12-06T16:12:00Z,97.00,99.00,95.00,66.00,13.17,9.14,3.00,2.00,1.00,1.00,1.00,1.16
2024-12-06T16:13:00Z,97.00,99.00,95.00,67.00,13.17,6.26,3.00,2.00,1.00,1.00,1.00,1.16
2024-12-06T16:29:00Z,97.00,99.00,95.00,67.00,14.00,6.26,3.00,2.00,1.00,1.00,1.00,1.16
2024-12-06T16:37:00Z,97.00,99.00,95.00,72.00,14.00,6.26,3.00,2.00,1.00,1.00,1.00,1.16
2024-12-06T16:53:00Z,97.00,99.00,95.00,72.00,13.98,6.26,3.00,2.00,1.00,1.00,1.00,1.16
2024-12-06T16:56:00Z,97.00,99.00,95.00,72.00,10.00,6.26,3.00,2.00,1.00,1.00,1.00,1.16
2024-12-06T16:57:00Z,97.00,99.00,95.00,72.00,8.57,6.26,3.00,2.00,1.00,1.00,1.00,1.16
2024-12-06T17:10:00Z,97.00,99.00,95.00,72.00,8.00,6.26,3.00,2.00,1.00,1.00,1.00,1.16
2024-12-06T17:18:00Z,97.00,99.00,95.00,72.00,7.00,6.26,3.00,2.00,1.00,1.00,1.00,1.16
2024-12-06T17:27:00Z,97.00,99.00,95.00,72.00,8.00,6.26,3.00,2.00,1.00,1.00,1.00,1.16
2024-12-06T17:30:00Z,97.00,99.00,95.00,72.00,7.00,6.26,3.00,2.00,1.00,1.00,1.00,1.16
2024-12-06T17:31:00Z,97.00,99.00,95.00,72.00,6.13,6.26,3.00,2.00,1.00,1.00,1.00,1.16
2024-12-06T17:34:00Z,97.00,99.00,96.00,72.00,6.13,6.26,3.00,2.00,1.00,1.00,1.00,1.16
2024-12-06T17:41:00Z,97.00,99.00,96.00,69.00,6.13,6.26,3.00,2.00,1.00,1.00,1.00,1.16
2024-12-06T17:48:00Z,97.00,99.00,96.00,69.00,6.00,6.26,3.00,2.00,1.00,1.00,1.00,1.16
2024-12-06T18:01:00Z,97.00,99.00,96.00,69.00,8.25,6.26,3.00,2.00,1.00,1.00,1.00,1.16
2024-12-06T18:04:00Z,97.00,99.00,96.00,69.00,8.00,6.26,1.00,2.00,1.00,1.00,1.00,1.16
2024-12-06T18:05:00Z,97.00,99.00,96.00,69.00,8.00,6.26,1.00,2.00,1.00,1.00,1.00,1.16
2024-12-06T18:10:00Z,97.00,99.00,96.00,69.00,6.00,6.26,1.00,2.00,1.00,1.00,1.00,1.16
2024-12-06T18:16:00Z,97.00,99.00,96.00,69.00,5.00,6.26,1.00,2.00,1.00,1.00,1.00,1.16
2024-12-06T18:20:00Z,97.00,99.00,96.00,69.00,5.00,6.26,1.00,2.00,1.00,1.00,1.00,1.16
2024-12-06T18:22:00Z,97.00,99.00,96.00,65.23,5.00,6.26,1.00,2.00,1.00,1.00,1.00,1.16
2024-12-06T18:24:00Z,97.00,99.00,96.00,65.23,6.00,6.26,1.00,2.00,1.00,1.00,1.00,1.16
2024-12-06T18:28:00Z,97.00,99.00,93.78,65.23,6.00,6.26,1.00,2.00,1.00,1.00,1.00,1.16
2024-12-06T18:30:00Z,97.00,99.00,93.78,65.23,4.00,6.26,1.00,2.00,1.00,1.00,1.00,1.16
2024-12-06T18:44:00Z,97.00,99.00,93.78,65.23,4.00,6.26,1.00,2.00,1.00,1.00,1.00,1.16
2024-12-06T18:45:00Z,97.00,99.00,93.78,65.23,4.00,2.00,1.00,2.00,1.00,1.00,1.00,1.16
2024-12-06T18:52:00Z,97.00,99.00,93.78,65.23,6.00,2.00,1.00,2.00,1.00,1.00,1.00,1.16
2024-12-06T18:56:00Z,97.00,99.00,93.78,65.23,4.99,2.00,1.00,2.00,1.00,1.00,1.00,1.16
2024-12-06T19:14:00Z,97.00,99.00,93.78,65.23,6.00,2.00,1.00,2.00,1.00,1.00,1.00,1.16
2024-12-06T19:22:00Z,97.00,99.00,93.78,65.23,4.99,2.00,1.00,2.00,1.00,1.00,1.00,1.16
2024-12-06T19:26:00Z,97.00,99.00,93.67,65.23,4.99,2.00,1.00,2.00,1.00,1.00,1.00,1.16
2024-12-06T19:27:00Z,97.00,99.00,93.67,65.23,5.00,2.00,1.00,2.00,1.00,1.00,1.00,1.16
2024-12-06T19:32:00Z,97.00,99.00,93.67,65.23,5.00,2.00,1.00,2.00,1.00,1.00,1.00,1.16
2024-12-06T19:36:00Z,97.00,99.00,93.67,65.23,5.00,2.00,1.00,2.00,1.00,1.00,1.00,1.16
2024-12-06T19:39:00Z,97.00,99.00,97.16,65.23,5.00,2.00,1.00,2.00,1.00,1.00,1.00,1.16
2024-12-06T19:40:00Z,97.00,99.00,93.00,65.23,5.00,2.00,1.00,2.00,1.00,1.00,1.00,1.16
2024-12-06T19:42:00Z,97.00,99.00,93.00,65.23,4.00,2.00,1.00,2.00,1.00,1.00,1.00,1.16
2024-12-06T20:01:00Z,97.00,99.00,93.00,65.23,5.69,2.00,1.00,2.00,1.00,1.00,1.00,1.16
2024-12-06T20:30:00Z,97.00,99.00,93.00,65.23,6.00,2.00,1.00,2.00,1.00,1.00,1.00,1.16
2024-12-06T20:37:00Z,97.00,99.00,93.00,65.23,5.00,2.00,1.00,2.00,1.00,1.00,1.00,1.16
2024-12-06T21:09:00Z,97.00,99.00,93.00,71.00,5.00,2.00,1.00,2.00,1.00,1.00,1.00,1.16
2024-12-06T21:11:00Z,97.00,99.00,93.00,70.32,4.00,2.00,1.00,2.00,1.00,1.00,1.00,1.16
2024-12-06T21:14:00Z,97.00,99.00,93.00,73.63,4.00,2.00,1.00,2.00,1.00,1.00,1.00,1.16
2024-12-06T21:18:00Z,97.00,99.00,93.00,73.63,6.00,2.00,1.00,2.00,1.00,1.00,1.00,1.16
2024-12-06T21:21:00Z,97.00,99.00,93.00,73.63,6.00,2.00,1.00,2.00,1.00,1.00,1.00,1.16
2024-12-06T21:31:00Z,97.00,99.00,93.00,77.11,6.20,2.00,1.00,2.00,1.00,1.00,1.00,1.16
2024-12-06T21:46:00Z,97.00,99.00,93.00,71.00,6.20,2.00,1.00,2.00,1.00,1.00,1.00,1.16
2024-12-06T21:47:00Z,97.00,99.00,93.00,71.00,6.20,2.00,1.00,2.00,1.00,1.00,1.00,1.16
2024-12-06T21:49:00Z,97.00,99.00,93.00,71.00,4.00,2.00,1.00,2.00,1.00,1.00,1.00,1.16
2024-12-06T21:51:00Z,97.00,99.00,93.00,71.00,6.00,2.00,1.00,2.00,1.00,1.00,1.00,1.16
2024-12-06T21:52:00Z,97.00,99.00,97.00,71.00,6.00,2.00,1.00,2.00,1.00,1.00,1.00,1.16
2024-12-06T22:03:00Z,97.00,99.00,97.00,71.00,6.00,2.00,1.00,2.00,1.00,1.00,1.00,1.16
2024-12-06T22:05:00Z,97.00,99.00,94.00,71.00,6.00,2.00,1.00,2.00,1.00,1.00,1.00,1.16
2024-12-06T22:07:00Z,97.00,99.00,94.00,71.00,6.00,2.00,1.00,2.00,1.00,1.00,1.00,1.16
2024-12-06T22:08:00Z,97.00,99.00,94.00,71.00,6.00,3.54,1.00,2.00,1.00,1.00,1.00,1.16
2024-12-06T22:09:00Z,97.00,99.00,94.00,71.00,6.00,3.54,1.00,2.00,1.00,1.00,1.00,1.16
2024-12-06T22:11:00Z,97.00,99.00,94.00,71.00,6.00,3.54,1.00,2.00,1.00,1.00,1.00,1.16
2024-12-06T22:16:00Z,97.00,99.00,94.00,62.01,6.00,3.54,1.00,2.00,1.00,1.00,1.00,1.16
2024-12-06T22:17:00Z,97.00,99.00,94.00,67.00,6.00,3.54,1.00,2.00,1.00,1.00,1.00,1.16
2024-12-06T22:19:00Z,97.00,99.00,94.00,57.20,6.00,3.54,1.00,2.00,1.00,1.00,1.00,1.16
2024-12-06T22:20:00Z,97.00,99.00,94.00,67.00,6.00,3.54,1.00,2.00,1.00,1.00,1.00,1.16
2024-12-06T22:21:00Z,97.00,99.00,94.00,67.00,6.00,3.54,1.00,2.00,1.00,1.00,1.00,1.16
2024-12-06T22:26:00Z,97.00,99.00,94.00,65.00,6.00,3.54,1.00,2.00,1.00,1.00,1.00,1.16
2024-12-06T22:28:00Z,97.00,99.00,94.00,65.00,6.00,3.54,1.00,2.00,1.00,1.00,1.00,1.16
2024-12-06T22:29:00Z,97.00,99.00,94.00,65.00,6.00,3.54,1.00,2.00,1.00,1.00,1.00,1.16
2024-12-06T22:45:00Z,97.00,99.00,94.00,65.00,6.00,3.54,1.00,2.00,1.00,1.00,1.00,1.16
2024-12-06T22:47:00Z,97.00,99.00,94.00,65.00,6.00,3.54,1.00,2.00,1.00,1.00,1.00,1.16
2024-12-06T22:48:00Z,97.00,99.00,94.00,67.60,6.00,3.54,1.00,2.00,1.00,1.00,1.00,1.16
2024-12-06T22:50:00Z,97.00,99.00,94.00,67.60,6.26,3.54,1.00,2.00,1.00,1.00,1.00,1.16
2024-12-06T23:02:00Z,97.00,99.00,94.00,67.60,9.38,3.54,1.00,2.00,1.00,1.00,1.00,1.16
2024-12-06T23:10:00Z,97.00,99.00,94.00,69.30,9.00,3.54,1.00,2.00,1.00,1.00,1.00,1.16
2024-12-06T23:14:00Z,97.00,99.00,94.00,69.30,9.00,4.00,1.00,2.00,1.00,1.00,1.00,1.16
2024-12-06T23:15:00Z,97.00,99.00,94.00,69.30,9.00,4.00,1.00,2.00,1.00,1.00,1.00,1.16
2024-12-06T23:20:00Z,97.00,99.00,94.00,69.30,11.04,4.00,1.00,2.00,1.00,1.00,1.00,1.16
2024-12-06T23:22:00Z,97.00,99.00,94.00,74.00,11.04,4.00,1.00,2.00,1.00,1.00,1.00,1.16
2024-12-06T23:24:00Z,97.00,99.00,94.00,74.00,10.00,4.00,1.00,2.00,1.00,1.00,1.00,1.16
2024-12-06T23:28:00Z,97.00,99.00,94.00,74.00,10.00,4.00,1.00,2.00,1.00,1.00,1.00,1.16
2024-12-06T23:35:00Z,97.00,99.00,94.00,74.00,10.00,4.00,1.00,2.00,1.00,1.00,1.00,1.16
2024-12-06T23:37:00Z,97.00,99.00,94.00,74.85,10.00,4.00,1.00,2.00,1.00,1.00,1.00,1.16
2024-12-06T23:38:00Z,97.00,99.00,94.00,74.85,10.00,4.00,1.00,2.00,1.00,1.00,1.00,1.16
2024-12-06T23:48:00Z,97.00,99.00,94.00,79.00,10.00,4.00,1.00,2.00,1.00,1.00,1.00,1.16
2024-12-06T23:50:00Z,97.00,99.00,94.00,79.00,10.00,4.00,1.00,2.00,1.00,1.00,1.00,1.16
2024-12-06T23:53:00Z,97.00,99.00,94.00,78.00,10.00,4.00,1.00,2.00,1.00,1.00,1.00,1.16
2024-12-06T23:59:00Z,97.00,99.00,94.00,79.00,10.00,4.00,1.00,2.00,1.00,1.00,1.00,1.16
2024-12-07T00:00:00Z,97.00,99.00,94.00,79.00,11.00,4.00,1.00,2.00,1.00,1.00,1.00,1.16
2024-12-07T00:09:00Z,97.00,99.00,94.00,79.00,8.84,4.00,1.00,2.00,1.00,1.00,1.00,1.16
2024-12-07T00:15:00Z,97.00,99.00,94.00,73.00,8.84,4.00,1.00,2.00,1.00,1.00,1.00,1.16
2024-12-07T00:17:00Z,97.00,99.00,94.00,73.00,11.00,4.00,1.00,2.00,1.00,1.00,1.00,1.16
2024-12-07T00:18:00Z,97.00,99.00,94.00,73.00,11.75,4.00,1.00,2.00,1.00,1.00,1.00,1.16
2024-12-07T00:19:00Z,97.00,99.00,94.00,73.00,12.31,4.00,1.00,2.00,1.00,1.00,1.00,1.16
2024-12-07T00:20:00Z,97.00,99.00,94.00,73.00,12.98,4.00,1.00,2.00,1.00,1.00,1.00,1.16
2024-12-07T00:26:00Z,97.00,99.00,94.00,73.00,13.00,4.00,1.00,2.00,1.00,1.00,1.00,1.16
2024-12-07T00:28:00Z,97.00,99.00,94.00,73.00,13.00,4.00,1.00,2.00,1.00,1.00,1.00,1.16
2024-12-07T00:50:00Z,97.00,99.00,94.00,73.00,10.00,4.00,1.00,2.00,1.00,1.00,1.00,1.16
2024-12-07T00:55:00Z,97.00,99.00,94.00,73.00,12.00,4.00,1.00,2.00,1.00,1.00,1.00,1.16
2024-12-07T00:56:00Z,97.00,99.00,94.00,73.00,12.22,4.00,1.00,2.00,1.00,1.00,1.00,1.16
2024-12-07T00:59:00Z,97.00,99.00,94.00,73.00,13.00,4.00,1.00,2.00,1.00,1.00,1.00,1.16
2024-12-07T01:07:00Z,97.00,99.00,94.00,73.00,12.00,4.00,1.00,2.00,1.00,1.00,1.00,1.16
2024-12-07T01:14:00Z,97.00,99.00,94.00,74.34,12.00,4.00,1.00,2.00,1.00,1.00,1.00,1.16
2024-12-07T01:15:00Z,97.00,99.00,94.00,74.00,12.00,4.00,1.00,2.00,1.00,1.00,1.00,1.16
2024-12-07T01:23:00Z,97.00,99.00,94.00,77.40,12.00,4.00,1.00,2.00,1.00,1.00,1.00,1.16
2024-12-07T01:31:00Z,97.00,99.00,94.00,74.00,12.00,4.00,1.00,2.00,1.00,1.00,1.00,1.16
2024-12-07T01:37:00Z,97.00,99.00,94.00,74.00,13.00,4.00,1.00,2.00,1.00,1.00,1.00,1.16
2024-12-07T01:43:00Z,97.00,99.00,94.00,74.00,13.00,4.00,1.00,2.00,1.00,1.00,1.00,1.16
2024-12-07T02:03:00Z,97.00,99.00,94.00,74.00,13.00,4.00,1.00,2.00,1.00,1.00,1.00,1.16
2024-12-07T02:10:00Z,97.00,99.00,94.00,80.00,13.00,4.00,1.00,2.00,1.00,1.00,1.00,1.16
2024-12-07T02:20:00Z,97.00,99.00,94.00,80.00,13.99,4.00,1.00,2.00,1.00,1.00,1.00,1.16
2024-12-07T02:21:00Z,97.00,99.00,94.12,80.00,13.99,4.00,1.00,2.00,1.00,1.00,1.00,1.16
2024-12-07T02:34:00Z,97.00,99.00,94.12,80.00,13.99,4.00,1.00,2.00,1.00,1.00,1.00,1.16
2024-12-07T02:39:00Z,97.00,99.00,94.12,81.50,13.99,4.00,1.00,2.00,1.00,1.00,1.00,1.16
2024-12-07T02:41:00Z,97.00,99.00,98.00,81.50,13.99,4.00,1.00,2.00,1.00,1.00,1.00,1.16
2024-12-07T02:47:00Z,97.00,99.00,98.00,81.50,13.99,4.00,1.00,2.00,1.00,1.00,1.00,1.16
2024-12-07T02:55:00Z,97.00,99.00,98.00,81.50,12.00,4.00,1.00,2.00,1.00,1.00,1.00,1.16
2024-12-07T03:29:00Z,97.00,99.00,98.00,84.55,12.00,4.00,1.00,2.00,1.00,1.00,1.00,1.16
2024-12-07T03:50:00Z,97.00,99.00,98.00,84.55,12.72,4.00,1.00,2.00,1.00,1.00,1.00,1.16
2024-12-07T03:52:00Z,97.00,99.00,98.00,88.00,12.72,4.00,1.00,2.00,1.00,1.00,1.00,1.16
2024-12-07T04:16:00Z,97.00,99.00,98.00,88.00,12.72,2.00,1.00,2.00,1.00,1.00,1.00,1.16
2024-12-07T04:40:00Z,97.00,99.00,98.00,88.00,10.00,2.00,1.00,2.00,1.00,1.00,1.00,1.16
2024-12-07T04:53:00Z,97.00,99.00,98.00,88.00,10.00,2.00,1.00,2.00,1.00,1.00,1.00,1.16
2024-12-07T05:09:00Z,97.00,99.00,98.00,88.00,10.00,1.00,1.00,2.00,1.00,1.00,1.00,1.16
2024-12-07T06:09:00Z,97.00,99.00,98.00,88.00,11.00,1.00,1.00,2.00,1.00,1.00,1.00,1.16
2024-12-07T06:16:00Z,97.00,99.00,98.00,88.00,11.00,1.00,1.00,2.00,1.00,1.00,1.00,1.16
2024-12-07T06:23:00Z,97.00,99.00,98.00,88.00,11.00,1.00,1.00,2.00,1.00,1.00,1.00,1.16
2024-12-07T06:43:00Z,97.00,99.00,98.00,88.00,12.00,1.00,1.00,2.00,1.00,1.00,1.00,1.16
2024-12-07T07:12:00Z,97.00,99.00,98.00,88.00,12.00,1.00,1.00,2.00,1.00,1.00,1.00,1.16
2024-12-07T13:05:00Z,97.00,99.00,98.00,88.00,12.00,1.00,1.00,2.00,1.00,1.00,1.00,1.16
2024-12-07T13:37:00Z,97.00,99.00,98.00,88.00,12.00,1.00,1.00,2.00,1.00,1.00,1.00,1.16
2024-12-07T15:09:00Z,97.00,99.00,98.00,88.00,12.00,1.00,1.00,2.00,1.00,1.00,1.00,1.16
2024-12-07T15:12:00Z,97.00,99.00,98.00,88.00,12.00,1.00,1.00,2.00,1.00,1.00,1.00,1.16
2024-12-07T16:01:00Z,97.00,99.00,98.00,88.00,12.00,1.00,1.00,2.00,1.00,1.00,1.00,1.16
2024-12-07T16:16:00Z,97.00,99.00,98.00,88.00,12.00,1.00,1.00,2.00,1.00,1.00,1.00,1.16
2024-12-07T16:28:00Z,97.00,99.00,98.00,88.00,12.00,1.00,1.00,2.00,1.00,1.00,1.00,1.16
2024-12-07T16:46:00Z,97.00,99.00,99.00,88.00,12.00,1.00,1.00,2.00,1.00,1.00,1.00,1.16
2024-12-07T16:49:00Z,97.00,99.00,99.00,88.00,12.00,1.00,1.00,2.00,1.00,1.00,1.00,1.16
2024-12-07T16:53:00Z,97.00,99.00,98.00,88.00,12.00,1.00,1.00,2.00,1.00,1.00,1.00,1.16
2024-12-07T17:33:00Z,97.00,99.00,98.00,90.72,12.00,1.00,1.00,2.00,1.00,1.00,1.00,1.16
2024-12-07T17:41:00Z,97.00,99.00,98.00,90.72,12.00,1.00,1.00,2.00,1.00,1.00,1.00,1.16
2024-12-07T18:06:00Z,97.00,99.00,98.00,90.72,12.00,1.00,1.00,2.00,1.00,1.00,1.00,1.16
2024-12-07T18:20:00Z,97.00,99.00,98.00,90.00,12.00,1.00,1.00,2.00,1.00,1.00,1.00,1.16
2024-12-07T18:21:00Z,97.00,99.00,98.00,90.00,6.00,1.00,1.00,2.00,1.00,1.00,1.00,1.16
2024-12-07T18:22:00Z,97.00,99.00,98.00,90.00,4.83,1.00,1.00,2.00,1.00,1.00,1.00,1.16
2024-12-07T18:33:00Z,97.00,99.00,98.00,90.00,8.00,1.00,1.00,2.00,1.00,1.00,1.00,1.16
2024-12-07T18:50:00Z,97.00,99.00,98.00,90.00,5.00,1.00,1.00,2.00,1.00,1.00,1.00,1.16
2024-12-07T20:04:00Z,97.00,99.00,98.00,90.00,3.33,1.00,1.00,2.00,1.00,1.00,1.00,1.16
2024-12-07T20:09:00Z,97.00,99.00,98.00,90.00,3.00,1.00,1.00,2.00,1.00,1.00,1.00,1.16
2024-12-07T20:41:00Z,97.00,99.00,99.00,91.47,3.00,1.00,1.00,2.00,1.00,1.00,1.00,1.16
2024-12-07T21:06:00Z,97.00,99.00,99.00,92.00,3.00,1.00,1.00,2.00,1.00,1.00,1.00,1.16
2024-12-07T22:05:00Z,97.00,99.00,99.00,92.00,3.00,1.00,1.00,2.00,1.00,1.00,1.00,1.16
2024-12-07T22:12:00Z,97.00,99.00,99.00,92.00,3.00,1.00,1.00,2.00,1.00,1.00,1.00,1.16
2024-12-07T22:15:00Z,97.00,99.00,99.00,92.00,5.00,1.00,1.00,2.00,1.00,1.00,1.00,1.16
2024-12-07T22:19:00Z,97.00,99.00,99.00,92.00,5.00,1.00,1.00,2.00,1.00,1.00,1.00,1.16
2024-12-07T22:59:00Z,97.00,99.00,99.00,91.00,5.00,1.00,1.00,2.00,1.00,1.00,1.00,1.16
2024-12-07T23:06:00Z,97.00,99.00,99.00,91.00,5.00,1.00,1.00,2.00,1.00,1.00,1.00,1.16
2024-12-07T23:34:00Z,97.00,99.00,99.00,91.93,5.00,1.00,1.00,2.00,1.00,1.00,1.00,1.16
2024-12-07T23:37:00Z,97.00,99.00,99.00,90.00,5.00,1.00,1.00,2.00,1.00,1.00,1.00,1.16
2024-12-07T23:38:00Z,97.00,99.00,99.00,93.09,5.00,1.00,1.00,2.00,1.00,1.00,1.00,1.16
2024-12-07T23:45:00Z,97.00,99.00,99.00,90.41,5.00,1.00,1.00,2.00,1.00,1.00,1.00,1.16
2024-12-08T00:07:00Z,97.00,99.00,99.00,91.00,5.00,1.00,1.00,2.00,1.00,1.00,1.00,1.16
2024-12-08T00:14:00Z,97.00,99.00,99.00,91.00,5.00,1.00,1.00,2.00,1.00,1.00,1.00,1.16
2024-12-08T00:52:00Z,97.00,99.00,99.00,94.00,5.00,1.00,1.00,2.00,1.00,1.00,1.00,1.16
2024-12-08T01:52:00Z,97.00,99.00,99.00,91.86,5.00,1.00,1.00,2.00,1.00,1.00,1.00,1.16
2024-12-08T03:52:00Z,97.00,99.00,99.00,91.86,2.33,1.00,1.00,2.00,1.00,1.00,1.00,1.16
2024-12-08T04:09:00Z,97.00,99.00,99.00,94.00,2.33,1.00,1.00,2.00,1.00,1.00,1.00,1.16
2024-12-08T04:40:00Z,97.00,99.00,99.00,95.91,2.33,1.00,1.00,2.00,1.00,1.00,1.00,1.16
2024-12-08T05:52:00Z,97.00,99.00,99.00,95.91,2.33,1.00,1.00,2.00,1.00,1.00,1.00,1.16
2024-12-08T06:16:00Z,97.00,99.00,99.00,95.91,4.00,1.00,1.00,2.00,1.00,1.00,1.00,1.16
2024-12-08T06:17:00Z,97.00,99.00,99.00,94.11,4.00,1.00,1.00,2.00,1.00,1.00,1.00,1.16
2024-12-08T13:02:00Z,97.00,99.00,99.00,94.58,1.54,1.00,1.00,2.00,1.00,1.00,1.00,1.16
2024-12-08T13:08:00Z,97.00,99.00,99.00,94.14,1.54,1.00,1.00,2.00,1.00,1.00,1.00,1.16
2024-12-08T13:10:00Z,97.00,99.00,99.00,91.18,1.54,1.00,1.00,2.00,1.00,1.00,1.00,1.16
2024-12-08T13:28:00Z,97.00,99.00,99.00,91.18,3.48,1.00,1.00,2.00,1.00,1.00,1.00,1.16
2024-12-08T13:42:00Z,97.00,99.00,99.00,98.00,3.48,1.00,1.00,2.00,1.00,1.00,1.00,1.16
2024-12-08T16:03:00Z,97.00,99.00,99.00,96.00,3.48,1.00,1.00,2.00,1.00,1.00,1.00,1.16
2024-12-08T16:10:00Z,97.00,99.00,99.00,96.00,3.48,1.00,1.00,2.00,1.00,1.00,1.00,1.16
2024-12-08T16:37:00Z,97.00,99.00,99.00,96.00,4.00,1.00,1.00,2.00,1.00,1.00,1.00,1.16
2024-12-08T17:19:00Z,97.00,99.00,99.00,96.00,4.00,1.00,1.00,2.00,1.00,1.00,1.00,1.16
2024-12-08T17:20:00Z,97.00,99.00,99.00,96.00,4.00,1.00,1.00,2.00,1.00,1.00,1.00,1.16
2024-12-08T17:44:00Z,97.00,99.00,99.00,98.00,4.00,1.00,1.00,2.00,1.00,1.00,1.00,1.16
2024-12-08T20:19:00Z,97.00,99.00,99.00,98.00,1.00,1.00,1.00,2.00,1.00,1.00,1.00,1.16
2024-12-08T20:21:00Z,97.00,99.00,99.00,98.00,3.00,1.00,1.00,2.00,1.00,1.00,1.00,1.16
2024-12-08T20:34:00Z,97.00,99.00,99.00,99.00,3.00,1.00,1.00,2.00,1.00,1.00,1.00,1.16
2024-12-08T20:35:00Z,97.00,99.00,99.00,99.00,3.00,1.00,1.00,2.00,1.00,1.00,1.00,1.16
2024-12-08T21:01:00Z,97.00,99.00,99.00,99.00,3.00,1.00,1.00,2.00,1.00,1.00,1.00,1.16
2024-12-08T21:11:00Z,97.00,99.00,99.00,99.00,1.00,1.00,1.00,2.00,1.00,1.00,1.00,1.16
2024-12-08T21:38:00Z,97.00,99.00,99.00,96.92,1.00,1.00,1.00,2.00,1.00,1.00,1.00,1.16
2024-12-08T21:58:00Z,97.00,99.00,99.00,96.92,1.00,1.00,1.00,2.00,1.00,1.00,1.00,1.16
2024-12-08T22:15:00Z,97.00,99.00,99.00,96.92,1.00,1.00,1.00,2.00,1.00,1.00,1.00,1.16
2024-12-08T22:34:00Z,97.00,99.00,99.00,96.92,4.40,1.00,1.00,2.00,1.00,1.00,1.00,1.16
2024-12-08T23:03:00Z,97.00,99.00,99.00,96.92,1.00,1.00,1.00,2.00,1.00,1.00,1.00,1.16
2024-12-08T23:07:00Z,97.00,99.00,99.00,96.92,4.00,1.00,1.00,2.00,1.00,1.00,1.00,1.16
2024-12-08T23:40:00Z,97.00,99.00,99.00,96.92,1.00,1.00,1.00,2.00,1.00,1.00,1.00,1.16
2024-12-08T23:58:00Z,97.00,99.00,99.00,96.92,4.00,1.00,1.00,2.00,1.00,1.00,1.00,1.16
2024-12-08T23:59:00Z,97.00,99.00,99.00,99.00,4.00,1.00,1.00,2.00,1.00,1.00,1.00,1.16
2024-12-09T00:01:00Z,97.00,99.00,99.00,98.00,4.00,1.00,1.00,2.00,1.00,1.00,1.00,1.16
2024-12-09T00:12:00Z,97.00,99.00,99.00,97.00,3.00,1.00,1.00,2.00,1.00,1.00,1.00,1.16
2024-12-09T00:32:00Z,97.00,99.00,99.00,99.00,3.00,1.00,1.00,2.00,1.00,1.00,1.00,1.16
2024-12-09T01:00:00Z,97.00,99.00,99.00,99.00,3.00,1.00,1.00,2.00,1.00,1.00,1.00,1.16
2024-12-09T01:45:00Z,97.00,99.00,99.00,99.00,2.00,1.00,1.00,2.00,1.00,1.00,1.00,1.16
2024-12-09T02:23:00Z,97.00,99.00,99.00,99.00,2.00,1.00,1.00,2.00,1.00,1.00,1.00,1.16
2024-12-09T02:48:00Z,97.00,99.00,99.00,98.00,2.00,1.00,1.00,2.00,1.00,1.00,1.00,1.16
2024-12-09T03:04:00Z,97.00,99.00,99.00,99.00,2.00,1.00,1.00,2.00,1.00,1.00,1.00,1.16
2024-12-09T03:48:00Z,97.00,99.00,99.00,99.00,1.00,1.00,1.00,2.00,1.00,1.00,1.00,1.16
2024-12-09T03:51:00Z,97.00,99.00,99.00,98.00,1.00,1.00,1.00,2.00,1.00,1.00,1.00,1.16
2024-12-09T04:09:00Z,97.00,99.00,99.00,98.00,1.00,1.00,1.00,2.00,1.00,1.00,1.00,1.16
2024-12-09T04:18:00Z,97.00,99.00,99.00,98.00,1.00,1.00,1.00,2.00,1.00,1.00,1.00,1.16
2024-12-09T04:24:00Z,97.00,99.00,99.00,98.00,1.86,1.00,1.00,2.00,1.00,1.00,1.00,1.16
2024-12-09T05:08:00Z,97.00,99.00,99.00,99.00,1.00,1.00,1.00,2.00,1.00,1.00,1.00,1.16
2024-12-09T05:29:00Z,97.00,99.00,99.00,99.00,1.00,1.00,1.00,2.00,1.00,1.00,1.00,1.16
2024-12-09T05:37:00Z,97.00,99.00,99.00,98.00,1.00,1.00,1.00,2.00,1.00,1.00,1.00,1.16
2024-12-09T06:14:00Z,97.00,99.00,99.00,98.00,2.00,1.00,1.00,2.00,1.00,1.00,1.00,1.16
2024-12-09T07:32:00Z,97.00,99.00,99.00,98.00,2.00,1.00,1.00,2.00,1.00,1.00,1.00,1.16
2024-12-09T07:33:00Z,97.00,99.00,99.00,98.00,2.00,1.00,1.00,2.00,1.00,1.00,1.00,1.16
2024-12-09T07:54:00Z,97.00,99.00,99.00,99.00,2.00,1.00,1.00,2.00,1.00,1.00,1.00,1.16
2024-12-09T07:55:00Z,97.00,99.00,99.00,99.00,2.00,1.00,1.00,2.00,1.00,1.00,1.00,1.16
2024-12-09T13:01:00Z,97.00,99.00,99.00,99.00,2.00,1.00,1.00,2.00,1.00,1.00,1.00,1.16
2024-12-09T13:09:00Z,97.00,99.00,99.00,99.00,2.00,1.00,1.00,2.00,1.00,1.00,1.00,1.16
2024-12-09T13:11:00Z,97.00,99.00,99.00,99.00,2.00,1.00,1.00,2.00,1.00,1.00,1.00,1.16
2024-12-09T13:12:00Z,97.00,99.00,99.00,99.00,2.00,1.00,1.00,2.00,1.00,1.00,1.00,1.16
2024-12-09T13:13:00Z,97.00,99.00,99.00,99.00,2.00,1.00,1.00,2.00,1.00,1.00,1.00,1.16
2024-12-09T13:33:00Z,97.00,99.00,99.00,99.00,1.00,1.00,1.00,2.00,1.00,1.00,1.00,1.16
2024-12-09T13:51:00Z,97.00,99.00,99.00,99.00,1.00,1.00,1.00,2.00,1.00,1.00,1.00,1.16
2024-12-09T13:54:00Z,97.00,99.00,98.94,99.00,1.00,1.00,1.00,2.00,1.00,1.00,1.00,1.16
2024-12-09T14:22:00Z,97.00,99.00,98.94,99.00,1.00,1.00,1.00,2.00,1.00,1.00,1.00,1.16